linha;serie;clube_id;jogador_chave;clube;clube_curto;jogador;posicao;setor;forca;idade;valor_brl;pe;numero;nacionalidade;moral;energia;homonimo;no_patch;salario_semanal
1;A;679;679|alinelima;Furacão do Sul;Furacão do Sul;Aline Lima;CA;ATT;81;28;74490000;R;9;Brasil;70;100;;editado;458000
2;A;679;679|beatrizbarbosa;Furacão do Sul;Furacão do Sul;Beatriz Barbosa;PD;ATT;78;19;53840000;L;48;Brasil;70;100;;editado;380000
3;A;679;679|amandabezerra;Furacão do Sul;Furacão do Sul;Amanda Bezerra;LAE;DEF;78;33;45990000;L;37;Brasil;70;100;;editado;380000
4;A;679;679|kellyfreitas;Furacão do Sul;Furacão do Sul;Kelly Freitas;MC;MID;76;26;54980000;R;27;Brasil;70;100;;editado;340000
5;A;679;679|larissamelo;Furacão do Sul;Furacão do Sul;Larissa Melo;MEI;MID;76;28;53480000;L;53;Brasil;70;100;;editado;340000
6;A;679;679|vanessabarbosa;Furacão do Sul;Furacão do Sul;Vanessa Barbosa;MEI;MID;75;34;35960000;R;10;Brasil;70;100;;editado;320000
7;A;679;679|vitoriacavalcanti;Furacão do Sul;Furacão do Sul;Vitória Cavalcanti;LAD;DEF;74;21;43650000;R;29;Brasil;70;100;;editado;300000
8;A;679;679|raquelvieira;Furacão do Sul;Furacão do Sul;Raquel Vieira;ZAG;DEF;73;31;37310000;L;4;Brasil;70;100;;editado;280000
9;A;679;679|sandrapereira;Furacão do Sul;Furacão do Sul;Sandra Pereira;MEI;MID;73;23;42190000;B;47;Brasil;70;100;;editado;280000
10;A;679;679|talitacardoso;Furacão do Sul;Furacão do Sul;Talita Cardoso;LAE;DEF;71;25;37100000;L;6;Brasil;70;100;;editado;240000
11;A;679;679|sandraandrade;Furacão do Sul;Furacão do Sul;Sandra Andrade;LAD;DEF;70;21;31180000;R;12;Brasil;70;100;;editado;220000
12;A;679;679|jessicafarias;Furacão do Sul;Furacão do Sul;Jéssica Farias;MC;MID;70;32;27120000;R;8;Brasil;70;100;;editado;220000
13;A;679;679|gislainemoreira;Furacão do Sul;Furacão do Sul;Gislaine Moreira;CA;ATT;70;34;23980000;R;7;Brasil;70;100;;editado;220000
14;A;679;679|cristinaferreira;Furacão do Sul;Furacão do Sul;Cristina Ferreira;GOL;GK;70;20;30550000;L;1;Brasil;70;100;;editado;220000
15;A;679;679|biancamonteiro;Furacão do Sul;Furacão do Sul;Bianca Monteiro;ZAG;DEF;70;33;25550000;R;22;Brasil;70;100;;editado;220000
16;A;679;679|vanessapinto;Furacão do Sul;Furacão do Sul;Vanessa Pinto;LAD;DEF;70;26;34360000;R;2;Brasil;70;100;;editado;220000
17;A;679;679|sandradias;Furacão do Sul;Furacão do Sul;Sandra Dias;CA;ATT;68;32;24490000;R;70;Brasil;70;100;;editado;202000
18;A;679;679|elainearaujo;Furacão do Sul;Furacão do Sul;Elaine Araújo;ZAG;DEF;68;27;31600000;R;33;Brasil;70;100;;editado;202000
19;A;679;679|yasminmoreira;Furacão do Sul;Furacão do Sul;Yasmin Moreira;PE;ATT;66;29;25660000;R;11;Brasil;70;100;;editado;184000
20;A;679;679|kellynascimento;Furacão do Sul;Furacão do Sul;Kelly Nascimento;ZAG;DEF;66;22;25640000;L;3;Brasil;70;100;;editado;184000
21;A;679;679|paulalima;Furacão do Sul;Furacão do Sul;Paula Lima;MC;MID;65;25;25540000;R;16;Brasil;70;100;;editado;175000
22;A;679;679|carlaribeiro;Furacão do Sul;Furacão do Sul;Carla Ribeiro;MC;MID;65;20;23130000;L;5;Brasil;70;100;;editado;175000
23;A;679;679|beatrizcarvalho;Furacão do Sul;Furacão do Sul;Beatriz Carvalho;PD;ATT;63;32;17900000;L;21;Brasil;70;100;;editado;157000
24;A;679;679|thaiscarvalho;Furacão do Sul;Furacão do Sul;Thaís Carvalho;MC;MID;63;21;20580000;R;17;Brasil;70;100;;editado;157000
25;A;679;679|kellyxavier;Furacão do Sul;Furacão do Sul;Kelly Xavier;LAD;DEF;63;28;22060000;R;30;Brasil;70;100;;editado;157000
26;A;679;679|lorenarocha;Furacão do Sul;Furacão do Sul;Lorena Rocha;PE;ATT;61;33;14380000;L;7;Brasil;70;100;;editado;139000
27;A;679;679|luanarodrigues;Furacão do Sul;Furacão do Sul;Luana Rodrigues;LAD;DEF;60;34;12330000;R;37;Brasil;70;100;;editado;130000
28;A;679;679|robertaguimaraes;Furacão do Sul;Furacão do Sul;Roberta Guimarães;PE;ATT;60;21;16040000;R;33;Brasil;70;100;;editado;130000
29;A;679;679|marciabatista;Furacão do Sul;Furacão do Sul;Márcia Batista;GOL;GK;59;22;15550000;R;23;Brasil;70;100;;editado;124800
30;A;679;679|jessicapereira;Furacão do Sul;Furacão do Sul;Jéssica Pereira;PE;ATT;57;21;13630000;L;8;Brasil;70;100;;editado;114400
31;A;330;330|danielaaraujo;Alvinegro Mineiro;Alvinegro Mineiro;Daniela Araújo;LAE;DEF;81;28;74490000;L;16;Brasil;70;100;;editado;458000
32;A;330;330|carlanascimento;Alvinegro Mineiro;Alvinegro Mineiro;Carla Nascimento;CA;ATT;79;20;58040000;R;9;Brasil;70;100;;editado;400000
33;A;330;330|valentinacorreia;Alvinegro Mineiro;Alvinegro Mineiro;Valentina Correia;MC;MID;78;24;59560000;L;30;Brasil;70;100;;editado;380000
34;A;330;330|paulamonteiro;Alvinegro Mineiro;Alvinegro Mineiro;Paula Monteiro;PE;ATT;77;33;43440000;R;28;Brasil;70;100;;editado;360000
35;A;330;330|re;Alvinegro Mineiro;Alvinegro Mineiro;Rê;VOL;MID;77;27;59500000;L;5;Brasil;70;100;;editado;360000
36;A;330;330|ingridcosta;Alvinegro Mineiro;Alvinegro Mineiro;Ingrid Costa;LAD;DEF;75;32;40690000;R;2;Brasil;70;100;;editado;320000
37;A;330;330|cristinasilva;Alvinegro Mineiro;Alvinegro Mineiro;Cristina Silva;MEI;MID;75;24;49640000;L;10;Brasil;70;100;;editado;320000
38;A;330;330|danielagomes;Alvinegro Mineiro;Alvinegro Mineiro;Daniela Gomes;MC;MID;75;23;48680000;R;21;Brasil;70;100;;editado;320000
39;A;330;330|adrizinha;Alvinegro Mineiro;Alvinegro Mineiro;Adrizinha;ZAG;DEF;75;27;52500000;R;13;Brasil;70;100;;editado;320000
40;A;330;330|mariamelo;Alvinegro Mineiro;Alvinegro Mineiro;Maria Melo;ZAG;DEF;75;24;49640000;R;4;Brasil;70;100;;editado;320000
41;A;330;330|helenaaraujo;Alvinegro Mineiro;Alvinegro Mineiro;Helena Araújo;LAD;DEF;74;30;42380000;R;23;Brasil;70;100;;editado;300000
42;A;330;330|ingridcarvalho;Alvinegro Mineiro;Alvinegro Mineiro;Ingrid Carvalho;PD;ATT;73;33;33220000;R;27;Brasil;70;100;;editado;280000
43;A;330;330|isabelafarias;Alvinegro Mineiro;Alvinegro Mineiro;Isabela Farias;VOL;MID;73;24;43020000;R;25;Brasil;70;100;;editado;280000
44;A;330;330|leticiadias;Alvinegro Mineiro;Alvinegro Mineiro;Letícia Dias;ZAG;DEF;71;32;29840000;R;15;Brasil;70;100;;editado;240000
45;A;330;330|luizapereira;Alvinegro Mineiro;Alvinegro Mineiro;Luíza Pereira;MEI;MID;71;19;32900000;R;17;Brasil;70;100;;editado;240000
46;A;330;330|rafaelatavares;Alvinegro Mineiro;Alvinegro Mineiro;Rafaela Tavares;MEI;MID;70;28;33420000;R;19;Brasil;70;100;;editado;220000
47;A;330;330|isabelaalmeida;Alvinegro Mineiro;Alvinegro Mineiro;Isabela Almeida;MC;MID;70;31;28700000;L;8;Brasil;70;100;;editado;220000
48;A;330;330|jessicacosta;Alvinegro Mineiro;Alvinegro Mineiro;Jéssica Costa;ZAG;DEF;68;29;28760000;R;3;Brasil;70;100;;editado;202000
49;A;330;330|gislainesilva;Alvinegro Mineiro;Alvinegro Mineiro;Gislaine Silva;ZAG;DEF;68;31;25910000;L;6;Brasil;70;100;;editado;202000
50;A;330;330|jaquelinebarbosa;Alvinegro Mineiro;Alvinegro Mineiro;Jaqueline Barbosa;VOL;MID;68;31;25910000;L;20;Brasil;70;100;;editado;202000
51;A;330;330|anaaraujo;Alvinegro Mineiro;Alvinegro Mineiro;Ana Araújo;MC;MID;65;22;24090000;R;39;Brasil;70;100;;editado;175000
52;A;330;330|helenaferreira;Alvinegro Mineiro;Alvinegro Mineiro;Helena Ferreira;GOL;GK;64;23;23000000;R;22;Brasil;70;100;;editado;166000
53;A;330;330|adrianalima;Alvinegro Mineiro;Alvinegro Mineiro;Adriana Lima;PE;ATT;63;28;22060000;R;92;Brasil;70;100;;editado;157000
54;A;330;330|valentinacavalcanti;Alvinegro Mineiro;Alvinegro Mineiro;Valentina Cavalcanti;PE;ATT;61;31;16150000;R;11;Brasil;70;100;;editado;139000
55;A;330;330|nataliaribeiro;Alvinegro Mineiro;Alvinegro Mineiro;Natália Ribeiro;GOL;GK;61;26;19340000;R;46;Brasil;70;100;;editado;139000
56;A;330;330|kellysantos;Alvinegro Mineiro;Alvinegro Mineiro;Kelly Santos;SA;ATT;60;19;15380000;R;29;Brasil;70;100;;editado;130000
57;A;330;330|fabianavieira;Alvinegro Mineiro;Alvinegro Mineiro;Fabiana Vieira;ZAG;DEF;60;30;15570000;L;14;Brasil;70;100;;editado;130000
58;A;330;330|robertalima;Alvinegro Mineiro;Alvinegro Mineiro;Roberta Lima;LAE;DEF;60;25;17350000;L;36;Brasil;70;100;;editado;130000
59;A;330;330|elainemachado;Alvinegro Mineiro;Alvinegro Mineiro;Elaine Machado;ZAG;DEF;59;28;16330000;R;34;Brasil;70;100;;editado;124800
60;A;330;330|beatrizpinto;Alvinegro Mineiro;Alvinegro Mineiro;Beatriz Pinto;ZAG;DEF;57;26;15020000;R;40;Brasil;70;100;;editado;114400
61;A;10010;10010|nathaliamonteiro;Tricolor Baiano;Tricolor Baiano;Nathalia Monteiro;LAE;DEF;83;31;77080000;L;46;Brasil;70;100;;editado;534000
62;A;10010;10010|jessicabarbosa;Tricolor Baiano;Tricolor Baiano;Jéssica Barbosa;MC;MID;83;19;80330000;R;6;Brasil;70;100;;editado;534000
63;A;10010;10010|renatasilva;Tricolor Baiano;Tricolor Baiano;Renata Silva;ZAG;DEF;82;21;76620000;L;21;Brasil;70;100;;editado;496000
64;A;10010;10010|cristinabarbosa;Tricolor Baiano;Tricolor Baiano;Cristina Barbosa;PE;ATT;81;34;53430000;R;16;Brasil;70;100;;editado;458000
65;A;10010;10010|eduardaguimaraes;Tricolor Baiano;Tricolor Baiano;Eduarda Guimarães;PE;ATT;79;19;56830000;B;52;Brasil;70;100;;editado;400000
66;A;10010;10010|lorenavieira;Tricolor Baiano;Tricolor Baiano;Lorena Vieira;VOL;MID;78;28;60160000;R;8;Brasil;70;100;;editado;380000
67;A;10010;10010|kellyvieira;Tricolor Baiano;Tricolor Baiano;Kelly Vieira;MC;MID;78;26;61850000;L;11;Brasil;70;100;;editado;380000
68;A;10010;10010|cristinabatista;Tricolor Baiano;Tricolor Baiano;Cristina Batista;VOL;MID;77;23;55170000;R;26;Brasil;70;100;;editado;360000
69;A;10010;10010|ingridmelo;Tricolor Baiano;Tricolor Baiano;Ingrid Melo;PD;ATT;76;23;51930000;R;99;Brasil;70;100;;editado;340000
70;A;10010;10010|sabrinatavares;Tricolor Baiano;Tricolor Baiano;Sabrina Tavares;CA;ATT;75;34;35960000;R;89;Brasil;70;100;;editado;320000
71;A;10010;10010|simonebezerra;Tricolor Baiano;Tricolor Baiano;Simone Bezerra;CA;ATT;75;27;52500000;R;9;Brasil;70;100;;editado;320000
72;A;10010;10010|larissateixeira;Tricolor Baiano;Tricolor Baiano;Larissa Teixeira;VOL;MID;75;23;48680000;R;14;Brasil;70;100;;editado;320000
73;A;10010;10010|beatrizsiqueira;Tricolor Baiano;Tricolor Baiano;Beatriz Siqueira;LAE;DEF;74;30;42380000;L;25;Brasil;70;100;;editado;300000
74;A;10010;10010|deboragomes;Tricolor Baiano;Tricolor Baiano;Débora Gomes;ZAG;DEF;73;19;38880000;R;4;Brasil;70;100;;editado;280000
75;A;10010;10010|patriciamonteiro;Tricolor Baiano;Tricolor Baiano;Patrícia Monteiro;PD;ATT;71;26;37800000;L;15;Brasil;70;100;;editado;240000
76;A;10010;10010|alinemonteiro;Tricolor Baiano;Tricolor Baiano;Aline Monteiro;PE;ATT;70;31;28700000;R;23;Brasil;70;100;;editado;220000
77;A;10010;10010|isabelabatista;Tricolor Baiano;Tricolor Baiano;Isabela Batista;GOL;GK;70;26;34360000;R;1;Brasil;70;100;;editado;220000
78;A;10010;10010|jessicacarvalho;Tricolor Baiano;Tricolor Baiano;Jéssica Carvalho;LAD;DEF;68;24;29880000;R;31;Brasil;70;100;;editado;202000
79;A;10010;10010|cami;Tricolor Baiano;Tricolor Baiano;Cami;ZAG;DEF;68;28;30180000;R;33;Brasil;70;100;;editado;202000
80;A;10010;10010|leticiabezerra;Tricolor Baiano;Tricolor Baiano;Letícia Bezerra;PD;ATT;66;24;26660000;L;7;Brasil;70;100;;editado;184000
81;A;10010;10010|fernandaribeiro;Tricolor Baiano;Tricolor Baiano;Fernanda Ribeiro;CA;ATT;66;21;25120000;R;12;Brasil;70;100;;editado;184000
82;A;10010;10010|priscilacarvalho;Tricolor Baiano;Tricolor Baiano;Priscila Carvalho;MEI;MID;65;28;25310000;L;10;Brasil;70;100;;editado;175000
83;A;10010;10010|kaki;Tricolor Baiano;Tricolor Baiano;Kaki;ZAG;DEF;64;21;22090000;R;3;Brasil;70;100;;editado;166000
84;A;10010;10010|fabianadias;Tricolor Baiano;Tricolor Baiano;Fabiana Dias;ZAG;DEF;61;33;14380000;L;43;Brasil;70;100;;editado;139000
85;A;10010;10010|julianavieira;Tricolor Baiano;Tricolor Baiano;Juliana Vieira;ZAG;DEF;59;27;17100000;R;44;Brasil;70;100;;editado;124800
86;A;10010;10010|paulacavalcanti;Tricolor Baiano;Tricolor Baiano;Paula Cavalcanti;LAE;DEF;59;30;14790000;L;66;Brasil;70;100;;editado;124800
87;A;10010;10010|larissasouza;Tricolor Baiano;Tricolor Baiano;Larissa Souza;CA;ATT;58;32;12560000;R;27;Brasil;70;100;;editado;119600
88;A;10010;10010|cristinadias;Tricolor Baiano;Tricolor Baiano;Cristina Dias;MEI;MID;57;20;13350000;B;80;Brasil;70;100;;editado;114400
89;A;10010;10010|fla;Tricolor Baiano;Tricolor Baiano;Flá;ZAG;DEF;55;28;12890000;L;83;Brasil;70;100;;editado;104000
90;A;10010;10010|renatacosta;Tricolor Baiano;Tricolor Baiano;Renata Costa;GOL;GK;54;20;11000000;R;61;Brasil;70;100;;editado;98800
91;A;537;537|sabrinapereira;Alvinegro Carioca;Alvinegro Carioca;Sabrina Pereira;MC;MID;89;19;121350000;L;8;Brasil;70;100;;editado;762000
92;A;537;537|sabrinamonteiro;Alvinegro Carioca;Alvinegro Carioca;Sabrina Monteiro;PE;ATT;81;25;75160000;R;10;Brasil;70;100;;editado;458000
93;A;537;537|ingridzinha;Alvinegro Carioca;Alvinegro Carioca;Ingridzinha;LAD;DEF;80;25;67450000;R;2;Brasil;70;100;;editado;420000
94;A;537;537|priscilabezerra;Alvinegro Carioca;Alvinegro Carioca;Priscila Bezerra;MC;MID;80;25;67450000;R;6;Brasil;70;100;;editado;420000
95;A;537;537|anacorreia;Alvinegro Carioca;Alvinegro Carioca;Ana Correia;CA;ATT;80;23;64910000;R;19;Brasil;70;100;;editado;420000
96;A;537;537|camilaaraujo;Alvinegro Carioca;Alvinegro Carioca;Camila Araújo;PE;ATT;77;29;54140000;R;11;Brasil;70;100;;editado;360000
97;A;537;537|danielaribeiro;Alvinegro Carioca;Alvinegro Carioca;Daniela Ribeiro;MEI;MID;77;19;50850000;R;23;Brasil;70;100;;editado;360000
98;A;537;537|helenamonteiro;Alvinegro Carioca;Alvinegro Carioca;Helena Monteiro;ZAG;DEF;75;22;47730000;R;5;Brasil;70;100;;editado;320000
99;A;537;537|flaviabarbosa;Alvinegro Carioca;Alvinegro Carioca;Flávia Barbosa;PD;ATT;75;32;40690000;R;16;Brasil;70;100;;editado;320000
100;A;537;537|isa;Alvinegro Carioca;Alvinegro Carioca;Isa;PD;ATT;73;28;43450000;R;17;Brasil;70;100;;editado;280000
101;A;537;537|flaviacorreia;Alvinegro Carioca;Alvinegro Carioca;Flávia Correia;VOL;MID;73;32;35260000;R;28;Brasil;70;100;;editado;280000
102;A;537;537|jaquelinefreitas;Alvinegro Carioca;Alvinegro Carioca;Jaqueline Freitas;LAE;DEF;72;23;38950000;L;13;Brasil;70;100;;editado;260000
103;A;537;537|patriciabatista;Alvinegro Carioca;Alvinegro Carioca;Patrícia Batista;GOL;GK;71;23;35700000;R;24;Brasil;70;100;;editado;240000
104;A;537;537|jessicasouza;Alvinegro Carioca;Alvinegro Carioca;Jéssica Souza;VOL;MID;71;20;33600000;L;12;Brasil;70;100;;editado;240000
105;A;537;537|jessicapeixoto;Alvinegro Carioca;Alvinegro Carioca;Jéssica Peixoto;MEI;MID;71;26;37800000;R;14;Brasil;70;100;;editado;240000
106;A;537;537|beatrizalmeida;Alvinegro Carioca;Alvinegro Carioca;Beatriz Almeida;CA;ATT;70;31;28700000;R;37;Brasil;70;100;;editado;220000
107;A;537;537|fernandasantos;Alvinegro Carioca;Alvinegro Carioca;Fernanda Santos;CA;ATT;70;25;33730000;R;38;Brasil;70;100;;editado;220000
108;A;537;537|micheleteixeira;Alvinegro Carioca;Alvinegro Carioca;Michele Teixeira;LAD;DEF;70;28;33420000;R;4;Brasil;70;100;;editado;220000
109;A;537;537|michelebatista;Alvinegro Carioca;Alvinegro Carioca;Michele Batista;ZAG;DEF;69;23;30880000;R;31;Brasil;70;100;;editado;211000
110;A;537;537|flaviamonteiro;Alvinegro Carioca;Alvinegro Carioca;Flávia Monteiro;PE;ATT;68;22;28730000;L;30;Brasil;70;100;;editado;202000
111;A;537;537|danizinha;Alvinegro Carioca;Alvinegro Carioca;Danizinha;CA;ATT;68;29;28760000;R;13;Brasil;70;100;;editado;202000
112;A;537;537|brunaaraujo;Alvinegro Carioca;Alvinegro Carioca;Bruna Araújo;PD;ATT;68;22;28730000;R;77;Brasil;70;100;;editado;202000
113;A;537;537|rafaelaribeiro;Alvinegro Carioca;Alvinegro Carioca;Rafaela Ribeiro;SA;ATT;68;23;29300000;R;30;Brasil;70;100;;editado;202000
114;A;537;537|deborapeixoto;Alvinegro Carioca;Alvinegro Carioca;Débora Peixoto;VOL;MID;65;28;25310000;R;55;Brasil;70;100;;editado;175000
115;A;537;537|cristinaandrade;Alvinegro Carioca;Alvinegro Carioca;Cristina Andrade;VOL;MID;65;29;24120000;R;25;Brasil;70;100;;editado;175000
116;A;537;537|gabrielavieira;Alvinegro Carioca;Alvinegro Carioca;Gabriela Vieira;ZAG;DEF;61;30;17040000;R;15;Brasil;70;100;;editado;139000
117;A;537;537|thaisbezerra;Alvinegro Carioca;Alvinegro Carioca;Thaís Bezerra;GOL;GK;59;21;15230000;R;1;Brasil;70;100;;editado;124800
118;A;537;537|camilaferreira;Alvinegro Carioca;Alvinegro Carioca;Camila Ferreira;GOL;GK;58;19;13840000;R;40;Brasil;70;100;;editado;119600
119;A;537;537|tatiananascimento;Alvinegro Carioca;Alvinegro Carioca;Tatiana Nascimento;ZAG;DEF;57;30;13230000;L;26;Brasil;70;100;;editado;114400
120;A;537;537|thaisfreitas;Alvinegro Carioca;Alvinegro Carioca;Thaís Freitas;VOL;MID;57;21;13630000;R;75;Brasil;70;100;;editado;114400
121;A;8793;8793|robertanunes;Bragança;Bragança;Roberta Nunes;LAE;DEF;79;20;58040000;L;29;Brasil;70;100;;editado;400000
122;A;8793;8793|carlasilva;Bragança;Bragança;Carla Silva;CA;ATT;79;29;60520000;R;9;Brasil;70;100;;editado;400000
123;A;8793;8793|cristinamachado;Bragança;Bragança;Cristina Machado;PD;ATT;77;19;50850000;L;21;Brasil;70;100;;editado;360000
124;A;8793;8793|sabrinaxavier;Bragança;Bragança;Sabrina Xavier;MEI;MID;77;26;58420000;R;20;Brasil;70;100;;editado;360000
125;A;8793;8793|giovanasantos;Bragança;Bragança;Giovana Santos;VOL;MID;76;29;50960000;R;5;Brasil;70;100;;editado;340000
126;A;8793;8793|fabianamonteiro;Bragança;Bragança;Fabiana Monteiro;MC;MID;76;34;38360000;R;15;Brasil;70;100;;editado;340000
127;A;8793;8793|jessicaalmeida;Bragança;Bragança;Jéssica Almeida;GOL;GK;76;23;51930000;R;1;Brasil;70;100;;editado;340000
128;A;8793;8793|gabrielateixeira;Bragança;Bragança;Gabriela Teixeira;ZAG;DEF;76;32;43400000;R;4;Brasil;70;100;;editado;340000
129;A;8793;8793|brunadias;Bragança;Bragança;Bruna Dias;PE;ATT;74;29;44590000;R;17;Brasil;70;100;;editado;300000
130;A;8793;8793|michelepereira;Bragança;Bragança;Michele Pereira;ZAG;DEF;74;25;47220000;R;2;Brasil;70;100;;editado;300000
131;A;8793;8793|talitabatista;Bragança;Bragança;Talita Batista;ZAG;DEF;74;29;44590000;R;14;Brasil;70;100;;editado;300000
132;A;8793;8793|fabianamelo;Bragança;Bragança;Fabiana Melo;LAD;DEF;74;31;40180000;R;23;Brasil;70;100;;editado;300000
133;A;8793;8793|gislainenunes;Bragança;Bragança;Gislaine Nunes;MC;MID;74;34;33560000;R;22;Brasil;70;100;;editado;300000
134;A;8793;8793|deboradias;Bragança;Bragança;Débora Dias;MC;MID;74;19;41870000;R;7;Brasil;70;100;;editado;300000
135;A;8793;8793|ingridteixeira;Bragança;Bragança;Ingrid Teixeira;CA;ATT;74;34;33560000;R;41;Brasil;70;100;;editado;300000
136;A;8793;8793|adrianapereira;Bragança;Bragança;Adriana Pereira;PE;ATT;74;28;46800000;R;30;Brasil;70;100;;editado;300000
137;A;8793;8793|tati;Bragança;Bragança;Tati;LAE;DEF;73;27;45500000;L;12;Brasil;70;100;;editado;280000
138;A;8793;8793|luizateixeira;Bragança;Bragança;Luíza Teixeira;LAD;DEF;73;31;37310000;R;34;Brasil;70;100;;editado;280000
139;A;8793;8793|kellyrocha;Bragança;Bragança;Kelly Rocha;ZAG;DEF;73;31;37310000;R;4;Brasil;70;100;;editado;280000
140;A;8793;8793|vivianeoliveira;Bragança;Bragança;Viviane Oliveira;PD;ATT;71;21;34300000;L;32;Brasil;70;100;;editado;240000
141;A;8793;8793|sabrinaoliveira;Bragança;Bragança;Sabrina Oliveira;CA;ATT;68;22;28730000;R;11;Brasil;70;100;;editado;202000
142;A;8793;8793|gabrielanunes;Bragança;Bragança;Gabriela Nunes;MC;MID;66;20;24610000;L;25;Brasil;70;100;;editado;184000
143;A;8793;8793|vivianefreitas;Bragança;Bragança;Viviane Freitas;LAD;DEF;65;26;26020000;R;52;Brasil;70;100;;editado;175000
144;A;8793;8793|kellysiqueira;Bragança;Bragança;Kelly Siqueira;PD;ATT;65;29;24120000;R;29;Brasil;70;100;;editado;175000
145;A;8793;8793|thaisdias;Bragança;Bragança;Thaís Dias;VOL;MID;65;19;22650000;R;35;Brasil;70;100;;editado;175000
146;A;8793;8793|jaquelinebezerra;Bragança;Bragança;Jaqueline Bezerra;MEI;MID;65;19;22650000;R;21;Brasil;70;100;;editado;175000
147;A;8793;8793|sabrinarodrigues;Bragança;Bragança;Sabrina Rodrigues;VOL;MID;64;24;23450000;R;6;Brasil;70;100;;editado;166000
148;A;8793;8793|fabianamachado;Bragança;Bragança;Fabiana Machado;GOL;GK;64;33;18100000;R;18;Brasil;70;100;;editado;166000
149;A;8793;8793|simonecardoso;Bragança;Bragança;Simone Cardoso;CA;ATT;63;21;20580000;R;8;Brasil;70;100;;editado;157000
150;A;8793;8793|debinha;Bragança;Bragança;Debinha;ZAG;DEF;63;26;22680000;R;3;Brasil;70;100;;editado;157000
151;A;17776;17776|francielecosta;Chapecó FC;Chapecó FC;Franciele Costa;VOL;MID;71;31;31570000;L;99;Brasil;70;100;;editado;240000
152;A;17776;17776|patricianascimento;Chapecó FC;Chapecó FC;Patrícia Nascimento;VOL;MID;70;20;30550000;R;27;Brasil;70;100;;editado;220000
153;A;17776;17776|yasminxavier;Chapecó FC;Chapecó FC;Yasmin Xavier;ZAG;DEF;66;33;20590000;R;3;Brasil;70;100;;editado;184000
154;A;17776;17776|brunagomes;Chapecó FC;Chapecó FC;Bruna Gomes;PE;ATT;65;30;22920000;R;77;Brasil;70;100;;editado;175000
155;A;17776;17776|luizaguimaraes;Chapecó FC;Chapecó FC;Luíza Guimarães;MEI;MID;65;27;26500000;L;8;Brasil;70;100;;editado;175000
156;A;17776;17776|deborafreitas;Chapecó FC;Chapecó FC;Débora Freitas;MC;MID;64;31;20340000;R;5;Brasil;70;100;;editado;166000
157;A;17776;17776|sandracorreia;Chapecó FC;Chapecó FC;Sandra Correia;PE;ATT;63;22;21000000;R;97;Brasil;70;100;;editado;157000
158;A;17776;17776|michelemartins;Chapecó FC;Chapecó FC;Michele Martins;VOL;MID;63;27;23100000;L;22;Brasil;70;100;;editado;157000
159;A;17776;17776|lala;Chapecó FC;Chapecó FC;Lalá;PE;ATT;63;29;21020000;R;31;Brasil;70;100;;editado;157000
160;A;17776;17776|thaismartins;Chapecó FC;Chapecó FC;Thaís Martins;ZAG;DEF;63;32;17900000;R;25;Brasil;70;100;;editado;157000
161;A;17776;17776|fabianaferreira;Chapecó FC;Chapecó FC;Fabiana Ferreira;ZAG;DEF;63;33;16860000;L;4;Brasil;70;100;;editado;157000
162;A;17776;17776|robertasilva;Chapecó FC;Chapecó FC;Roberta Silva;PD;ATT;62;31;17550000;R;7;Brasil;70;100;;editado;148000
163;A;17776;17776|amandadias;Chapecó FC;Chapecó FC;Amanda Dias;MEI;MID;61;22;17910000;L;35;Brasil;70;100;;editado;139000
164;A;17776;17776|luizaribeiro;Chapecó FC;Chapecó FC;Luíza Ribeiro;LAE;DEF;60;22;16360000;L;6;Brasil;70;100;;editado;130000
165;A;17776;17776|marciasilva;Chapecó FC;Chapecó FC;Márcia Silva;MC;MID;60;27;18000000;R;16;Brasil;70;100;;editado;130000
166;A;17776;17776|flaviadias;Chapecó FC;Chapecó FC;Flávia Dias;GOL;GK;59;33;12480000;L;98;Brasil;70;100;;editado;124800
167;A;17776;17776|sabrinasiqueira;Chapecó FC;Chapecó FC;Sabrina Siqueira;PE;ATT;59;26;16790000;L;94;Brasil;70;100;;editado;124800
168;A;17776;17776|alinevieira;Chapecó FC;Chapecó FC;Aline Vieira;ZAG;DEF;59;28;16330000;R;33;Brasil;70;100;;editado;124800
169;A;17776;17776|ingridrocha;Chapecó FC;Chapecó FC;Ingrid Rocha;VOL;MID;59;31;14020000;R;17;Brasil;70;100;;editado;124800
170;A;17776;17776|jaquelinecosta;Chapecó FC;Chapecó FC;Jaqueline Costa;LAD;DEF;59;20;14920000;R;2;Brasil;70;100;;editado;124800
171;A;17776;17776|simonepinto;Chapecó FC;Chapecó FC;Simone Pinto;CA;ATT;58;24;15320000;L;18;Brasil;70;100;;editado;119600
172;A;17776;17776|paulacorreia;Chapecó FC;Chapecó FC;Paula Correia;ZAG;DEF;58;26;15910000;R;21;Brasil;70;100;;editado;119600
173;A;17776;17776|bibi;Chapecó FC;Chapecó FC;Bibi;CA;ATT;58;33;11830000;R;40;Brasil;70;100;;editado;119600
174;A;17776;17776|deboraaraujo;Chapecó FC;Chapecó FC;Débora Araújo;LAD;DEF;57;29;13920000;R;26;Brasil;70;100;;editado;114400
175;A;17776;17776|gislaineandrade;Chapecó FC;Chapecó FC;Gislaine Andrade;LAE;DEF;55;28;12890000;L;91;Brasil;70;100;;editado;104000
176;A;17776;17776|tatiananunes;Chapecó FC;Chapecó FC;Tatiana Nunes;ZAG;DEF;55;28;12890000;R;15;Brasil;70;100;;editado;104000
177;A;17776;17776|lorenagomes;Chapecó FC;Chapecó FC;Lorena Gomes;PD;ATT;55;33;9860000;L;70;Brasil;70;100;;editado;104000
178;A;17776;17776|robertamachado;Chapecó FC;Chapecó FC;Roberta Machado;GOL;GK;55;25;13010000;R;30;Brasil;70;100;;editado;104000
179;A;17776;17776|simonearaujo;Chapecó FC;Chapecó FC;Simone Araújo;MC;MID;54;29;11470000;R;19;Brasil;70;100;;editado;98800
180;A;17776;17776|adrianadias;Chapecó FC;Chapecó FC;Adriana Dias;LAD;DEF;53;20;10210000;R;23;Brasil;70;100;;editado;93600
181;A;199;199|flavianunes;Fiel Paulista;Fiel Paulista;Flávia Nunes;CA;ATT;87;33;91980000;R;9;Brasil;70;100;;editado;686000
182;A;199;199|eduardapinto;Fiel Paulista;Fiel Paulista;Eduarda Pinto;MC;MID;86;30;102070000;L;7;Brasil;70;100;;editado;648000
183;A;199;199|alinemelo;Fiel Paulista;Fiel Paulista;Aline Melo;MC;MID;84;21;90870000;R;49;Brasil;70;100;;editado;572000
184;A;199;199|giovanarocha;Fiel Paulista;Fiel Paulista;Giovana Rocha;MEI;MID;82;29;78260000;L;8;Brasil;70;100;;editado;496000
185;A;199;199|gis;Fiel Paulista;Fiel Paulista;Gis;GOL;GK;81;31;63960000;R;1;Brasil;70;100;;editado;458000
186;A;199;199|giovanabezerra;Fiel Paulista;Fiel Paulista;Giovana Bezerra;LAD;DEF;79;32;51540000;R;2;Brasil;70;100;;editado;400000
187;A;199;199|sandraaraujo;Fiel Paulista;Fiel Paulista;Sandra Araújo;CA;ATT;78;31;51660000;R;56;Brasil;70;100;;editado;380000
188;A;199;199|biancamelo;Fiel Paulista;Fiel Paulista;Bianca Melo;CA;ATT;78;23;58420000;R;10;Brasil;70;100;;editado;380000
189;A;199;199|vitoriaferreira;Fiel Paulista;Fiel Paulista;Vitória Ferreira;LAE;DEF;78;19;53840000;L;21;Brasil;70;100;;editado;380000
190;A;199;199|lari;Fiel Paulista;Fiel Paulista;Lari;PD;ATT;75;26;51550000;L;61;Brasil;70;100;;editado;320000
191;A;199;199|tatianaalmeida;Fiel Paulista;Fiel Paulista;Tatiana Almeida;VOL;MID;75;26;51550000;R;14;Brasil;70;100;;editado;320000
192;A;199;199|talitabezerra;Fiel Paulista;Fiel Paulista;Talita Bezerra;PD;ATT;75;26;51550000;L;37;Brasil;70;100;;editado;320000
193;A;199;199|marciaribeiro;Fiel Paulista;Fiel Paulista;Márcia Ribeiro;ZAG;DEF;75;24;49640000;R;4;Brasil;70;100;;editado;320000
194;A;199;199|ingridpereira;Fiel Paulista;Fiel Paulista;Ingrid Pereira;VOL;MID;71;29;35040000;L;29;Brasil;70;100;;editado;240000
195;A;199;199|rafaelafarias;Fiel Paulista;Fiel Paulista;Rafaela Farias;CA;ATT;71;33;28100000;R;18;Brasil;70;100;;editado;240000
196;A;199;199|francielemonteiro;Fiel Paulista;Fiel Paulista;Franciele Monteiro;MC;MID;71;34;26370000;L;23;Brasil;70;100;;editado;240000
197;A;199;199|carlita;Fiel Paulista;Fiel Paulista;Carlita;MEI;MID;70;32;27120000;R;77;Brasil;70;100;;editado;220000
198;A;199;199|alinemartins;Fiel Paulista;Fiel Paulista;Aline Martins;LAD;DEF;68;20;27580000;R;20;Brasil;70;100;;editado;202000
199;A;199;199|marianaxavier;Fiel Paulista;Fiel Paulista;Mariana Xavier;PE;ATT;68;28;30180000;R;31;Brasil;70;100;;editado;202000
200;A;199;199|nathaliaalmeida;Fiel Paulista;Fiel Paulista;Nathalia Almeida;MC;MID;65;27;26500000;R;80;Brasil;70;100;;editado;175000
201;A;199;199|denisepinto;Fiel Paulista;Fiel Paulista;Denise Pinto;GOL;GK;65;20;23130000;R;32;Brasil;70;100;;editado;175000
202;A;199;199|thaisandrade;Fiel Paulista;Fiel Paulista;Thaís Andrade;VOL;MID;64;25;23900000;R;35;Brasil;70;100;;editado;166000
203;A;199;199|anateixeira;Fiel Paulista;Fiel Paulista;Ana Teixeira;PE;ATT;63;25;22260000;R;11;Brasil;70;100;;editado;157000
204;A;199;199|beatrizmonteiro;Fiel Paulista;Fiel Paulista;Beatriz Monteiro;MC;MID;63;29;21020000;R;19;Brasil;70;100;;editado;157000
205;A;199;199|grid;Fiel Paulista;Fiel Paulista;Grid;ZAG;DEF;63;31;18940000;B;5;Brasil;70;100;;editado;157000
206;A;199;199|gislainefreitas;Fiel Paulista;Fiel Paulista;Gislaine Freitas;LAE;DEF;63;29;21020000;L;46;Brasil;70;100;;editado;157000
207;A;199;199|paulasantos;Fiel Paulista;Fiel Paulista;Paula Santos;ZAG;DEF;63;30;19980000;R;13;Brasil;70;100;;editado;157000
208;A;199;199|raquelfreitas;Fiel Paulista;Fiel Paulista;Raquel Freitas;GOL;GK;60;23;16690000;R;40;Brasil;70;100;;editado;130000
209;A;199;199|nathaliacorreia;Fiel Paulista;Fiel Paulista;Nathalia Correia;ZAG;DEF;60;22;16360000;R;3;Brasil;70;100;;editado;130000
210;A;199;199|elainecardoso;Fiel Paulista;Fiel Paulista;Elaine Cardoso;LAE;DEF;59;23;15860000;L;26;Brasil;70;100;;editado;124800
211;A;776;776|jaquelinecorreia;Curitiba FC;Curitiba FC;Jaqueline Correia;PD;ATT;77;29;54140000;L;11;Brasil;70;100;;editado;360000
212;A;776;776|gabrielaribeiro;Curitiba FC;Curitiba FC;Gabriela Ribeiro;GOL;GK;76;20;48870000;R;1;Brasil;70;100;;editado;340000
213;A;776;776|patriciacarvalho;Curitiba FC;Curitiba FC;Patrícia Carvalho;LAD;DEF;75;21;46770000;R;44;Brasil;70;100;;editado;320000
214;A;776;776|raquelcosta;Curitiba FC;Curitiba FC;Raquel Costa;PE;ATT;75;20;45820000;L;7;Brasil;70;100;;editado;320000
215;A;776;776|luanamartins;Curitiba FC;Curitiba FC;Luana Martins;PE;ATT;73;27;45500000;R;77;Brasil;70;100;;editado;280000
216;A;776;776|michelevieira;Curitiba FC;Curitiba FC;Michele Vieira;ZAG;DEF;71;26;37800000;R;55;Brasil;70;100;;editado;240000
217;A;776;776|patriciamelo;Curitiba FC;Curitiba FC;Patrícia Melo;LAE;DEF;70;30;30280000;L;6;Brasil;70;100;;editado;220000
218;A;776;776|tatianaferreira;Curitiba FC;Curitiba FC;Tatiana Ferreira;MC;MID;69;22;30270000;L;19;Brasil;70;100;;editado;211000
219;A;776;776|sabrinaribeiro;Curitiba FC;Curitiba FC;Sabrina Ribeiro;CA;ATT;68;20;27580000;R;32;Brasil;70;100;;editado;202000
220;A;776;776|leticiapeixoto;Curitiba FC;Curitiba FC;Letícia Peixoto;ZAG;DEF;68;29;28760000;R;23;Brasil;70;100;;editado;202000
221;A;776;776|elainebezerra;Curitiba FC;Curitiba FC;Elaine Bezerra;MC;MID;68;19;27000000;R;88;Brasil;70;100;;editado;202000
222;A;776;776|flaviavieira;Curitiba FC;Curitiba FC;Flávia Vieira;VOL;MID;65;25;25540000;R;36;Brasil;70;100;;editado;175000
223;A;776;776|sabrinagomes;Curitiba FC;Curitiba FC;Sabrina Gomes;GOL;GK;65;30;22920000;R;22;Brasil;70;100;;editado;175000
224;A;776;776|luizamachado;Curitiba FC;Curitiba FC;Luíza Machado;CA;ATT;65;26;26020000;R;78;Brasil;70;100;;editado;175000
225;A;776;776|nathaliagomes;Curitiba FC;Curitiba FC;Nathalia Gomes;PE;ATT;65;24;25050000;R;9;Brasil;70;100;;editado;175000
226;A;776;776|francielecorreia;Curitiba FC;Curitiba FC;Franciele Correia;PD;ATT;65;29;24120000;L;28;Brasil;70;100;;editado;175000
227;A;776;776|cristinaalmeida;Curitiba FC;Curitiba FC;Cristina Almeida;VOL;MID;64;31;20340000;R;8;Brasil;70;100;;editado;166000
228;A;776;776|gabrielamelo;Curitiba FC;Curitiba FC;Gabriela Melo;CA;ATT;60;34;12330000;R;99;Brasil;70;100;;editado;130000
229;A;776;776|tatianarodrigues;Curitiba FC;Curitiba FC;Tatiana Rodrigues;GOL;GK;60;29;16380000;R;13;Brasil;70;100;;editado;130000
230;A;776;776|vivianerocha;Curitiba FC;Curitiba FC;Viviane Rocha;MEI;MID;60;21;16040000;R;39;Brasil;70;100;;editado;130000
231;A;776;776|thaissouza;Curitiba FC;Curitiba FC;Thaís Souza;LAD;DEF;59;31;14020000;R;2;Brasil;70;100;;editado;124800
232;A;776;776|brunamachado;Curitiba FC;Curitiba FC;Bruna Machado;LAE;DEF;59;34;11710000;L;16;Brasil;70;100;;editado;124800
233;A;776;776|vanessacosta;Curitiba FC;Curitiba FC;Vanessa Costa;MC;MID;58;28;15470000;L;15;Brasil;70;100;;editado;119600
234;A;776;776|cristinarodrigues;Curitiba FC;Curitiba FC;Cristina Rodrigues;MEI;MID;58;34;11100000;L;10;Brasil;70;100;;editado;119600
235;A;776;776|raquelandrade;Curitiba FC;Curitiba FC;Raquel Andrade;PE;ATT;57;31;12550000;R;20;Brasil;70;100;;editado;114400
236;A;776;776|carolinarocha;Curitiba FC;Curitiba FC;Carolina Rocha;VOL;MID;57;33;11170000;R;29;Brasil;70;100;;editado;114400
237;A;776;776|eduardasiqueira;Curitiba FC;Curitiba FC;Eduarda Siqueira;LAE;DEF;55;27;13500000;L;26;Brasil;70;100;;editado;104000
238;A;776;776|danielabatista;Curitiba FC;Curitiba FC;Daniela Batista;CA;ATT;55;31;11070000;L;21;Brasil;70;100;;editado;104000
239;A;776;776|amandapeixoto;Curitiba FC;Curitiba FC;Amanda Peixoto;ZAG;DEF;49;23;7790000;R;4;Brasil;70;100;;editado;74000
240;A;776;776|bebeta;Curitiba FC;Curitiba FC;Bebeta;ZAG;DEF;49;24;7940000;R;3;Brasil;70;100;;editado;74000
241;A;609;609|flaviacardoso;Raposa Azul;Raposa Azul;Flávia Cardoso;CA;ATT;87;29;114660000;R;19;Brasil;70;100;;editado;686000
242;A;609;609|adrianagomes;Raposa Azul;Raposa Azul;Adriana Gomes;MC;MID;85;28;105050000;L;11;Brasil;70;100;;editado;610000
243;A;609;609|gabi;Raposa Azul;Raposa Azul;Gabi;MEI;MID;83;34;64390000;L;10;Brasil;70;100;;editado;534000
244;A;609;609|luizabarbosa;Raposa Azul;Raposa Azul;Luíza Barbosa;MC;MID;82;34;58910000;R;88;Brasil;70;100;;editado;496000
245;A;609;609|sabrinanascimento;Raposa Azul;Raposa Azul;Sabrina Nascimento;ZAG;DEF;82;24;81310000;R;15;Brasil;70;100;;editado;496000
246;A;609;609|gabizinha;Raposa Azul;Raposa Azul;Gabizinha;PE;ATT;81;31;63960000;R;17;Brasil;70;100;;editado;458000
247;A;609;609|mandinha;Raposa Azul;Raposa Azul;Mandinha;LAE;DEF;81;22;70910000;L;36;Brasil;70;100;;editado;458000
248;A;609;609|marciasiqueira;Raposa Azul;Raposa Azul;Márcia Siqueira;PD;ATT;81;19;66650000;L;99;Brasil;70;100;;editado;458000
249;A;609;609|marianarodrigues;Raposa Azul;Raposa Azul;Mariana Rodrigues;ZAG;DEF;79;23;61660000;R;34;Brasil;70;100;;editado;400000
250;A;609;609|lorenzinha;Raposa Azul;Raposa Azul;Lorenzinha;MC;MID;75;25;50590000;R;8;Brasil;70;100;;editado;320000
251;A;609;609|simonesantos;Raposa Azul;Raposa Azul;Simone Santos;CA;ATT;75;24;49640000;R;22;Brasil;70;100;;editado;320000
252;A;609;609|yas;Raposa Azul;Raposa Azul;Yas;LAE;DEF;75;32;40690000;L;27;Brasil;70;100;;editado;320000
253;A;609;609|rafa;Raposa Azul;Raposa Azul;Rafaella;LAD;DEF;73;30;39360000;R;12;Brasil;70;100;;editado;280000
254;A;609;609|marianacavalcanti;Raposa Azul;Raposa Azul;Mariana Cavalcanti;GOL;GK;73;25;43850000;R;31;Brasil;70;100;;editado;280000
255;A;609;609|leninha;Raposa Azul;Raposa Azul;Leninha;PE;ATT;73;26;44670000;R;70;Brasil;70;100;;editado;280000
256;A;609;609|deni;Raposa Azul;Raposa Azul;Denise;PE;ATT;73;20;39710000;R;94;Brasil;70;100;;editado;280000
257;A;609;609|fernandanunes;Raposa Azul;Raposa Azul;Fernanda Nunes;ZAG;DEF;73;26;44670000;R;43;Brasil;70;100;;editado;280000
258;A;609;609|patriciacorreia;Raposa Azul;Raposa Azul;Patrícia Correia;PD;ATT;71;31;31570000;L;7;Brasil;70;100;;editado;240000
259;A;609;609|mariapinto;Raposa Azul;Raposa Azul;Maria Pinto;VOL;MID;71;33;28100000;R;29;Brasil;70;100;;editado;240000
260;A;609;609|carolinagomes;Raposa Azul;Raposa Azul;Carolina Gomes;LAD;DEF;70;26;34360000;R;2;Brasil;70;100;;editado;220000
261;A;609;609|jaquelinedias;Raposa Azul;Raposa Azul;Jaqueline Dias;ZAG;DEF;69;22;30270000;L;25;Brasil;70;100;;editado;211000
262;A;609;609|carlasantos;Raposa Azul;Raposa Azul;Carla Santos;PE;ATT;66;21;25120000;R;9;Brasil;70;100;;editado;184000
263;A;609;609|vanessagomes;Raposa Azul;Raposa Azul;Vanessa Gomes;MC;MID;65;27;26500000;L;77;Brasil;70;100;;editado;175000
264;A;609;609|alineribeiro;Raposa Azul;Raposa Azul;Aline Ribeiro;CA;ATT;65;28;25310000;R;91;Brasil;70;100;;editado;175000
265;A;609;609|carolinacardoso;Raposa Azul;Raposa Azul;Carolina Cardoso;MC;MID;63;33;16860000;R;36;Brasil;70;100;;editado;157000
266;A;609;609|luizapinto;Raposa Azul;Raposa Azul;Luíza Pinto;GOL;GK;63;31;18940000;R;41;Brasil;70;100;;editado;157000
267;A;609;609|gislainebatista;Raposa Azul;Raposa Azul;Gislaine Batista;VOL;MID;60;22;16360000;R;35;Brasil;70;100;;editado;130000
268;A;609;609|giovanaguimaraes;Raposa Azul;Raposa Azul;Giovana Guimarães;GOL;GK;60;25;17350000;R;81;Brasil;70;100;;editado;130000
269;A;609;609|carlabezerra;Raposa Azul;Raposa Azul;Carla Bezerra;VOL;MID;59;28;16330000;R;16;Brasil;70;100;;editado;124800
270;A;609;609|jessicaaraujo;Raposa Azul;Raposa Azul;Jéssica Araújo;GOL;GK;55;32;10460000;L;1;Brasil;70;100;;editado;104000
271;A;614;614|duda;Urubu da Gávea;Urubu da Gávea;Eduarda;MEI;MID;89;34;97270000;L;20;Brasil;70;100;;editado;762000
272;A;614;614|giovanamoreira;Urubu da Gávea;Urubu da Gávea;Giovana Moreira;CA;ATT;86;29;107380000;R;9;Brasil;70;100;;editado;648000
273;A;614;614|sabrinafreitas;Urubu da Gávea;Urubu da Gávea;Sabrina Freitas;PE;ATT;84;30;88230000;R;16;Brasil;70;100;;editado;572000
274;A;614;614|luanateixeira;Urubu da Gávea;Urubu da Gávea;Luana Teixeira;MEI;MID;83;24;88870000;R;10;Brasil;70;100;;editado;534000
275;A;614;614|carlasouza;Urubu da Gávea;Urubu da Gávea;Carla Souza;MEI;MID;83;22;85450000;R;15;Brasil;70;100;;editado;534000
276;A;614;614|giovanacavalcanti;Urubu da Gávea;Urubu da Gávea;Giovana Cavalcanti;ZAG;DEF;82;34;58910000;R;3;Brasil;70;100;;editado;496000
277;A;614;614|thaiscorreia;Urubu da Gávea;Urubu da Gávea;Thaís Correia;ZAG;DEF;82;20;75050000;L;4;Brasil;70;100;;editado;496000
278;A;614;614|jessicatavares;Urubu da Gávea;Urubu da Gávea;Jéssica Tavares;VOL;MID;81;32;60450000;R;52;Brasil;70;100;;editado;458000
279;A;614;614|helenadias;Urubu da Gávea;Urubu da Gávea;Helena Dias;GOL;GK;81;27;78000000;R;1;Brasil;70;100;;editado;458000
280;A;614;614|robertapereira;Urubu da Gávea;Urubu da Gávea;Roberta Pereira;ZAG;DEF;81;26;76580000;R;44;Brasil;70;100;;editado;458000
281;A;614;614|gigi;Urubu da Gávea;Urubu da Gávea;Gigi;PD;ATT;80;24;66180000;L;19;Brasil;70;100;;editado;420000
282;A;614;614|brunabarbosa;Urubu da Gávea;Urubu da Gávea;Bruna Barbosa;MC;MID;79;30;57520000;R;18;Brasil;70;100;;editado;400000
283;A;614;614|giovanafreitas;Urubu da Gávea;Urubu da Gávea;Giovana Freitas;PE;ATT;78;29;57330000;R;11;Brasil;70;100;;editado;380000
284;A;614;614|renatasantos;Urubu da Gávea;Urubu da Gávea;Renata Santos;PD;ATT;78;24;59560000;L;7;Brasil;70;100;;editado;380000
285;A;614;614|alineoliveira;Urubu da Gávea;Urubu da Gávea;Aline Oliveira;CA;ATT;76;27;56000000;R;64;Brasil;70;100;;editado;340000
286;A;614;614|sabrinapinto;Urubu da Gávea;Urubu da Gávea;Sabrina Pinto;LAD;DEF;76;32;43400000;R;22;Brasil;70;100;;editado;340000
287;A;614;614|sanzinha;Urubu da Gávea;Urubu da Gávea;Sanzinha;GOL;GK;76;25;53960000;R;42;Brasil;70;100;;editado;340000
288;A;614;614|simonesouza;Urubu da Gávea;Urubu da Gávea;Simone Souza;MC;MID;76;20;48870000;R;;Brasil;70;100;;editado;340000
289;A;614;614|fabi;Urubu da Gávea;Urubu da Gávea;Fabi;VOL;MID;75;20;45820000;R;5;Brasil;70;100;;editado;320000
290;A;614;614|julianamoreira;Urubu da Gávea;Urubu da Gávea;Juliana Moreira;MEI;MID;75;28;50140000;L;38;Brasil;70;100;;editado;320000
291;A;614;614|cris;Urubu da Gávea;Urubu da Gávea;Cris;LAE;DEF;75;31;43050000;L;6;Brasil;70;100;;editado;320000
292;A;614;614|marianasilva;Urubu da Gávea;Urubu da Gávea;Mariana Silva;VOL;MID;75;32;40690000;R;21;Brasil;70;100;;editado;320000
293;A;614;614|ingridsiqueira;Urubu da Gávea;Urubu da Gávea;Ingrid Siqueira;ZAG;DEF;75;19;44860000;R;;Brasil;70;100;;editado;320000
294;A;614;614|julianalima;Urubu da Gávea;Urubu da Gávea;Juliana Lima;ZAG;DEF;70;19;29910000;R;13;Brasil;70;100;;editado;220000
295;A;614;614|flaviaalmeida;Urubu da Gávea;Urubu da Gávea;Flávia Almeida;LAD;DEF;65;29;24120000;R;2;Brasil;70;100;;editado;175000
296;A;614;614|beatrizpeixoto;Urubu da Gávea;Urubu da Gávea;Beatriz Peixoto;LAE;DEF;65;29;24120000;L;26;Brasil;70;100;;editado;175000
297;A;614;614|danielacosta;Urubu da Gávea;Urubu da Gávea;Daniela Costa;MC;MID;65;28;25310000;L;8;Brasil;70;100;;editado;175000
298;A;614;614|kellymoreira;Urubu da Gávea;Urubu da Gávea;Kelly Moreira;ZAG;DEF;63;32;17900000;R;27;Brasil;70;100;;editado;157000
299;A;614;614|sabrinacosta;Urubu da Gávea;Urubu da Gávea;Sabrina Costa;CA;ATT;63;31;18940000;R;27;Brasil;70;100;;editado;157000
300;A;614;614|luanaguimaraes;Urubu da Gávea;Urubu da Gávea;Luana Guimarães;GOL;GK;59;23;15860000;R;49;Brasil;70;100;;editado;124800
301;A;2462;2462|sandragomes;Guerreiros FC;Guerreiros FC;Sandra Gomes;VOL;MID;84;29;92820000;R;8;Brasil;70;100;;editado;572000
302;A;2462;2462|luanaoliveira;Guerreiros FC;Guerreiros FC;Luana Oliveira;MC;MID;84;22;92730000;R;35;Brasil;70;100;;editado;572000
303;A;2462;2462|camilasantos;Guerreiros FC;Guerreiros FC;Camila Santos;CA;ATT;80;30;60550000;R;9;Brasil;70;100;;editado;420000
304;A;2462;2462|valentinapeixoto;Guerreiros FC;Guerreiros FC;Valentina Peixoto;MEI;MID;79;26;65290000;R;11;Brasil;70;100;;editado;400000
305;A;2462;2462|yasminteixeira;Guerreiros FC;Guerreiros FC;Yasmin Teixeira;PD;ATT;79;19;56830000;R;17;Brasil;70;100;;editado;400000
306;A;2462;2462|flaviaandrade;Guerreiros FC;Guerreiros FC;Flávia Andrade;CA;ATT;77;33;43440000;R;19;Brasil;70;100;;editado;360000
307;A;2462;2462|ananascimento;Guerreiros FC;Guerreiros FC;Ana Nascimento;LAE;DEF;77;32;46110000;L;13;Brasil;70;100;;editado;360000
308;A;2462;2462|simonerodrigues;Guerreiros FC;Guerreiros FC;Simone Rodrigues;VOL;MID;77;22;54090000;R;5;Brasil;70;100;;editado;360000
309;A;2462;2462|anasantos;Guerreiros FC;Guerreiros FC;Ana Santos;PD;ATT;77;33;43440000;L;28;Brasil;70;100;;editado;360000
310;A;2462;2462|mari;Guerreiros FC;Guerreiros FC;Mari;PD;ATT;76;20;48870000;R;90;Brasil;70;100;;editado;340000
311;A;2462;2462|tatianasantos;Guerreiros FC;Guerreiros FC;Tatiana Santos;MEI;MID;76;26;54980000;R;32;Brasil;70;100;;editado;340000
312;A;2462;2462|renatavieira;Guerreiros FC;Guerreiros FC;Renata Vieira;ZAG;DEF;76;34;38360000;L;22;Brasil;70;100;;editado;340000
313;A;2462;2462|simonemachado;Guerreiros FC;Guerreiros FC;Simone Machado;ZAG;DEF;74;34;33560000;L;29;Brasil;70;100;;editado;300000
314;A;2462;2462|michelenunes;Guerreiros FC;Guerreiros FC;Michele Nunes;PE;ATT;74;34;33560000;R;7;Brasil;70;100;;editado;300000
315;A;2462;2462|thaislima;Guerreiros FC;Guerreiros FC;Thaís Lima;ZAG;DEF;73;30;39360000;R;3;Brasil;70;100;;editado;280000
316;A;2462;2462|valentinatavares;Guerreiros FC;Guerreiros FC;Valentina Tavares;ZAG;DEF;70;26;34360000;R;4;Brasil;70;100;;editado;220000
317;A;2462;2462|luaninha;Guerreiros FC;Guerreiros FC;Luaninha;MC;MID;70;23;32450000;R;16;Brasil;70;100;;editado;220000
318;A;2462;2462|helenanascimento;Guerreiros FC;Guerreiros FC;Helena Nascimento;LAD;DEF;70;27;35000000;R;23;Brasil;70;100;;editado;220000
319;A;2462;2462|denisesouza;Guerreiros FC;Guerreiros FC;Denise Souza;ZAG;DEF;67;33;21830000;R;21;Brasil;70;100;;editado;193000
320;A;2462;2462|marianaribeiro;Guerreiros FC;Guerreiros FC;Mariana Ribeiro;VOL;MID;66;31;23120000;R;94;Brasil;70;100;;editado;184000
321;A;2462;2462|nathalialima;Guerreiros FC;Guerreiros FC;Nathalia Lima;MEI;MID;65;21;23610000;L;3;Brasil;70;100;;editado;175000
322;A;2462;2462|mariavieira;Guerreiros FC;Guerreiros FC;Maria Vieira;CA;ATT;65;21;23610000;L;7;Brasil;70;100;;editado;175000
323;A;2462;2462|simonecorreia;Guerreiros FC;Guerreiros FC;Simone Correia;MC;MID;63;25;22260000;R;25;Brasil;70;100;;editado;157000
324;A;2462;2462|vanessapeixoto;Guerreiros FC;Guerreiros FC;Vanessa Peixoto;ZAG;DEF;60;34;12330000;R;3;Brasil;70;100;;editado;130000
325;A;2462;2462|alinealmeida;Guerreiros FC;Guerreiros FC;Aline Almeida;CA;ATT;60;33;13140000;R;14;Brasil;70;100;;editado;130000
326;A;2462;2462|karinatavares;Guerreiros FC;Guerreiros FC;Karina Tavares;GOL;GK;59;25;16480000;R;98;Brasil;70;100;;editado;124800
327;A;2462;2462|rafaelasantos;Guerreiros FC;Guerreiros FC;Rafaela Santos;LAE;DEF;59;22;15550000;L;6;Brasil;70;100;;editado;124800
328;A;2462;2462|mariazinha;Guerreiros FC;Guerreiros FC;Mariazinha;LAD;DEF;57;26;15020000;R;46;Brasil;70;100;;editado;114400
329;A;2462;2462|kellybezerra;Guerreiros FC;Guerreiros FC;Kelly Bezerra;MEI;MID;57;28;14610000;L;10;Brasil;70;100;;editado;114400
330;A;2462;2462|patriciatavares;Guerreiros FC;Guerreiros FC;Patrícia Tavares;GOL;GK;54;20;11000000;R;27;Brasil;70;100;;editado;98800
331;A;210;210|biancacardoso;Tricolor Gaúcho;Tricolor Gaúcho;Bianca Cardoso;MEI;MID;84;33;74460000;B;37;Brasil;70;100;;editado;572000
332;A;210;210|beatrizbezerra;Tricolor Gaúcho;Tricolor Gaúcho;Beatriz Bezerra;MC;MID;80;28;66850000;R;5;Brasil;70;100;;editado;420000
333;A;210;210|karinamartins;Tricolor Gaúcho;Tricolor Gaúcho;Karina Martins;PD;ATT;80;24;66180000;L;21;Brasil;70;100;;editado;420000
334;A;210;210|brunacardoso;Tricolor Gaúcho;Tricolor Gaúcho;Bruna Cardoso;PE;ATT;80;22;63640000;R;9;Brasil;70;100;;editado;420000
335;A;210;210|yasmincosta;Tricolor Gaúcho;Tricolor Gaúcho;Yasmin Costa;CA;ATT;78;31;51660000;L;95;Brasil;70;100;;editado;380000
336;A;210;210|sandrapeixoto;Tricolor Gaúcho;Tricolor Gaúcho;Sandra Peixoto;VOL;MID;77;20;51930000;R;33;Brasil;70;100;;editado;360000
337;A;210;210|michelegomes;Tricolor Gaúcho;Tricolor Gaúcho;Michele Gomes;VOL;MID;76;21;49890000;R;19;Brasil;70;100;;editado;340000
338;A;210;210|renataguimaraes;Tricolor Gaúcho;Tricolor Gaúcho;Renata Guimarães;ZAG;DEF;75;27;52500000;R;53;Brasil;70;100;;editado;320000
339;A;210;210|dri;Tricolor Gaúcho;Tricolor Gaúcho;Driele;LAE;DEF;75;34;35960000;L;23;Brasil;70;100;;editado;320000
340;A;210;210|francielemartins;Tricolor Gaúcho;Tricolor Gaúcho;Franciele Martins;VOL;MID;75;22;47730000;R;20;Brasil;70;100;;editado;320000
341;A;210;210|bela;Tricolor Gaúcho;Tricolor Gaúcho;Bela;MEI;MID;74;30;42380000;R;11;Brasil;70;100;;editado;300000
342;A;210;210|priscilafreitas;Tricolor Gaúcho;Tricolor Gaúcho;Priscila Freitas;PD;ATT;73;25;43850000;R;99;Brasil;70;100;;editado;280000
343;A;210;210|marianamelo;Tricolor Gaúcho;Tricolor Gaúcho;Mariana Melo;ZAG;DEF;73;21;40540000;L;3;Brasil;70;100;;editado;280000
344;A;210;210|priscilabarbosa;Tricolor Gaúcho;Tricolor Gaúcho;Priscila Barbosa;MEI;MID;70;33;25550000;R;65;Brasil;70;100;;editado;220000
345;A;210;210|paulaguimaraes;Tricolor Gaúcho;Tricolor Gaúcho;Paula Guimarães;LAE;DEF;70;34;23980000;L;54;Brasil;70;100;;editado;220000
346;A;210;210|robertasouza;Tricolor Gaúcho;Tricolor Gaúcho;Roberta Souza;LAE;DEF;70;23;32450000;L;38;Brasil;70;100;;editado;220000
347;A;210;210|gislainepereira;Tricolor Gaúcho;Tricolor Gaúcho;Gislaine Pereira;LAD;DEF;69;32;25810000;R;7;Brasil;70;100;;editado;211000
348;A;210;210|vitoriabatista;Tricolor Gaúcho;Tricolor Gaúcho;Vitória Batista;GOL;GK;68;33;23070000;R;12;Brasil;70;100;;editado;202000
349;A;210;210|danielafarias;Tricolor Gaúcho;Tricolor Gaúcho;Daniela Farias;LAD;DEF;68;33;23070000;R;18;Brasil;70;100;;editado;202000
350;A;210;210|micheledias;Tricolor Gaúcho;Tricolor Gaúcho;Michele Dias;CA;ATT;65;22;24090000;R;22;Brasil;70;100;;editado;175000
351;A;210;210|mariapeixoto;Tricolor Gaúcho;Tricolor Gaúcho;Maria Peixoto;GOL;GK;64;33;18100000;R;36;Brasil;70;100;;editado;166000
352;A;210;210|marianasantos;Tricolor Gaúcho;Tricolor Gaúcho;Mariana Santos;ZAG;DEF;64;24;23450000;R;2;Brasil;70;100;;editado;166000
353;A;210;210|pri;Tricolor Gaúcho;Tricolor Gaúcho;Pri;VOL;MID;63;34;15820000;R;17;Brasil;70;100;;editado;157000
354;A;210;210|giovanabarbosa;Tricolor Gaúcho;Tricolor Gaúcho;Giovana Barbosa;GOL;GK;63;22;21000000;R;1;Brasil;70;100;;editado;157000
355;A;210;210|marci;Tricolor Gaúcho;Tricolor Gaúcho;Marci;MC;MID;60;24;17020000;B;39;Brasil;70;100;;editado;130000
356;A;210;210|anacosta;Tricolor Gaúcho;Tricolor Gaúcho;Ana Costa;PD;ATT;59;19;14610000;L;47;Brasil;70;100;;editado;124800
357;A;210;210|lorenatavares;Tricolor Gaúcho;Tricolor Gaúcho;Lorena Tavares;PE;ATT;59;26;16790000;R;10;Brasil;70;100;;editado;124800
358;A;210;210|raqueloliveira;Tricolor Gaúcho;Tricolor Gaúcho;Raquel Oliveira;ZAG;DEF;58;24;15320000;L;4;Brasil;70;100;;editado;119600
359;A;210;210|elainebarbosa;Tricolor Gaúcho;Tricolor Gaúcho;Elaine Barbosa;GOL;GK;55;23;12520000;R;31;Brasil;70;100;;editado;104000
360;A;210;210|simonesiqueira;Tricolor Gaúcho;Tricolor Gaúcho;Simone Siqueira;ZAG;DEF;55;24;12760000;R;43;Brasil;70;100;;editado;104000
361;A;6600;6600|gabrielacosta;Campeão do Povo;Campeão do Povo;Gabriela Costa;LAE;DEF;79;32;51540000;L;26;Brasil;70;100;;editado;400000
362;A;6600;6600|marianarocha;Campeão do Povo;Campeão do Povo;Mariana Rocha;PE;ATT;77;27;59500000;R;7;Brasil;70;100;;editado;360000
363;A;6600;6600|biancaoliveira;Campeão do Povo;Campeão do Povo;Bianca Oliveira;LAD;DEF;77;33;43440000;R;15;Brasil;70;100;;editado;360000
364;A;6600;6600|simonemoreira;Campeão do Povo;Campeão do Povo;Simone Moreira;PD;ATT;76;26;54980000;L;11;Brasil;70;100;;editado;340000
365;A;6600;6600|marianamachado;Campeão do Povo;Campeão do Povo;Mariana Machado;PE;ATT;76;25;53960000;R;39;Brasil;70;100;;editado;340000
366;A;6600;6600|lorenabezerra;Campeão do Povo;Campeão do Povo;Lorena Bezerra;ZAG;DEF;76;24;52950000;L;41;Brasil;70;100;;editado;340000
367;A;6600;6600|giovanacosta;Campeão do Povo;Campeão do Povo;Giovana Costa;VOL;MID;74;30;42380000;R;5;Brasil;70;100;;editado;300000
368;A;6600;6600|luizacavalcanti;Campeão do Povo;Campeão do Povo;Luíza Cavalcanti;LAE;DEF;73;19;38880000;L;6;Brasil;70;100;;editado;280000
369;A;6600;6600|deboramartins;Campeão do Povo;Campeão do Povo;Débora Martins;GOL;GK;73;27;45500000;R;12;Brasil;70;100;;editado;280000
370;A;6600;6600|giovanacorreia;Campeão do Povo;Campeão do Povo;Giovana Correia;CA;ATT;73;27;45500000;R;9;Brasil;70;100;;editado;280000
371;A;6600;6600|valentinavieira;Campeão do Povo;Campeão do Povo;Valentina Vieira;VOL;MID;71;21;34300000;L;29;Brasil;70;100;;editado;240000
372;A;6600;6600|vale;Campeão do Povo;Campeão do Povo;Vale;LAD;DEF;71;28;36770000;R;35;Brasil;70;100;;editado;240000
373;A;6600;6600|beatrizmartins;Campeão do Povo;Campeão do Povo;Beatriz Martins;MC;MID;71;32;29840000;R;14;Brasil;70;100;;editado;240000
374;A;6600;6600|anamartins;Campeão do Povo;Campeão do Povo;Ana Martins;MEI;MID;70;32;27120000;R;10;Brasil;70;100;;editado;220000
375;A;6600;6600|lane;Campeão do Povo;Campeão do Povo;Lane;VOL;MID;70;26;34360000;R;16;Brasil;70;100;;editado;220000
376;A;6600;6600|thaissiqueira;Campeão do Povo;Campeão do Povo;Thaís Siqueira;GOL;GK;69;34;22810000;R;1;Brasil;70;100;;editado;211000
377;A;6600;6600|gabrielagomes;Campeão do Povo;Campeão do Povo;Gabriela Gomes;PD;ATT;68;28;30180000;L;17;Brasil;70;100;;editado;202000
378;A;6600;6600|adrianabezerra;Campeão do Povo;Campeão do Povo;Adriana Bezerra;GOL;GK;68;26;31030000;R;28;Brasil;70;100;;editado;202000
379;A;6600;6600|talitamartins;Campeão do Povo;Campeão do Povo;Talita Martins;MEI;MID;65;25;25540000;L;31;Brasil;70;100;;editado;175000
380;A;6600;6600|debs;Campeão do Povo;Campeão do Povo;Debs;MC;MID;65;22;24090000;R;27;Brasil;70;100;;editado;175000
381;A;6600;6600|ingridbatista;Campeão do Povo;Campeão do Povo;Ingrid Batista;CA;ATT;65;33;19340000;R;48;Brasil;70;100;;editado;175000
382;A;6600;6600|adrianaaraujo;Campeão do Povo;Campeão do Povo;Adriana Araújo;ZAG;DEF;65;24;25050000;R;4;Brasil;70;100;;editado;175000
383;A;6600;6600|prisci;Campeão do Povo;Campeão do Povo;Prisci;ZAG;DEF;63;21;20580000;R;20;Brasil;70;100;;editado;157000
384;A;6600;6600|tali;Campeão do Povo;Campeão do Povo;Tali;ZAG;DEF;63;19;19740000;L;18;Brasil;70;100;;editado;157000
385;A;6600;6600|anafreitas;Campeão do Povo;Campeão do Povo;Ana Freitas;VOL;MID;60;32;13950000;R;36;Brasil;70;100;;editado;130000
386;A;6600;6600|mariabatista;Campeão do Povo;Campeão do Povo;Maria Batista;MEI;MID;60;23;16690000;R;2;Brasil;70;100;;editado;130000
387;A;6600;6600|marciapinto;Campeão do Povo;Campeão do Povo;Márcia Pinto;MC;MID;57;31;12550000;R;8;Brasil;70;100;;editado;114400
388;A;6600;6600|thaisnunes;Campeão do Povo;Campeão do Povo;Thaís Nunes;VOL;MID;51;22;9000000;R;28;Brasil;70;100;;editado;83200
389;A;6600;6600|vitoriatavares;Campeão do Povo;Campeão do Povo;Vitória Tavares;GOL;GK;51;27;9900000;L;32;Brasil;70;100;;editado;83200
390;A;6600;6600|larissasiqueira;Campeão do Povo;Campeão do Povo;Larissa Siqueira;ZAG;DEF;49;29;7640000;R;25;Brasil;70;100;;editado;74000
391;A;3876;3876|jessicaandrade;Amarelinho do Interior;Amarelinho do Interior;Jéssica Andrade;PD;ATT;74;32;37980000;R;27;Brasil;70;100;;editado;300000
392;A;3876;3876|kellybatista;Amarelinho do Interior;Amarelinho do Interior;Kelly Batista;PD;ATT;73;24;43020000;R;11;Brasil;70;100;;editado;280000
393;A;3876;3876|tatianateixeira;Amarelinho do Interior;Amarelinho do Interior;Tatiana Teixeira;PE;ATT;71;29;35040000;R;77;Brasil;70;100;;editado;240000
394;A;3876;3876|vanessanascimento;Amarelinho do Interior;Amarelinho do Interior;Vanessa Nascimento;ZAG;DEF;70;24;33090000;L;3;Brasil;70;100;;editado;220000
395;A;3876;3876|rafaelaoliveira;Amarelinho do Interior;Amarelinho do Interior;Rafaela Oliveira;MC;MID;70;28;33420000;R;8;Brasil;70;100;;editado;220000
396;A;3876;3876|yasminha;Amarelinho do Interior;Amarelinho do Interior;Yasminha;LAD;DEF;70;23;32450000;R;32;Brasil;70;100;;editado;220000
397;A;3876;3876|biancanunes;Amarelinho do Interior;Amarelinho do Interior;Bianca Nunes;VOL;MID;70;32;27120000;R;25;Brasil;70;100;;editado;220000
398;A;3876;3876|julianacorreia;Amarelinho do Interior;Amarelinho do Interior;Juliana Correia;CA;ATT;68;34;21650000;R;9;Brasil;70;100;;editado;202000
399;A;3876;3876|ingridsouza;Amarelinho do Interior;Amarelinho do Interior;Ingrid Souza;CA;ATT;68;33;23070000;R;40;Brasil;70;100;;editado;202000
400;A;3876;3876|lorenalima;Amarelinho do Interior;Amarelinho do Interior;Lorena Lima;MC;MID;68;27;31600000;B;21;Brasil;70;100;;editado;202000
401;A;3876;3876|gabrielarodrigues;Amarelinho do Interior;Amarelinho do Interior;Gabriela Rodrigues;ZAG;DEF;68;19;27000000;R;34;Brasil;70;100;;editado;202000
402;A;3876;3876|vitoriaaraujo;Amarelinho do Interior;Amarelinho do Interior;Vitória Araújo;ZAG;DEF;65;25;25540000;R;2;Brasil;70;100;;editado;175000
403;A;3876;3876|raquelbezerra;Amarelinho do Interior;Amarelinho do Interior;Raquel Bezerra;PD;ATT;65;31;21730000;L;17;Brasil;70;100;;editado;175000
404;A;3876;3876|giovanamachado;Amarelinho do Interior;Amarelinho do Interior;Giovana Machado;CA;ATT;65;34;18150000;R;99;Brasil;70;100;;editado;175000
405;A;3876;3876|jessicasantos;Amarelinho do Interior;Amarelinho do Interior;Jéssica Santos;MEI;MID;65;20;23130000;L;7;Brasil;70;100;;editado;175000
406;A;3876;3876|deboranunes;Amarelinho do Interior;Amarelinho do Interior;Débora Nunes;CA;ATT;63;23;21420000;R;29;Brasil;70;100;;editado;157000
407;A;3876;3876|deborateixeira;Amarelinho do Interior;Amarelinho do Interior;Débora Teixeira;ZAG;DEF;63;29;21020000;R;97;Brasil;70;100;;editado;157000
408;A;3876;3876|eduardabarbosa;Amarelinho do Interior;Amarelinho do Interior;Eduarda Barbosa;MC;MID;62;20;18680000;R;;Brasil;70;100;;editado;148000
409;A;3876;3876|paulafarias;Amarelinho do Interior;Amarelinho do Interior;Paula Farias;MEI;MID;61;26;19340000;R;33;Brasil;70;100;;editado;139000
410;A;3876;3876|valentinaferreira;Amarelinho do Interior;Amarelinho do Interior;Valentina Ferreira;PD;ATT;60;25;17350000;R;96;Brasil;70;100;;editado;130000
411;A;3876;3876|luanacorreia;Amarelinho do Interior;Amarelinho do Interior;Luana Correia;VOL;MID;59;23;15860000;L;18;Brasil;70;100;;editado;124800
412;A;3876;3876|michelearaujo;Amarelinho do Interior;Amarelinho do Interior;Michele Araújo;LAE;DEF;58;21;14430000;L;6;Brasil;70;100;;editado;119600
413;A;3876;3876|adrianacosta;Amarelinho do Interior;Amarelinho do Interior;Adriana Costa;LAE;DEF;57;31;12550000;L;12;Brasil;70;100;;editado;114400
414;A;3876;3876|denizinha;Amarelinho do Interior;Amarelinho do Interior;Denizinha;LAD;DEF;57;28;14610000;R;20;Brasil;70;100;;editado;114400
415;A;3876;3876|patriciaguimaraes;Amarelinho do Interior;Amarelinho do Interior;Patrícia Guimarães;MEI;MID;52;23;10010000;R;10;Brasil;70;100;;editado;88400
416;A;3876;3876|biancanascimento;Amarelinho do Interior;Amarelinho do Interior;Bianca Nascimento;GOL;GK;52;22;9820000;R;22;Brasil;70;100;;editado;88400
417;A;3876;3876|karinacavalcanti;Amarelinho do Interior;Amarelinho do Interior;Karina Cavalcanti;PD;ATT;49;33;6130000;R;31;Brasil;70;100;;editado;74000
418;A;3876;3876|renatacorreia;Amarelinho do Interior;Amarelinho do Interior;Renata Correia;GOL;GK;48;29;7100000;R;90;Brasil;70;100;;editado;70000
419;A;3876;3876|francielebezerra;Amarelinho do Interior;Amarelinho do Interior;Franciele Bezerra;GOL;GK;47;34;4930000;R;23;Brasil;70;100;;editado;66000
420;A;3876;3876|paulabezerra;Amarelinho do Interior;Amarelinho do Interior;Paula Bezerra;GOL;GK;45;19;5130000;R;1;Brasil;70;100;;editado;58000
449;A;1023;1023|rafaelamelo;Sociedade Esportiva Palmeiras;Palmeiras;Rafaela Melo;MEI;MID;65;34;18150000;L;10;Brasil;70;100;;editado;175000
425;A;1023;1023|thaisguimaraes;Sociedade Esportiva Palmeiras;Palmeiras;Thaís Guimarães;MEI;MID;84;33;74460000;L;18;Brasil;70;100;;editado;572000
432;A;1023;1023|lorenanascimento;Sociedade Esportiva Palmeiras;Palmeiras;Lorena Nascimento;GOL;GK;78;33;45990000;L;1;Brasil;70;100;;editado;380000
438;A;1023;1023|camilateixeira;Sociedade Esportiva Palmeiras;Palmeiras;Camila Teixeira;CA;ATT;75;33;38320000;R;31;Brasil;70;100;;editado;320000
443;A;1023;1023|tatianacavalcanti;Sociedade Esportiva Palmeiras;Palmeiras;Tatiana Cavalcanti;MC;MID;75;33;38320000;L;30;Brasil;70;100;;editado;320000
437;A;1023;1023|marciapereira;Sociedade Esportiva Palmeiras;Palmeiras;Márcia Pereira;ZAG;DEF;76;32;43400000;L;10;Brasil;70;100;;editado;340000
441;A;1023;1023|vanessamachado;Sociedade Esportiva Palmeiras;Palmeiras;Vanessa Machado;ZAG;DEF;75;32;40690000;R;19;Brasil;70;100;;editado;320000
434;A;1023;1023|ingridguimaraes;Sociedade Esportiva Palmeiras;Palmeiras;Ingrid Guimarães;LAD;DEF;77;30;51470000;R;12;Brasil;70;100;;editado;360000
424;A;1023;1023|deboraoliveira;Sociedade Esportiva Palmeiras;Palmeiras;Débora Oliveira;PD;ATT;86;29;107380000;L;40;Brasil;70;100;;editado;648000
433;A;1023;1023|camilamelo;Sociedade Esportiva Palmeiras;Palmeiras;Camila Melo;VOL;MID;78;29;57330000;R;32;Brasil;70;100;;editado;380000
448;A;1023;1023|isabelapeixoto;Sociedade Esportiva Palmeiras;Palmeiras;Isabela Peixoto;PE;ATT;65;29;24120000;R;7;Brasil;70;100;;editado;175000
428;A;1023;1023|julianarodrigues;Sociedade Esportiva Palmeiras;Palmeiras;Juliana Rodrigues;LAE;DEF;82;28;82130000;L;22;Brasil;70;100;;editado;496000
427;A;1023;1023|mariaguimaraes;Sociedade Esportiva Palmeiras;Palmeiras;Maria Guimarães;MC;MID;83;27;94000000;R;8;Brasil;70;100;;editado;534000
431;A;1023;1023|danielaalmeida;Sociedade Esportiva Palmeiras;Palmeiras;Daniela Almeida;SA;ATT;80;27;70000000;R;10;Brasil;70;100;;editado;420000
445;A;1023;1023|luanaribeiro;Sociedade Esportiva Palmeiras;Palmeiras;Luana Ribeiro;LAE;DEF;73;27;45500000;L;56;Brasil;70;100;;editado;280000
450;A;1023;1023|valentinarocha;Sociedade Esportiva Palmeiras;Palmeiras;Valentina Rocha;VOL;MID;60;27;18000000;R;17;Brasil;70;100;;editado;130000
442;A;1023;1023|renatacarvalho;Sociedade Esportiva Palmeiras;Palmeiras;Renata Carvalho;ZAG;DEF;75;26;51550000;L;43;Brasil;70;100;;editado;320000
423;A;1023;1023|renatamelo;Sociedade Esportiva Palmeiras;Palmeiras;Renata Melo;CA;ATT;87;25;121420000;L;42;Brasil;70;100;;editado;686000
447;A;1023;1023|carolinabarbosa;Sociedade Esportiva Palmeiras;Palmeiras;Carolina Barbosa;PE;ATT;68;25;30450000;R;7;Brasil;70;100;;editado;202000
430;A;1023;1023|luizaoliveira;Sociedade Esportiva Palmeiras;Palmeiras;Luíza Oliveira;SA;ATT;81;24;73750000;R;19;Brasil;70;100;;editado;458000
436;A;1023;1023|elainepeixoto;Sociedade Esportiva Palmeiras;Palmeiras;Elaine Peixoto;ZAG;DEF;76;24;52950000;R;26;Brasil;70;100;;editado;340000
446;A;1023;1023|lorenaxavier;Sociedade Esportiva Palmeiras;Palmeiras;Lorena Xavier;GOL;GK;70;24;33090000;R;6;Brasil;70;100;;editado;220000
439;A;1023;1023|taisinha;Sociedade Esportiva Palmeiras;Palmeiras;Taisinha;LAE;DEF;75;23;48680000;L;6;Brasil;70;100;;editado;320000
444;A;1023;1023|fernandaaraujo;Sociedade Esportiva Palmeiras;Palmeiras;Fernanda Araújo;ZAG;DEF;74;23;45440000;R;15;Brasil;70;100;;editado;300000
435;A;1023;1023|dani;Sociedade Esportiva Palmeiras;Palmeiras;Daniela;VOL;MID;77;22;54090000;R;17;Brasil;70;100;;editado;360000
440;A;1023;1023|robertateixeira;Sociedade Esportiva Palmeiras;Palmeiras;Roberta Teixeira;ZAG;DEF;75;21;46770000;R;3;Brasil;70;100;;editado;320000
426;A;1023;1023|deboratavares;Sociedade Esportiva Palmeiras;Palmeiras;Débora Tavares;PD;ATT;84;20;89020000;R;11;Brasil;70;100;;editado;572000
429;A;1023;1023|carolinaandrade;Sociedade Esportiva Palmeiras;Palmeiras;Carolina Andrade;LAD;DEF;81;20;68070000;R;4;Brasil;70;100;;editado;458000
451;A;1023;1023|simonebarbosa;Sociedade Esportiva Palmeiras;Palmeiras;Simone Barbosa;MC;MID;59;20;14920000;R;48;Brasil;70;100;;editado;124800
422;A;1023;1023|mariasouza;Sociedade Esportiva Palmeiras;Palmeiras;Maria Souza;CA;ATT;90;19;128180000;R;9;Brasil;70;100;;editado;800000
452;A;10997;10997|sandraxavier;Azulão do Norte;Azulão do Norte;Sandra Xavier;VOL;MID;73;28;43450000;R;14;Brasil;70;100;;editado;280000
453;A;10997;10997|adrianavieira;Azulão do Norte;Azulão do Norte;Adriana Vieira;CA;ATT;69;33;24310000;R;19;Brasil;70;100;;editado;211000
454;A;10997;10997|luizabatista;Azulão do Norte;Azulão do Norte;Luíza Batista;LAD;DEF;68;25;30450000;R;28;Brasil;70;100;;editado;202000
455;A;10997;10997|eduardacardoso;Azulão do Norte;Azulão do Norte;Eduarda Cardoso;LAE;DEF;66;25;27170000;L;24;Brasil;70;100;;editado;184000
456;A;10997;10997|brunaguimaraes;Azulão do Norte;Azulão do Norte;Bruna Guimarães;GOL;GK;65;32;20540000;R;97;Brasil;70;100;;editado;175000
457;A;10997;10997|elainealmeida;Azulão do Norte;Azulão do Norte;Elaine Almeida;VOL;MID;65;23;24570000;R;28;Brasil;70;100;;editado;175000
458;A;10997;10997|vanessabatista;Azulão do Norte;Azulão do Norte;Vanessa Batista;MEI;MID;65;34;18150000;R;15;Brasil;70;100;;editado;175000
459;A;10997;10997|brunaoliveira;Azulão do Norte;Azulão do Norte;Bruna Oliveira;LAD;DEF;64;28;23680000;R;2;Brasil;70;100;;editado;166000
460;A;10997;10997|flavinha;Azulão do Norte;Azulão do Norte;Flavinha;CA;ATT;64;22;22550000;R;9;Brasil;70;100;;editado;166000
461;A;10997;10997|renatapeixoto;Azulão do Norte;Azulão do Norte;Renata Peixoto;PE;ATT;63;22;21000000;R;37;Brasil;70;100;;editado;157000
462;A;10997;10997|sabrinanunes;Azulão do Norte;Azulão do Norte;Sabrina Nunes;ZAG;DEF;63;29;21020000;L;18;Brasil;70;100;;editado;157000
463;A;10997;10997|larissarodrigues;Azulão do Norte;Azulão do Norte;Larissa Rodrigues;ZAG;DEF;63;32;17900000;L;27;Brasil;70;100;;editado;157000
464;A;10997;10997|rafaelabarbosa;Azulão do Norte;Azulão do Norte;Rafaela Barbosa;PE;ATT;63;28;22060000;L;10;Brasil;70;100;;editado;157000
465;A;10997;10997|vitoriasouza;Azulão do Norte;Azulão do Norte;Vitória Souza;VOL;MID;62;33;15620000;L;26;Brasil;70;100;;editado;148000
466;A;10997;10997|larissaxavier;Azulão do Norte;Azulão do Norte;Larissa Xavier;MC;MID;61;31;16150000;L;8;Brasil;70;100;;editado;139000
467;A;10997;10997|giovanamonteiro;Azulão do Norte;Azulão do Norte;Giovana Monteiro;PD;ATT;61;22;17910000;R;22;Brasil;70;100;;editado;139000
468;A;10997;10997|ali;Azulão do Norte;Azulão do Norte;Ali;CA;ATT;61;19;16830000;R;71;Brasil;70;100;;editado;139000
469;A;10997;10997|gabrielanascimento;Azulão do Norte;Azulão do Norte;Gabriela Nascimento;LAD;DEF;61;27;19700000;R;79;Brasil;70;100;;editado;139000
470;A;10997;10997|renataferreira;Azulão do Norte;Azulão do Norte;Renata Ferreira;PE;ATT;61;29;17930000;R;11;Brasil;70;100;;editado;139000
471;A;10997;10997|eduardaribeiro;Azulão do Norte;Azulão do Norte;Eduarda Ribeiro;VOL;MID;60;21;16040000;R;55;Brasil;70;100;;editado;130000
472;A;10997;10997|biancapeixoto;Azulão do Norte;Azulão do Norte;Bianca Peixoto;LAE;DEF;60;24;17020000;L;98;Brasil;70;100;;editado;130000
473;A;10997;10997|isabelamonteiro;Azulão do Norte;Azulão do Norte;Isabela Monteiro;CA;ATT;60;23;16690000;R;99;Brasil;70;100;;editado;130000
474;A;10997;10997|flaviabatista;Azulão do Norte;Azulão do Norte;Flávia Batista;VOL;MID;60;30;15570000;R;18;Brasil;70;100;;editado;130000
475;A;10997;10997|brunarodrigues;Azulão do Norte;Azulão do Norte;Bruna Rodrigues;ZAG;DEF;59;19;14610000;R;3;Brasil;70;100;;editado;124800
476;A;10997;10997|sandrinha;Azulão do Norte;Azulão do Norte;Sandrinha;ZAG;DEF;58;31;13280000;L;5;Brasil;70;100;;editado;119600
477;A;10997;10997|valentinaguimaraes;Azulão do Norte;Azulão do Norte;Valentina Guimarães;MC;MID;58;32;12560000;L;23;Brasil;70;100;;editado;119600
478;A;10997;10997|cristinavieira;Azulão do Norte;Azulão do Norte;Cristina Vieira;MC;MID;58;22;14730000;R;7;Brasil;70;100;;editado;119600
479;A;10997;10997|amandamoreira;Azulão do Norte;Azulão do Norte;Amanda Moreira;ZAG;DEF;58;25;15610000;R;17;Brasil;70;100;;editado;119600
480;A;10997;10997|fernandacosta;Azulão do Norte;Azulão do Norte;Fernanda Costa;ZAG;DEF;58;20;14140000;R;13;Brasil;70;100;;editado;119600
481;A;10997;10997|beatrizferreira;Azulão do Norte;Azulão do Norte;Beatriz Ferreira;GOL;GK;45;21;5350000;R;94;Brasil;70;100;;editado;58000
482;A;221;221|nathaliaaraujo;Vila Praiana;Vila Praiana;Nathalia Araújo;GOL;GK;82;27;86000000;R;77;Brasil;70;100;;editado;496000
483;A;221;221|yasminsouza;Vila Praiana;Vila Praiana;Yasmin Souza;PD;ATT;80;31;57400000;L;32;Brasil;70;100;;editado;420000
484;A;221;221|fabianaoliveira;Vila Praiana;Vila Praiana;Fabiana Oliveira;MC;MID;80;20;61090000;R;49;Brasil;70;100;;editado;420000
485;A;221;221|valentinateixeira;Vila Praiana;Vila Praiana;Valentina Teixeira;MEI;MID;79;28;63510000;R;10;Brasil;70;100;;editado;400000
486;A;221;221|simonealmeida;Vila Praiana;Vila Praiana;Simone Almeida;MC;MID;78;24;59560000;R;25;Brasil;70;100;;editado;380000
487;A;221;221|helenateixeira;Vila Praiana;Vila Praiana;Helena Teixeira;PE;ATT;78;33;45990000;L;22;Brasil;70;100;;editado;380000
488;A;221;221|deniserocha;Vila Praiana;Vila Praiana;Denise Rocha;PD;ATT;76;31;45920000;B;7;Brasil;70;100;;editado;340000
489;A;221;221|amandaandrade;Vila Praiana;Vila Praiana;Amanda Andrade;MEI;MID;76;21;49890000;L;30;Brasil;70;100;;editado;340000
490;A;221;221|vivianevieira;Vila Praiana;Vila Praiana;Viviane Vieira;ZAG;DEF;75;19;44860000;R;4;Brasil;70;100;;editado;320000
491;A;221;221|mariamartins;Vila Praiana;Vila Praiana;Maria Martins;CA;ATT;75;27;52500000;R;11;Brasil;70;100;;editado;320000
492;A;221;221|vanessafarias;Vila Praiana;Vila Praiana;Vanessa Farias;LAE;DEF;75;28;50140000;L;3;Brasil;70;100;;editado;320000
493;A;221;221|fernandavieira;Vila Praiana;Vila Praiana;Fernanda Vieira;ZAG;DEF;73;32;35260000;R;98;Brasil;70;100;;editado;280000
494;A;221;221|cristinafarias;Vila Praiana;Vila Praiana;Cristina Farias;ZAG;DEF;70;23;32450000;R;2;Brasil;70;100;;editado;220000
495;A;221;221|renatafarias;Vila Praiana;Vila Praiana;Renata Farias;PE;ATT;70;31;28700000;R;21;Brasil;70;100;;editado;220000
496;A;221;221|gislainefarias;Vila Praiana;Vila Praiana;Gislaine Farias;LAD;DEF;70;22;31820000;R;18;Brasil;70;100;;editado;220000
497;A;221;221|carlamelo;Vila Praiana;Vila Praiana;Carla Melo;GOL;GK;70;33;25550000;R;23;Brasil;70;100;;editado;220000
498;A;221;221|anamelo;Vila Praiana;Vila Praiana;Ana Melo;ZAG;DEF;69;23;30880000;R;37;Brasil;70;100;;editado;211000
499;A;221;221|mariamachado;Vila Praiana;Vila Praiana;Maria Machado;LAD;DEF;68;23;29300000;R;12;Brasil;70;100;;editado;202000
500;A;221;221|flaviacarvalho;Vila Praiana;Vila Praiana;Flávia Carvalho;CA;ATT;68;34;21650000;R;19;Brasil;70;100;;editado;202000
501;A;221;221|tatianamelo;Vila Praiana;Vila Praiana;Tatiana Melo;MC;MID;68;34;21650000;R;6;Brasil;70;100;;editado;202000
502;A;221;221|giovanasiqueira;Vila Praiana;Vila Praiana;Giovana Siqueira;VOL;MID;67;27;29900000;R;28;Brasil;70;100;;editado;193000
503;A;221;221|gislainetavares;Vila Praiana;Vila Praiana;Gislaine Tavares;PD;ATT;65;22;24090000;L;25;Brasil;70;100;;editado;175000
504;A;221;221|paulacarvalho;Vila Praiana;Vila Praiana;Paula Carvalho;MEI;MID;65;34;18150000;R;16;Brasil;70;100;;editado;175000
505;A;221;221|isabelateixeira;Vila Praiana;Vila Praiana;Isabela Teixeira;PE;ATT;65;24;25050000;R;2;Brasil;70;100;;editado;175000
506;A;221;221|gislainevieira;Vila Praiana;Vila Praiana;Gislaine Vieira;VOL;MID;63;26;22680000;R;15;Brasil;70;100;;editado;157000
507;A;221;221|robertavieira;Vila Praiana;Vila Praiana;Roberta Vieira;LAE;DEF;63;30;19980000;L;31;Brasil;70;100;;editado;157000
508;A;221;221|elainerocha;Vila Praiana;Vila Praiana;Elaine Rocha;ZAG;DEF;63;21;20580000;L;14;Brasil;70;100;;editado;157000
509;A;221;221|fabianasantos;Vila Praiana;Vila Praiana;Fabiana Santos;VOL;MID;63;19;19740000;L;5;Brasil;70;100;;editado;157000
510;A;221;221|jaquelineteixeira;Vila Praiana;Vila Praiana;Jaqueline Teixeira;ZAG;DEF;60;30;15570000;L;26;Brasil;70;100;;editado;130000
511;A;221;221|karinacarvalho;Vila Praiana;Vila Praiana;Karina Carvalho;VOL;MID;60;29;16380000;R;48;Brasil;70;100;;editado;130000
512;A;585;585|ju;Morumbi FC;Morumbi FC;Ju;MC;MID;82;27;86000000;R;8;Brasil;70;100;;editado;496000
513;A;585;585|nataliateixeira;Morumbi FC;Morumbi FC;Natália Teixeira;PD;ATT;79;31;54530000;L;37;Brasil;70;100;;editado;400000
514;A;585;585|elainemartins;Morumbi FC;Morumbi FC;Elaine Martins;MC;MID;77;22;54090000;R;16;Brasil;70;100;;editado;360000
515;A;585;585|ingridmartins;Morumbi FC;Morumbi FC;Ingrid Martins;VOL;MID;76;32;43400000;R;29;Brasil;70;100;;editado;340000
516;A;585;585|karinasiqueira;Morumbi FC;Morumbi FC;Karina Siqueira;CA;ATT;75;25;50590000;L;49;Brasil;70;100;;editado;320000
517;A;585;585|michelebezerra;Morumbi FC;Morumbi FC;Michele Bezerra;ZAG;DEF;75;23;48680000;R;28;Brasil;70;100;;editado;320000
518;A;585;585|julianapinto;Morumbi FC;Morumbi FC;Juliana Pinto;PE;ATT;75;24;49640000;R;11;Brasil;70;100;;editado;320000
519;A;585;585|vitinha;Morumbi FC;Morumbi FC;Vitinha;CA;ATT;74;33;35770000;R;14;Brasil;70;100;;editado;300000
520;A;585;585|adrianaandrade;Morumbi FC;Morumbi FC;Adriana Andrade;LAE;DEF;73;24;43020000;L;13;Brasil;70;100;;editado;280000
521;A;585;585|marciaferreira;Morumbi FC;Morumbi FC;Márcia Ferreira;PE;ATT;73;28;43450000;R;45;Brasil;70;100;;editado;280000
522;A;585;585|gabrielaferreira;Morumbi FC;Morumbi FC;Gabriela Ferreira;MEI;MID;73;22;41360000;B;80;Brasil;70;100;;editado;280000
523;A;585;585|camilamartins;Morumbi FC;Morumbi FC;Camila Martins;CA;ATT;73;34;31170000;L;17;Brasil;70;100;;editado;280000
524;A;585;585|isabelacosta;Morumbi FC;Morumbi FC;Isabela Costa;PE;ATT;71;21;34300000;B;44;Brasil;70;100;;editado;240000
525;A;585;585|helenalima;Morumbi FC;Morumbi FC;Helena Lima;PD;ATT;70;24;33090000;R;7;Brasil;70;100;;editado;220000
526;A;585;585|rafaelaalmeida;Morumbi FC;Morumbi FC;Rafaela Almeida;LAE;DEF;68;33;23070000;L;18;Brasil;70;100;;editado;202000
527;A;585;585|michelepinto;Morumbi FC;Morumbi FC;Michele Pinto;CA;ATT;68;20;27580000;R;9;Brasil;70;100;;editado;202000
528;A;585;585|thaismachado;Morumbi FC;Morumbi FC;Thaís Machado;GOL;GK;68;33;23070000;R;31;Brasil;70;100;;editado;202000
529;A;585;585|talitacarvalho;Morumbi FC;Morumbi FC;Talita Carvalho;LAD;DEF;68;27;31600000;R;42;Brasil;70;100;;editado;202000
530;A;585;585|brunete;Morumbi FC;Morumbi FC;Brunete;CA;ATT;67;25;28810000;L;10;Brasil;70;100;;editado;193000
531;A;585;585|eduardabatista;Morumbi FC;Morumbi FC;Eduarda Batista;MC;MID;65;25;25540000;R;94;Brasil;70;100;;editado;175000
532;A;585;585|fernandalima;Morumbi FC;Morumbi FC;Fernanda Lima;VOL;MID;65;32;20540000;R;33;Brasil;70;100;;editado;175000
533;A;585;585|nataliacardoso;Morumbi FC;Morumbi FC;Natália Cardoso;PE;ATT;65;24;25050000;B;34;Brasil;70;100;;editado;175000
534;A;585;585|anaferreira;Morumbi FC;Morumbi FC;Ana Ferreira;VOL;MID;65;24;25050000;R;30;Brasil;70;100;;editado;175000
535;A;585;585|marciateixeira;Morumbi FC;Morumbi FC;Márcia Teixeira;LAD;DEF;65;22;24090000;R;15;Brasil;70;100;;editado;175000
536;A;585;585|biancabezerra;Morumbi FC;Morumbi FC;Bianca Bezerra;ZAG;DEF;65;33;19340000;L;35;Brasil;70;100;;editado;175000
537;A;585;585|vitorianunes;Morumbi FC;Morumbi FC;Vitória Nunes;ZAG;DEF;63;20;20160000;R;2;Brasil;70;100;;editado;157000
538;A;585;585|biancalima;Morumbi FC;Morumbi FC;Bianca Lima;ZAG;DEF;63;30;19980000;L;37;Brasil;70;100;;editado;157000
539;A;585;585|vanessaoliveira;Morumbi FC;Morumbi FC;Vanessa Oliveira;LAD;DEF;63;23;21420000;R;19;Brasil;70;100;;editado;157000
540;A;585;585|karinapeixoto;Morumbi FC;Morumbi FC;Karina Peixoto;LAD;DEF;60;30;15570000;R;21;Brasil;70;100;;editado;130000
541;A;585;585|gislainepinto;Morumbi FC;Morumbi FC;Gislaine Pinto;GOL;GK;59;30;14790000;L;23;Brasil;70;100;;editado;124800
542;A;978;978|camilagomes;Cruz-Maltino;Cruz-Maltino;Camila Gomes;PE;ATT;81;20;68070000;R;11;Brasil;70;100;;editado;458000
543;A;978;978|alinebatista;Cruz-Maltino;Cruz-Maltino;Aline Batista;LAE;DEF;81;29;70980000;L;66;Brasil;70;100;;editado;458000
544;A;978;978|leticiacorreia;Cruz-Maltino;Cruz-Maltino;Letícia Correia;ZAG;DEF;81;24;73750000;L;30;Brasil;70;100;;editado;458000
545;A;978;978|fabianasilva;Cruz-Maltino;Cruz-Maltino;Fabiana Silva;ZAG;DEF;79;27;66500000;R;46;Brasil;70;100;;editado;400000
546;A;978;978|gabrielamartins;Cruz-Maltino;Cruz-Maltino;Gabriela Martins;PD;ATT;78;26;61850000;R;17;Brasil;70;100;;editado;380000
547;A;978;978|rafaelapeixoto;Cruz-Maltino;Cruz-Maltino;Rafaela Peixoto;GOL;GK;78;19;53840000;R;1;Brasil;70;100;;editado;380000
548;A;978;978|yasminlima;Cruz-Maltino;Cruz-Maltino;Yasmin Lima;LAD;DEF;77;22;54090000;R;96;Brasil;70;100;;editado;360000
549;A;978;978|carlaxavier;Cruz-Maltino;Cruz-Maltino;Carla Xavier;LAE;DEF;77;22;54090000;L;6;Brasil;70;100;;editado;360000
550;A;978;978|adrianafreitas;Cruz-Maltino;Cruz-Maltino;Adriana Freitas;VOL;MID;76;26;54980000;R;88;Brasil;70;100;;editado;340000
551;A;978;978|mariapereira;Cruz-Maltino;Cruz-Maltino;Maria Pereira;PD;ATT;76;32;43400000;R;18;Brasil;70;100;;editado;340000
552;A;978;978|vanessamoreira;Cruz-Maltino;Cruz-Maltino;Vanessa Moreira;CA;ATT;75;29;47780000;R;20;Brasil;70;100;;editado;320000
553;A;978;978|luanagomes;Cruz-Maltino;Cruz-Maltino;Luana Gomes;MEI;MID;74;27;49000000;R;10;Brasil;70;100;;editado;300000
554;A;978;978|biancafarias;Cruz-Maltino;Cruz-Maltino;Bianca Farias;CA;ATT;73;26;44670000;R;77;Brasil;70;100;;editado;280000
555;A;978;978|elainetavares;Cruz-Maltino;Cruz-Maltino;Elaine Tavares;PD;ATT;71;19;32900000;L;28;Brasil;70;100;;editado;240000
556;A;978;978|francielefreitas;Cruz-Maltino;Cruz-Maltino;Franciele Freitas;MC;MID;70;33;25550000;B;98;Brasil;70;100;;editado;220000
557;A;978;978|jaquelinenunes;Cruz-Maltino;Cruz-Maltino;Jaqueline Nunes;LAD;DEF;68;30;27330000;R;2;Brasil;70;100;;editado;202000
558;A;978;978|paulaandrade;Cruz-Maltino;Cruz-Maltino;Paula Andrade;PE;ATT;68;24;29880000;R;7;Brasil;70;100;;editado;202000
559;A;978;978|binha;Cruz-Maltino;Cruz-Maltino;Binha;VOL;MID;67;23;27730000;R;23;Brasil;70;100;;editado;193000
560;A;978;978|yasminmelo;Cruz-Maltino;Cruz-Maltino;Yasmin Melo;VOL;MID;66;34;19320000;L;85;Brasil;70;100;;editado;184000
561;A;978;978|sandramachado;Cruz-Maltino;Cruz-Maltino;Sandra Machado;ZAG;DEF;66;26;27690000;R;4;Brasil;70;100;;editado;184000
562;A;978;978|jessicarocha;Cruz-Maltino;Cruz-Maltino;Jéssica Rocha;PD;ATT;66;21;25120000;R;7;Brasil;70;100;;editado;184000
563;A;978;978|adrianabarbosa;Cruz-Maltino;Cruz-Maltino;Adriana Barbosa;ZAG;DEF;65;29;24120000;L;43;Brasil;70;100;;editado;175000
564;A;978;978|tatianabatista;Cruz-Maltino;Cruz-Maltino;Tatiana Batista;VOL;MID;65;20;23130000;R;25;Brasil;70;100;;editado;175000
565;A;978;978|larissacarvalho;Cruz-Maltino;Cruz-Maltino;Larissa Carvalho;GOL;GK;64;22;22550000;R;13;Brasil;70;100;;editado;166000
566;A;978;978|camilanunes;Cruz-Maltino;Cruz-Maltino;Camila Nunes;VOL;MID;63;20;20160000;R;8;Brasil;70;100;;editado;157000
567;A;978;978|kellyfarias;Cruz-Maltino;Cruz-Maltino;Kelly Farias;MC;MID;63;20;20160000;B;3;Brasil;70;100;;editado;157000
568;A;978;978|anapeixoto;Cruz-Maltino;Cruz-Maltino;Ana Peixoto;LAE;DEF;63;33;16860000;L;25;Brasil;70;100;;editado;157000
569;A;978;978|adrianamonteiro;Cruz-Maltino;Cruz-Maltino;Adriana Monteiro;LAE;DEF;61;27;19700000;L;27;Brasil;70;100;;editado;139000
570;A;978;978|talitafarias;Cruz-Maltino;Cruz-Maltino;Talita Farias;MEI;MID;59;30;14790000;R;17;Brasil;70;100;;editado;124800
571;A;978;978|alinefarias;Cruz-Maltino;Cruz-Maltino;Aline Farias;LAD;DEF;49;29;7640000;R;60;Brasil;70;100;;editado;74000
572;A;2125;2125|cristinacarvalho;Rubro-Negro Baiano;Rubro-Negro Baiano;Cristina Carvalho;LAE;DEF;73;33;33220000;L;36;Brasil;70;100;;editado;280000
573;A;2125;2125|kellyribeiro;Rubro-Negro Baiano;Rubro-Negro Baiano;Kelly Ribeiro;MEI;MID;73;32;35260000;L;10;Brasil;70;100;;editado;280000
574;A;2125;2125|deborafarias;Rubro-Negro Baiano;Rubro-Negro Baiano;Débora Farias;GOL;GK;71;19;32900000;R;1;Brasil;70;100;;editado;240000
575;A;2125;2125|luanapinto;Rubro-Negro Baiano;Rubro-Negro Baiano;Luana Pinto;VOL;MID;71;20;33600000;R;44;Brasil;70;100;;editado;240000
576;A;2125;2125|robertacorreia;Rubro-Negro Baiano;Rubro-Negro Baiano;Roberta Correia;VOL;MID;71;33;28100000;R;28;Brasil;70;100;;editado;240000
577;A;2125;2125|tatianapeixoto;Rubro-Negro Baiano;Rubro-Negro Baiano;Tatiana Peixoto;PD;ATT;71;23;35700000;L;33;Brasil;70;100;;editado;240000
578;A;2125;2125|deborabezerra;Rubro-Negro Baiano;Rubro-Negro Baiano;Débora Bezerra;LAE;DEF;70;34;23980000;L;13;Brasil;70;100;;editado;220000
579;A;2125;2125|sabrinamelo;Rubro-Negro Baiano;Rubro-Negro Baiano;Sabrina Melo;PE;ATT;70;25;33730000;L;12;Brasil;70;100;;editado;220000
580;A;2125;2125|lu;Rubro-Negro Baiano;Rubro-Negro Baiano;Lu;MEI;MID;69;26;32690000;L;17;Brasil;70;100;;editado;211000
581;A;2125;2125|raquelsilva;Rubro-Negro Baiano;Rubro-Negro Baiano;Raquel Silva;ZAG;DEF;69;25;32090000;R;5;Brasil;70;100;;editado;211000
582;A;2125;2125|paulaferreira;Rubro-Negro Baiano;Rubro-Negro Baiano;Paula Ferreira;LAD;DEF;69;33;24310000;R;2;Brasil;70;100;;editado;211000
583;A;2125;2125|kellyguimaraes;Rubro-Negro Baiano;Rubro-Negro Baiano;Kelly Guimarães;ZAG;DEF;68;32;24490000;R;25;Brasil;70;100;;editado;202000
584;A;2125;2125|fabianalima;Rubro-Negro Baiano;Rubro-Negro Baiano;Fabiana Lima;LAD;DEF;68;20;27580000;R;45;Brasil;70;100;;editado;202000
585;A;2125;2125|marcinha;Rubro-Negro Baiano;Rubro-Negro Baiano;Marcinha;CA;ATT;68;29;28760000;L;9;Brasil;70;100;;editado;202000
586;A;2125;2125|raquelpereira;Rubro-Negro Baiano;Rubro-Negro Baiano;Raquel Pereira;MEI;MID;66;19;24100000;R;6;Brasil;70;100;;editado;184000
587;A;2125;2125|bru;Rubro-Negro Baiano;Rubro-Negro Baiano;Bru;VOL;MID;66;23;26150000;R;16;Brasil;70;100;;editado;184000
588;A;2125;2125|lainha;Rubro-Negro Baiano;Rubro-Negro Baiano;Lainha;PE;ATT;65;22;24090000;R;29;Brasil;70;100;;editado;175000
589;A;2125;2125|vivianearaujo;Rubro-Negro Baiano;Rubro-Negro Baiano;Viviane Araújo;CA;ATT;65;30;22920000;R;79;Brasil;70;100;;editado;175000
590;A;2125;2125|leticiapereira;Rubro-Negro Baiano;Rubro-Negro Baiano;Letícia Pereira;CA;ATT;64;26;24350000;R;23;Brasil;70;100;;editado;166000
591;A;2125;2125|luanalima;Rubro-Negro Baiano;Rubro-Negro Baiano;Luana Lima;PE;ATT;64;25;23900000;R;3;Brasil;70;100;;editado;166000
592;A;2125;2125|rafaelasouza;Rubro-Negro Baiano;Rubro-Negro Baiano;Rafaela Souza;LAD;DEF;63;26;22680000;R;98;Brasil;70;100;;editado;157000
593;A;2125;2125|talitacorreia;Rubro-Negro Baiano;Rubro-Negro Baiano;Talita Correia;LAE;DEF;63;29;21020000;L;83;Brasil;70;100;;editado;157000
594;A;2125;2125|helenabezerra;Rubro-Negro Baiano;Rubro-Negro Baiano;Helena Bezerra;ZAG;DEF;63;21;20580000;R;43;Brasil;70;100;;editado;157000
595;A;2125;2125|carolinacavalcanti;Rubro-Negro Baiano;Rubro-Negro Baiano;Carolina Cavalcanti;PD;ATT;63;28;22060000;R;20;Brasil;70;100;;editado;157000
596;A;2125;2125|francieleoliveira;Rubro-Negro Baiano;Rubro-Negro Baiano;Franciele Oliveira;CA;ATT;62;24;20230000;R;31;Brasil;70;100;;editado;148000
597;A;2125;2125|ingridnunes;Rubro-Negro Baiano;Rubro-Negro Baiano;Ingrid Nunes;VOL;MID;61;28;18810000;L;21;Brasil;70;100;;editado;139000
598;A;2125;2125|paulinha;Rubro-Negro Baiano;Rubro-Negro Baiano;Paulinha;VOL;MID;60;29;16380000;R;95;Brasil;70;100;;editado;130000
599;A;2125;2125|jessicaxavier;Rubro-Negro Baiano;Rubro-Negro Baiano;Jéssica Xavier;MC;MID;60;21;16040000;R;88;Brasil;70;100;;editado;130000
600;A;2125;2125|renatamachado;Rubro-Negro Baiano;Rubro-Negro Baiano;Renata Machado;GOL;GK;59;24;16170000;R;22;Brasil;70;100;;editado;124800
601;A;2125;2125|biancadias;Rubro-Negro Baiano;Rubro-Negro Baiano;Bianca Dias;PE;ATT;59;28;16330000;B;19;Brasil;70;100;;editado;124800
602;B;br_B_2863;br_B_2863|luciabenitez;Coelho Mineiro;Coelho Mineiro;Lucía Benítez;CA;ATT;37;33;2260000;L;17;Uruguay;70;100;;editado;35800
603;B;br_B_2863;br_B_2863|vaninha;Coelho Mineiro;Coelho Mineiro;Vaninha;ZAG;DEF;35;32;1940000;L;;Argentina;70;100;;editado;31000
604;B;br_B_2863;br_B_2863|cristinapeixoto;Coelho Mineiro;Coelho Mineiro;Cristina Peixoto;LAE;DEF;34;32;1800000;L;29;Brazil;70;100;;editado;29200
605;B;br_B_2863;br_B_2863|renatabezerra;Coelho Mineiro;Coelho Mineiro;Renata Bezerra;ZAG;DEF;33;31;1750000;R;3;Brazil;70;100;;editado;27400
606;B;br_B_2863;br_B_2863|julianaaraujo;Coelho Mineiro;Coelho Mineiro;Juliana Araújo;MEI;MID;33;20;1870000;R;10;Brazil;70;100;;editado;27400
607;B;br_B_2863;br_B_2863|michelinha;Coelho Mineiro;Coelho Mineiro;Michelinha;PD;ATT;33;20;1870000;R;67;Brazil;70;100;;editado;27400
608;B;br_B_2863;br_B_2863|carolinamunoz;Coelho Mineiro;Coelho Mineiro;Carolina Muñoz;PD;ATT;33;23;1980000;L;77;Paraguay;70;100;;editado;27400
609;B;br_B_2863;br_B_2863|karinasouza;Coelho Mineiro;Coelho Mineiro;Karina Souza;LAD;DEF;32;27;1960000;R;22;Brazil;70;100;;editado;25600
610;B;br_B_2863;br_B_2863|beatrizoliveira;Coelho Mineiro;Coelho Mineiro;Beatriz Oliveira;LAD;DEF;32;32;1520000;R;15;Brazil;70;100;;editado;25600
611;B;br_B_2863;br_B_2863|beatrizmelo;Coelho Mineiro;Coelho Mineiro;Beatriz Melo;VOL;MID;32;29;1780000;R;97;Brazil;70;100;;editado;25600
612;B;br_B_2863;br_B_2863|adrianafarias;Coelho Mineiro;Coelho Mineiro;Adriana Farias;MC;MID;32;23;1820000;R;8;Brazil;70;100;;editado;25600
613;B;br_B_2863;br_B_2863|brisacastillo;Coelho Mineiro;Coelho Mineiro;Brisa Castillo;MEI;MID;32;35;1250000;R;5;Argentina;70;100;;editado;25600
614;B;br_B_2863;br_B_2863|simoninha;Coelho Mineiro;Coelho Mineiro;Simoninha;GOL;GK;31;33;1300000;R;1;Brazil;70;100;;editado;23800
615;B;br_B_2863;br_B_2863|mi;Coelho Mineiro;Coelho Mineiro;Mi;ZAG;DEF;31;33;1300000;R;45;Brazil;70;100;;editado;23800
616;B;br_B_2863;br_B_2863|lele;Coelho Mineiro;Coelho Mineiro;Lelê;ZAG;DEF;31;36;1060000;R;26;Brazil;70;100;;editado;23800
617;B;br_B_2863;br_B_2863|jaquelinenascimento;Coelho Mineiro;Coelho Mineiro;Jaqueline Nascimento;VOL;MID;31;36;1060000;R;16;Brazil;70;100;;editado;23800
618;B;br_B_2863;br_B_2863|alinesiqueira;Coelho Mineiro;Coelho Mineiro;Aline Siqueira;SA;ATT;31;39;820000;R;9;Brazil;70;100;;editado;23800
619;B;br_B_2863;br_B_2863|amandapinto;Coelho Mineiro;Coelho Mineiro;Amanda Pinto;LAD;DEF;30;24;1510000;R;42;Brazil;70;100;;editado;22000
620;B;br_B_2863;br_B_2863|rocioesquivel;Coelho Mineiro;Coelho Mineiro;Rocío Esquivel;LAE;DEF;29;27;1480000;L;;Argentina;70;100;;editado;20600
621;B;br_B_2863;br_B_2863|alineandrade;Coelho Mineiro;Coelho Mineiro;Aline Andrade;PE;ATT;29;25;1430000;L;20;Brazil;70;100;;editado;20600
622;B;br_B_2863;br_B_2863|antonellabenavidez;Coelho Mineiro;Coelho Mineiro;Antonella Benavídez;PD;ATT;29;27;1480000;R;;Uruguay;70;100;;editado;20600
623;B;br_B_2863;br_B_2863|carolinavieira;Coelho Mineiro;Coelho Mineiro;Carolina Vieira;CA;ATT;29;24;1400000;L;99;Brazil;70;100;;editado;20600
624;B;br_B_2863;br_B_2863|talitaxavier;Coelho Mineiro;Coelho Mineiro;Talita Xavier;GOL;GK;27;20;1080000;R;52;Brazil;70;100;;editado;17800
625;B;br_B_2863;br_B_2863|priscilagomes;Coelho Mineiro;Coelho Mineiro;Priscila Gomes;PD;ATT;27;22;1130000;L;11;Brazil;70;100;;editado;17800
626;B;br_B_2863;br_B_2863|helenaandrade;Coelho Mineiro;Coelho Mineiro;Helena Andrade;PD;ATT;27;30;1070000;R;7;Brazil;70;100;;editado;17800
627;B;br_B_64918;br_B_64918|raquelmachado;Esquadrão de Aço;Esquadrão de Aço;Raquel Machado;ZAG;DEF;36;23;2600000;R;;Brazil;70;100;;editado;33400
628;B;br_B_64918;br_B_64918|priscilabatista;Esquadrão de Aço;Esquadrão de Aço;Priscila Batista;GOL;GK;34;33;1690000;R;;Brazil;70;100;;editado;29200
629;B;br_B_64918;br_B_64918|vanessacardoso;Esquadrão de Aço;Esquadrão de Aço;Vanessa Cardoso;LAD;DEF;34;32;1800000;R;;Brazil;70;100;;editado;29200
630;B;br_B_64918;br_B_64918|vanessaandrade;Esquadrão de Aço;Esquadrão de Aço;Vanessa Andrade;PE;ATT;34;26;2280000;L;;Brazil;70;100;;editado;29200
631;B;br_B_64918;br_B_64918|leonorfonseca;Esquadrão de Aço;Esquadrão de Aço;Leonor Fonseca;CA;ATT;34;28;2220000;R;;Portugal;70;100;;editado;29200
632;B;br_B_64918;br_B_64918|fernandasiqueira;Esquadrão de Aço;Esquadrão de Aço;Fernanda Siqueira;MC;MID;33;21;1910000;R;;Brazil;70;100;;editado;27400
633;B;br_B_64918;br_B_64918|antonellaguerrero;Esquadrão de Aço;Esquadrão de Aço;Antonella Guerrero;PE;ATT;33;23;1980000;R;;Ecuador;70;100;;editado;27400
634;B;br_B_64918;br_B_64918|karinafarias;Esquadrão de Aço;Esquadrão de Aço;Karina Farias;VOL;MID;32;23;1820000;R;;Brazil;70;100;;editado;25600
635;B;br_B_64918;br_B_64918|brunacorreia;Esquadrão de Aço;Esquadrão de Aço;Bruna Correia;LAD;DEF;31;22;1620000;R;;Brazil;70;100;;editado;23800
636;B;br_B_64918;br_B_64918|luizavieira;Esquadrão de Aço;Esquadrão de Aço;Luíza Vieira;MC;MID;31;23;1650000;L;;Brazil;70;100;;editado;23800
637;B;br_B_64918;br_B_64918|robertaandrade;Esquadrão de Aço;Esquadrão de Aço;Roberta Andrade;MC;MID;31;22;1620000;R;;Brazil;70;100;;editado;23800
638;B;br_B_64918;br_B_64918|amandaxavier;Esquadrão de Aço;Esquadrão de Aço;Amanda Xavier;MEI;MID;31;24;1680000;L;;Brazil;70;100;;editado;23800
639;B;br_B_64918;br_B_64918|biancaandrade;Esquadrão de Aço;Esquadrão de Aço;Bianca Andrade;PD;ATT;31;22;1620000;R;;Brazil;70;100;;editado;23800
640;B;br_B_64918;br_B_64918|nathaliaoliveira;Esquadrão de Aço;Esquadrão de Aço;Nathalia Oliveira;MEI;MID;30;22;1450000;R;;Brazil;70;100;;editado;22000
641;B;br_B_64918;br_B_64918|amandafreitas;Esquadrão de Aço;Esquadrão de Aço;Amanda Freitas;GOL;GK;29;35;950000;R;;Brazil;70;100;;editado;20600
642;B;br_B_64918;br_B_64918|yasminguimaraes;Esquadrão de Aço;Esquadrão de Aço;Yasmin Guimarães;ZAG;DEF;29;27;1480000;R;;Brazil;70;100;;editado;20600
643;B;br_B_64918;br_B_64918|karinadias;Esquadrão de Aço;Esquadrão de Aço;Karina Dias;ZAG;DEF;29;31;1210000;R;;Brazil;70;100;;editado;20600
644;B;br_B_64918;br_B_64918|raquelzinha;Esquadrão de Aço;Esquadrão de Aço;Raquelzinha;LAE;DEF;29;22;1350000;L;;Brazil;70;100;;editado;20600
645;B;br_B_64918;br_B_64918|carlacardoso;Esquadrão de Aço;Esquadrão de Aço;Carla Cardoso;LAD;DEF;29;26;1450000;R;;Brazil;70;100;;editado;20600
646;B;br_B_64918;br_B_64918|rociomendoza;Esquadrão de Aço;Esquadrão de Aço;Rocío Mendoza;MC;MID;29;23;1370000;L;;Colombia;70;100;;editado;20600
647;B;br_B_64918;br_B_64918|raquelpinto;Esquadrão de Aço;Esquadrão de Aço;Raquel Pinto;PD;ATT;28;23;1260000;L;;Brazil;70;100;;editado;19200
648;B;br_B_64918;br_B_64918|paulanascimento;Esquadrão de Aço;Esquadrão de Aço;Paula Nascimento;PD;ATT;27;23;1150000;L;;Brazil;70;100;;editado;17800
649;B;br_B_64918;br_B_64918|valentinacastillo;Esquadrão de Aço;Esquadrão de Aço;Valentina Castillo;CA;ATT;27;26;1220000;R;;Colombia;70;100;;editado;17800
650;B;br_B_64918;br_B_64918|khadijafurtado;Esquadrão de Aço;Esquadrão de Aço;Khadija Furtado;CA;ATT;27;22;1130000;L;;Nigeria;70;100;;editado;17800
651;B;br_B_64918;br_B_64918|alinepereira;Esquadrão de Aço;Esquadrão de Aço;Aline Pereira;CA;ATT;27;23;1150000;L;;Brazil;70;100;;editado;17800
652;B;br_B_15172;br_B_15172|luanaferreira;Dragão Goiano;Dragão Goiano;Luana Ferreira;CA;ATT;36;27;2800000;R;;Brazil;70;100;;editado;33400
653;B;br_B_15172;br_B_15172|priscilasilva;Dragão Goiano;Dragão Goiano;Priscila Silva;ZAG;DEF;34;25;2240000;R;;Brazil;70;100;;editado;29200
654;B;br_B_15172;br_B_15172|danielanunes;Dragão Goiano;Dragão Goiano;Daniela Nunes;LAE;DEF;34;24;2190000;L;;Brazil;70;100;;editado;29200
655;B;br_B_15172;br_B_15172|patriciasiqueira;Dragão Goiano;Dragão Goiano;Patrícia Siqueira;ZAG;DEF;33;29;1950000;R;;Brazil;70;100;;editado;27400
656;B;br_B_15172;br_B_15172|ximenaromero;Dragão Goiano;Dragão Goiano;Ximena Romero;ZAG;DEF;33;28;2040000;R;;Paraguay;70;100;;editado;27400
657;B;br_B_15172;br_B_15172|jaquelinefarias;Dragão Goiano;Dragão Goiano;Jaqueline Farias;VOL;MID;33;26;2100000;R;;Brazil;70;100;;editado;27400
658;B;br_B_15172;br_B_15172|mariabarbosa;Dragão Goiano;Dragão Goiano;Maria Barbosa;PD;ATT;33;27;2140000;L;;Brazil;70;100;;editado;27400
659;B;br_B_15172;br_B_15172|alinecosta;Dragão Goiano;Dragão Goiano;Aline Costa;LAE;DEF;32;28;1870000;L;;Brazil;70;100;;editado;25600
660;B;br_B_15172;br_B_15172|patriciacosta;Dragão Goiano;Dragão Goiano;Patrícia Costa;PE;ATT;32;22;1780000;R;;Brazil;70;100;;editado;25600
661;B;br_B_15172;br_B_15172|carlateixeira;Dragão Goiano;Dragão Goiano;Carla Teixeira;PD;ATT;32;28;1870000;R;;Brazil;70;100;;editado;25600
662;B;br_B_15172;br_B_15172|julianaoliveira;Dragão Goiano;Dragão Goiano;Juliana Oliveira;GOL;GK;31;37;980000;R;;Brazil;70;100;;editado;23800
663;B;br_B_15172;br_B_15172|elainevieira;Dragão Goiano;Dragão Goiano;Elaine Vieira;VOL;MID;31;37;980000;R;;Brazil;70;100;;editado;23800
664;B;br_B_15172;br_B_15172|sandrateixeira;Dragão Goiano;Dragão Goiano;Sandra Teixeira;MEI;MID;31;35;1140000;L;;Brazil;70;100;;editado;23800
665;B;br_B_15172;br_B_15172|vane;Dragão Goiano;Dragão Goiano;Vanê;CA;ATT;30;21;1430000;R;;Brazil;70;100;;editado;22000
666;B;br_B_15172;br_B_15172|patyzinha;Dragão Goiano;Dragão Goiano;Patyzinha;LAD;DEF;29;25;1430000;R;;Brazil;70;100;;editado;20600
667;B;br_B_15172;br_B_15172|ingridcardoso;Dragão Goiano;Dragão Goiano;Ingrid Cardoso;VOL;MID;29;31;1210000;R;;Brazil;70;100;;editado;20600
668;B;br_B_15172;br_B_15172|ticinha;Dragão Goiano;Dragão Goiano;Ticinha;MC;MID;29;34;1010000;R;;Brazil;70;100;;editado;20600
669;B;br_B_15172;br_B_15172|adrianasilva;Dragão Goiano;Dragão Goiano;Adriana Silva;PD;ATT;29;25;1430000;R;;Brazil;70;100;;editado;20600
670;B;br_B_15172;br_B_15172|deniserodrigues;Dragão Goiano;Dragão Goiano;Denise Rodrigues;CA;ATT;29;21;1320000;L;;Brazil;70;100;;editado;20600
671;B;br_B_15172;br_B_15172|thaiscosta;Dragão Goiano;Dragão Goiano;Thaís Costa;GOL;GK;27;24;1170000;R;;Brazil;70;100;;editado;17800
672;B;br_B_15172;br_B_15172|simonedias;Dragão Goiano;Dragão Goiano;Simone Dias;MEI;MID;27;24;1170000;L;;Brazil;70;100;;editado;17800
673;B;br_B_15172;br_B_15172|renatinha;Dragão Goiano;Dragão Goiano;Renatinha;PE;ATT;27;19;1060000;R;;Brazil;70;100;;editado;17800
674;B;br_B_15172;br_B_15172|jaquelinecavalcanti;Dragão Goiano;Dragão Goiano;Jaqueline Cavalcanti;PD;ATT;27;27;1240000;L;;Brazil;70;100;;editado;17800
675;B;br_B_15172;br_B_15172|carolinamarques;Dragão Goiano;Dragão Goiano;Carolina Marques;PD;ATT;27;21;1100000;L;;Portugal;70;100;;editado;17800
676;B;br_B_15172;br_B_15172|jessicaguimaraes;Dragão Goiano;Dragão Goiano;Jéssica Guimarães;CA;ATT;27;25;1190000;R;;Brazil;70;100;;editado;17800
677;B;br_B_2035;br_B_2035|ingridalmeida;Azurra Catarinense;Azurra Catarinense;Ingrid Almeida;VOL;MID;34;30;2010000;R;77;Brazil;70;100;;editado;29200
678;B;br_B_2035;br_B_2035|brunasilva;Azurra Catarinense;Azurra Catarinense;Bruna Silva;MC;MID;34;27;2320000;R;95;Brazil;70;100;;editado;29200
679;B;br_B_2035;br_B_2035|isabeladias;Azurra Catarinense;Azurra Catarinense;Isabela Dias;MEI;MID;33;27;2140000;L;14;Brazil;70;100;;editado;27400
680;B;br_B_2035;br_B_2035|rafinha;Azurra Catarinense;Azurra Catarinense;Rafinha Dias;PD;ATT;33;19;1830000;L;43;Brazil;70;100;;editado;27400
681;B;br_B_2035;br_B_2035|carlaaraujo;Azurra Catarinense;Azurra Catarinense;Carla Araújo;LAD;DEF;32;26;1920000;R;52;Brazil;70;100;;editado;25600
682;B;br_B_2035;br_B_2035|helenacarvalho;Azurra Catarinense;Azurra Catarinense;Helena Carvalho;VOL;MID;32;21;1750000;R;25;Brazil;70;100;;editado;25600
683;B;br_B_2035;br_B_2035|larissapeixoto;Azurra Catarinense;Azurra Catarinense;Larissa Peixoto;ZAG;DEF;31;22;1620000;R;15;Brazil;70;100;;editado;23800
684;B;br_B_2035;br_B_2035|carolinaribeiro;Azurra Catarinense;Azurra Catarinense;Carolina Ribeiro;LAE;DEF;30;29;1460000;L;66;Brazil;70;100;;editado;22000
685;B;br_B_2035;br_B_2035|fabianabatista;Azurra Catarinense;Azurra Catarinense;Fabiana Batista;GOL;GK;29;30;1280000;R;1;Brazil;70;100;;editado;20600
686;B;br_B_2035;br_B_2035|jessicagomes;Azurra Catarinense;Azurra Catarinense;Jéssica Gomes;GOL;GK;29;33;1080000;R;21;Brazil;70;100;;editado;20600
687;B;br_B_2035;br_B_2035|giovanafarias;Azurra Catarinense;Azurra Catarinense;Giovana Farias;ZAG;DEF;29;23;1370000;R;38;Brazil;70;100;;editado;20600
688;B;br_B_2035;br_B_2035|kellynunes;Azurra Catarinense;Azurra Catarinense;Kelly Nunes;LAD;DEF;29;24;1400000;R;2;Brazil;70;100;;editado;20600
689;B;br_B_2035;br_B_2035|sandracosta;Azurra Catarinense;Azurra Catarinense;Sandra Costa;MC;MID;29;26;1450000;R;5;Brazil;70;100;;editado;20600
690;B;br_B_2035;br_B_2035|vivianemelo;Azurra Catarinense;Azurra Catarinense;Viviane Melo;MC;MID;29;22;1350000;R;18;Brazil;70;100;;editado;20600
691;B;br_B_2035;br_B_2035|karinaoliveira;Azurra Catarinense;Azurra Catarinense;Karina Oliveira;MEI;MID;29;27;1480000;L;8;Brazil;70;100;;editado;20600
692;B;br_B_2035;br_B_2035|kellypeixoto;Azurra Catarinense;Azurra Catarinense;Kelly Peixoto;MEI;MID;29;31;1210000;R;10;Brazil;70;100;;editado;20600
693;B;br_B_2035;br_B_2035|jaquelinesantos;Azurra Catarinense;Azurra Catarinense;Jaqueline Santos;CA;ATT;29;40;670000;R;9;Brazil;70;100;;editado;20600
694;B;br_B_2035;br_B_2035|helenarodrigues;Azurra Catarinense;Azurra Catarinense;Helena Rodrigues;PE;ATT;28;21;1210000;R;11;Brazil;70;100;;editado;19200
695;B;br_B_2035;br_B_2035|marcianascimento;Azurra Catarinense;Azurra Catarinense;Márcia Nascimento;ZAG;DEF;27;21;1100000;R;4;Brazil;70;100;;editado;17800
696;B;br_B_2035;br_B_2035|patriciaalmeida;Azurra Catarinense;Azurra Catarinense;Patrícia Almeida;VOL;MID;27;19;1060000;R;16;Brazil;70;100;;editado;17800
697;B;br_B_2035;br_B_2035|sabrinacarvalho;Azurra Catarinense;Azurra Catarinense;Sabrina Carvalho;VOL;MID;27;19;1060000;R;19;Brazil;70;100;;editado;17800
698;B;br_B_2035;br_B_2035|jaquelinebatista;Azurra Catarinense;Azurra Catarinense;Jaqueline Batista;MC;MID;27;24;1170000;R;27;Brazil;70;100;;editado;17800
699;B;br_B_2035;br_B_2035|priscilamelo;Azurra Catarinense;Azurra Catarinense;Priscila Melo;PE;ATT;27;21;1100000;R;17;Brazil;70;100;;editado;17800
700;B;br_B_2035;br_B_2035|manda;Azurra Catarinense;Azurra Catarinense;Manda;PE;ATT;27;21;1100000;R;20;Brazil;70;100;;editado;17800
701;B;br_B_2035;br_B_2035|lorenaguimaraes;Azurra Catarinense;Azurra Catarinense;Lorena Guimarães;PD;ATT;27;22;1130000;R;;Brazil;70;100;;editado;17800
702;B;br_B_9030;br_B_9030|adrianarocha;Tricolor de Ribeirão;Tricolor de Ribeirão;Adriana Rocha;MC;MID;35;28;2390000;R;8;Brazil;70;100;;editado;31000
703;B;br_B_9030;br_B_9030|isabellamendoza;Tricolor de Ribeirão;Tricolor de Ribeirão;Isabella Mendoza;VOL;MID;33;30;1850000;R;5;Argentina;70;100;;editado;27400
704;B;br_B_9030;br_B_9030|kellysouza;Tricolor de Ribeirão;Tricolor de Ribeirão;Kelly Souza;VOL;MID;33;31;1750000;R;16;Brazil;70;100;;editado;27400
705;B;br_B_9030;br_B_9030|vivianeguimaraes;Tricolor de Ribeirão;Tricolor de Ribeirão;Viviane Guimarães;MEI;MID;33;33;1560000;R;10;Brazil;70;100;;editado;27400
706;B;br_B_9030;br_B_9030|priscilaandrade;Tricolor de Ribeirão;Tricolor de Ribeirão;Priscila Andrade;ZAG;DEF;32;31;1610000;R;13;Brazil;70;100;;editado;25600
707;B;br_B_9030;br_B_9030|vivianexavier;Tricolor de Ribeirão;Tricolor de Ribeirão;Viviane Xavier;LAE;DEF;32;29;1780000;L;6;Brazil;70;100;;editado;25600
708;B;br_B_9030;br_B_9030|tatianarocha;Tricolor de Ribeirão;Tricolor de Ribeirão;Tatiana Rocha;PE;ATT;32;34;1340000;R;18;Brazil;70;100;;editado;25600
709;B;br_B_9030;br_B_9030|francielexavier;Tricolor de Ribeirão;Tricolor de Ribeirão;Franciele Xavier;PD;ATT;32;28;1870000;R;7;Brazil;70;100;;editado;25600
710;B;br_B_9030;br_B_9030|karinagomes;Tricolor de Ribeirão;Tricolor de Ribeirão;Karina Gomes;ZAG;DEF;29;26;1450000;R;15;Brazil;70;100;;editado;20600
711;B;br_B_9030;br_B_9030|paulatavares;Tricolor de Ribeirão;Tricolor de Ribeirão;Paula Tavares;LAE;DEF;29;27;1480000;L;26;Brazil;70;100;;editado;20600
712;B;br_B_9030;br_B_9030|larissabatista;Tricolor de Ribeirão;Tricolor de Ribeirão;Larissa Batista;LAD;DEF;29;31;1210000;R;22;Brazil;70;100;;editado;20600
713;B;br_B_9030;br_B_9030|gabrielaguimaraes;Tricolor de Ribeirão;Tricolor de Ribeirão;Gabriela Guimarães;PE;ATT;29;26;1450000;R;30;Brazil;70;100;;editado;20600
714;B;br_B_9030;br_B_9030|fabianaalmeida;Tricolor de Ribeirão;Tricolor de Ribeirão;Fabiana Almeida;PE;ATT;29;30;1280000;R;11;Brazil;70;100;;editado;20600
715;B;br_B_9030;br_B_9030|valentinabezerra;Tricolor de Ribeirão;Tricolor de Ribeirão;Valentina Bezerra;CA;ATT;29;23;1370000;L;21;Brazil;70;100;;editado;20600
716;B;br_B_9030;br_B_9030|carlamoreira;Tricolor de Ribeirão;Tricolor de Ribeirão;Carla Moreira;LAD;DEF;28;19;1160000;R;31;Brazil;70;100;;editado;19200
717;B;br_B_9030;br_B_9030|carolzinha;Tricolor de Ribeirão;Tricolor de Ribeirão;Carolzinha;MC;MID;28;21;1210000;R;;Brazil;70;100;;editado;19200
718;B;br_B_9030;br_B_9030|rafaelamonteiro;Tricolor de Ribeirão;Tricolor de Ribeirão;Rafaela Monteiro;GOL;GK;27;28;1180000;R;12;Brazil;70;100;;editado;17800
719;B;br_B_9030;br_B_9030|julianabezerra;Tricolor de Ribeirão;Tricolor de Ribeirão;Juliana Bezerra;GOL;GK;27;23;1150000;R;25;Brazil;70;100;;editado;17800
720;B;br_B_9030;br_B_9030|luanaxavier;Tricolor de Ribeirão;Tricolor de Ribeirão;Luana Xavier;MC;MID;27;20;1080000;R;20;Brazil;70;100;;editado;17800
721;B;br_B_9030;br_B_9030|julianafarias;Tricolor de Ribeirão;Tricolor de Ribeirão;Juliana Farias;PE;ATT;27;27;1240000;R;19;Brazil;70;100;;editado;17800
722;B;br_B_9030;br_B_9030|carlaoliveira;Tricolor de Ribeirão;Tricolor de Ribeirão;Carla Oliveira;PE;ATT;27;25;1190000;R;23;Brazil;70;100;;editado;17800
723;B;br_B_9030;br_B_9030|michelecarvalho;Tricolor de Ribeirão;Tricolor de Ribeirão;Michele Carvalho;CA;ATT;27;33;910000;R;9;Brazil;70;100;;editado;17800
724;B;br_B_9030;br_B_9030|amandaferreira;Tricolor de Ribeirão;Tricolor de Ribeirão;Amanda Ferreira;CA;ATT;27;36;740000;R;17;Brazil;70;100;;editado;17800
725;B;br_B_9030;br_B_9030|eduardaaraujo;Tricolor de Ribeirão;Tricolor de Ribeirão;Eduarda Araújo;CA;ATT;27;19;1060000;R;;Brazil;70;100;;editado;17800
726;B;br_B_9030;br_B_9030|danielaguimaraes;Tricolor de Ribeirão;Tricolor de Ribeirão;Daniela Guimarães;CA;ATT;27;21;1100000;R;32;Brazil;70;100;;editado;17800
727;B;br_B_2029;br_B_2029|denisemoreira;Vovô Cearense;Vovô Cearense;Denise Moreira;VOL;MID;37;25;2990000;R;25;Brazil;70;100;;editado;35800
728;B;br_B_2029;br_B_2029|karinasantos;Vovô Cearense;Vovô Cearense;Karina Santos;CA;ATT;37;25;2990000;R;9;Brazil;70;100;;editado;35800
729;B;br_B_2029;br_B_2029|pauly;Vovô Cearense;Vovô Cearense;Pauly;MEI;MID;36;28;2670000;R;98;Brazil;70;100;;editado;33400
730;B;br_B_2029;br_B_2029|denisecardoso;Vovô Cearense;Vovô Cearense;Denise Cardoso;MEI;MID;36;24;2650000;R;8;Brazil;70;100;;editado;33400
731;B;br_B_2029;br_B_2029|karinabezerra;Vovô Cearense;Vovô Cearense;Karina Bezerra;PD;ATT;36;21;2490000;R;30;Brazil;70;100;;editado;33400
732;B;br_B_2029;br_B_2029|florenciamartinez;Vovô Cearense;Vovô Cearense;Florencia Martínez;CA;ATT;36;32;2170000;R;;Uruguay;70;100;;editado;33400
733;B;br_B_2029;br_B_2029|simonecosta;Vovô Cearense;Vovô Cearense;Simone Costa;ZAG;DEF;35;33;1820000;R;4;Brazil;70;100;;editado;31000
734;B;br_B_2029;br_B_2029|anabezerra;Vovô Cearense;Vovô Cearense;Ana Bezerra;PD;ATT;35;29;2280000;R;10;Brazil;70;100;;editado;31000
735;B;br_B_2029;br_B_2029|renatabarbosa;Vovô Cearense;Vovô Cearense;Renata Barbosa;GOL;GK;32;32;1520000;R;94;Brazil;70;100;;editado;25600
736;B;br_B_2029;br_B_2029|danielaxavier;Vovô Cearense;Vovô Cearense;Daniela Xavier;LAE;DEF;32;31;1610000;L;;Brazil;70;100;;editado;25600
737;B;br_B_2029;br_B_2029|beatrizcardoso;Vovô Cearense;Vovô Cearense;Beatriz Cardoso;LAD;DEF;32;31;1610000;R;2;Portugal;70;100;;editado;25600
738;B;br_B_2029;br_B_2029|brunapinto;Vovô Cearense;Vovô Cearense;Bruna Pinto;MEI;MID;32;35;1250000;R;29;Brazil;70;100;;editado;25600
739;B;br_B_2029;br_B_2029|simonesilva;Vovô Cearense;Vovô Cearense;Simone Silva;CA;ATT;32;23;1820000;R;99;Brazil;70;100;;editado;25600
740;B;br_B_2029;br_B_2029|thaismoreira;Vovô Cearense;Vovô Cearense;Thaís Moreira;ZAG;DEF;31;22;1620000;R;18;Brazil;70;100;;editado;23800
741;B;br_B_2029;br_B_2029|eduardaandrade;Vovô Cearense;Vovô Cearense;Eduarda Andrade;LAE;DEF;31;26;1750000;L;17;Brazil;70;100;;editado;23800
742;B;br_B_2029;br_B_2029|antonellarestrepo;Vovô Cearense;Vovô Cearense;Antonella Restrepo;MEI;MID;31;34;1220000;L;11;Argentina;70;100;;editado;23800
743;B;br_B_2029;br_B_2029|robertabatista;Vovô Cearense;Vovô Cearense;Roberta Batista;LAD;DEF;30;29;1460000;R;31;Brazil;70;100;;editado;22000
744;B;br_B_2029;br_B_2029|michelecavalcanti;Vovô Cearense;Vovô Cearense;Michele Cavalcanti;ZAG;DEF;29;31;1210000;R;33;Brazil;70;100;;editado;20600
745;B;br_B_2029;br_B_2029|carlinha;Vovô Cearense;Vovô Cearense;Carlinha;MEI;MID;29;19;1260000;L;40;Brazil;70;100;;editado;20600
746;B;br_B_2029;br_B_2029|carol;Vovô Cearense;Vovô Cearense;Carol;GOL;GK;27;25;1190000;R;23;Brazil;70;100;;editado;17800
747;B;br_B_2029;br_B_2029|nathaliarocha;Vovô Cearense;Vovô Cearense;Nathalia Rocha;ZAG;DEF;27;20;1080000;R;63;Brazil;70;100;;editado;17800
748;B;br_B_2029;br_B_2029|elainefreitas;Vovô Cearense;Vovô Cearense;Elaine Freitas;VOL;MID;27;34;850000;R;26;Brazil;70;100;;editado;17800
749;B;br_B_2029;br_B_2029|vivianesantos;Vovô Cearense;Vovô Cearense;Viviane Santos;VOL;MID;27;20;1080000;R;81;Brazil;70;100;;editado;17800
750;B;br_B_2029;br_B_2029|anasouza;Vovô Cearense;Vovô Cearense;Ana Souza;PE;ATT;27;21;1100000;R;35;Brazil;70;100;;editado;17800
751;B;br_B_2029;br_B_2029|isabelaferreira;Vovô Cearense;Vovô Cearense;Isabela Ferreira;CA;ATT;27;20;1080000;R;90;Brazil;70;100;;editado;17800
752;B;br_B_11449;br_B_11449|vitoriacardoso;Galo de Alagoas;Galo de Alagoas;Vitória Cardoso;MEI;MID;36;30;2420000;R;10;Brazil;70;100;;editado;33400
753;B;br_B_11449;br_B_11449|sandramonteiro;Galo de Alagoas;Galo de Alagoas;Sandra Monteiro;VOL;MID;34;26;2280000;R;45;Brazil;70;100;;editado;29200
754;B;br_B_11449;br_B_11449|bi;Galo de Alagoas;Galo de Alagoas;Bi;ZAG;DEF;34;24;2190000;R;44;Brazil;70;100;;editado;29200
755;B;br_B_11449;br_B_11449|vivianeandrade;Galo de Alagoas;Galo de Alagoas;Viviane Andrade;LAD;DEF;34;27;2320000;R;32;Brazil;70;100;;editado;29200
756;B;br_B_11449;br_B_11449|ingridpinto;Galo de Alagoas;Galo de Alagoas;Ingrid Pinto;PD;ATT;34;25;2240000;L;17;Brazil;70;100;;editado;29200
757;B;br_B_11449;br_B_11449|tatianamachado;Galo de Alagoas;Galo de Alagoas;Tatiana Machado;CA;ATT;34;27;2320000;L;28;Brazil;70;100;;editado;29200
758;B;br_B_11449;br_B_11449|amandacardoso;Galo de Alagoas;Galo de Alagoas;Amanda Cardoso;CA;ATT;34;32;1800000;R;19;Brazil;70;100;;editado;29200
759;B;br_B_11449;br_B_11449|patriciagomes;Galo de Alagoas;Galo de Alagoas;Patrícia Gomes;LAE;DEF;33;29;1950000;L;36;Brazil;70;100;;editado;27400
760;B;br_B_11449;br_B_11449|nathaliaxavier;Galo de Alagoas;Galo de Alagoas;Nathalia Xavier;MEI;MID;33;21;1910000;R;14;Brazil;70;100;;editado;27400
761;B;br_B_11449;br_B_11449|jessicabatista;Galo de Alagoas;Galo de Alagoas;Jéssica Batista;GOL;GK;32;31;1610000;L;12;Brazil;70;100;;editado;25600
762;B;br_B_11449;br_B_11449|gabrielacavalcanti;Galo de Alagoas;Galo de Alagoas;Gabriela Cavalcanti;MC;MID;32;28;1870000;R;8;Brazil;70;100;;editado;25600
763;B;br_B_11449;br_B_11449|isabelalima;Galo de Alagoas;Galo de Alagoas;Isabela Lima;PD;ATT;32;31;1610000;R;7;Brazil;70;100;;editado;25600
764;B;br_B_11449;br_B_11449|beatrizcorreia;Galo de Alagoas;Galo de Alagoas;Beatriz Correia;ZAG;DEF;31;33;1300000;R;22;Brazil;70;100;;editado;23800
765;B;br_B_11449;br_B_11449|eduardamachado;Galo de Alagoas;Galo de Alagoas;Eduarda Machado;MC;MID;31;27;1780000;L;18;Brazil;70;100;;editado;23800
766;B;br_B_11449;br_B_11449|ingridlima;Galo de Alagoas;Galo de Alagoas;Ingrid Lima;MC;MID;31;33;1300000;R;21;Brazil;70;100;;editado;23800
767;B;br_B_11449;br_B_11449|helenasantos;Galo de Alagoas;Galo de Alagoas;Helena Santos;ZAG;DEF;30;29;1460000;R;27;Brazil;70;100;;editado;22000
768;B;br_B_11449;br_B_11449|vivizinha;Galo de Alagoas;Galo de Alagoas;Vivizinha;LAE;DEF;30;29;1460000;L;6;Brazil;70;100;;editado;22000
769;B;br_B_11449;br_B_11449|elainesilva;Galo de Alagoas;Galo de Alagoas;Elaine Silva;PD;ATT;30;29;1460000;R;97;Brazil;70;100;;editado;22000
770;B;br_B_11449;br_B_11449|thaisferreira;Galo de Alagoas;Galo de Alagoas;Thaís Ferreira;VOL;MID;29;28;1410000;R;50;Brazil;70;100;;editado;20600
771;B;br_B_11449;br_B_11449|amandagomes;Galo de Alagoas;Galo de Alagoas;Amanda Gomes;PE;ATT;29;25;1430000;R;11;Brazil;70;100;;editado;20600
772;B;br_B_11449;br_B_11449|robertafreitas;Galo de Alagoas;Galo de Alagoas;Roberta Freitas;LAD;DEF;27;28;1180000;R;2;Brazil;70;100;;editado;17800
773;B;br_B_11449;br_B_11449|gabrielafreitas;Galo de Alagoas;Galo de Alagoas;Gabriela Freitas;CA;ATT;27;23;1150000;L;9;Brazil;70;100;;editado;17800
774;B;br_B_11449;br_B_11449|valentinacardoso;Galo de Alagoas;Galo de Alagoas;Valentina Cardoso;GOL;GK;26;23;1040000;R;23;Brazil;70;100;;editado;16400
775;B;br_B_11449;br_B_11449|jessicamartins;Galo de Alagoas;Galo de Alagoas;Jéssica Martins;LAE;DEF;26;34;770000;L;77;Brazil;70;100;;editado;16400
776;B;br_B_11449;br_B_11449|carlaandrade;Galo de Alagoas;Galo de Alagoas;Carla Andrade;PD;ATT;26;27;1120000;L;20;Brazil;70;100;;editado;16400
777;B;br_B_7178;br_B_7178|carlapinto;Onda Amarela;Onda Amarela;Carla Pinto;PD;ATT;37;26;3040000;R;10;Brazil;70;100;;editado;35800
778;B;br_B_7178;br_B_7178|marianacarvalho;Onda Amarela;Onda Amarela;Mariana Carvalho;LAE;DEF;35;31;2050000;L;22;Brazil;70;100;;editado;31000
779;B;br_B_7178;br_B_7178|yasminsiqueira;Onda Amarela;Onda Amarela;Yasmin Siqueira;PD;ATT;35;32;1940000;R;11;Brazil;70;100;;editado;31000
780;B;br_B_7178;br_B_7178|fernandacarvalho;Onda Amarela;Onda Amarela;Fernanda Carvalho;GOL;GK;34;32;1800000;R;32;Brazil;70;100;;editado;29200
781;B;br_B_7178;br_B_7178|paulamoreira;Onda Amarela;Onda Amarela;Paula Moreira;ZAG;DEF;34;33;1690000;R;37;Brazil;70;100;;editado;29200
782;B;br_B_7178;br_B_7178|fernandabarbosa;Onda Amarela;Onda Amarela;Fernanda Barbosa;LAD;DEF;34;29;2110000;R;97;Brazil;70;100;;editado;29200
783;B;br_B_7178;br_B_7178|vivianesiqueira;Onda Amarela;Onda Amarela;Viviane Siqueira;VOL;MID;34;23;2150000;R;38;Brazil;70;100;;editado;29200
784;B;br_B_7178;br_B_7178|sandrabatista;Onda Amarela;Onda Amarela;Sandra Batista;VOL;MID;34;29;2110000;R;;Brazil;70;100;;editado;29200
785;B;br_B_7178;br_B_7178|lena;Onda Amarela;Onda Amarela;Lena;CA;ATT;33;23;1980000;R;88;Brazil;70;100;;editado;27400
786;B;br_B_7178;br_B_7178|beatrizguimaraes;Onda Amarela;Onda Amarela;Beatriz Guimarães;GOL;GK;32;31;1610000;R;1;Brazil;70;100;;editado;25600
787;B;br_B_7178;br_B_7178|fernandacavalcanti;Onda Amarela;Onda Amarela;Fernanda Cavalcanti;LAD;DEF;32;22;1780000;R;2;Brazil;70;100;;editado;25600
788;B;br_B_7178;br_B_7178|danielamartins;Onda Amarela;Onda Amarela;Daniela Martins;LAD;DEF;32;30;1700000;R;6;Brazil;70;100;;editado;25600
789;B;br_B_7178;br_B_7178|beatrizcavalcanti;Onda Amarela;Onda Amarela;Beatriz Cavalcanti;VOL;MID;32;29;1780000;R;5;Brazil;70;100;;editado;25600
790;B;br_B_7178;br_B_7178|nataliabatista;Onda Amarela;Onda Amarela;Natália Batista;PE;ATT;32;31;1610000;R;77;Brazil;70;100;;editado;25600
791;B;br_B_7178;br_B_7178|marizinha;Onda Amarela;Onda Amarela;Marizinha;CA;ATT;32;28;1870000;R;;Brazil;70;100;;editado;25600
792;B;br_B_7178;br_B_7178|isabelasiqueira;Onda Amarela;Onda Amarela;Isabela Siqueira;ZAG;DEF;31;35;1140000;R;34;Brazil;70;100;;editado;23800
793;B;br_B_7178;br_B_7178|vanessaguimaraes;Onda Amarela;Onda Amarela;Vanessa Guimarães;ZAG;DEF;31;36;1060000;L;4;Brazil;70;100;;editado;23800
794;B;br_B_7178;br_B_7178|vitoriagomes;Onda Amarela;Onda Amarela;Vitória Gomes;MC;MID;31;26;1750000;R;8;Brazil;70;100;;editado;23800
795;B;br_B_7178;br_B_7178|catalinamunoz;Onda Amarela;Onda Amarela;Catalina Muñoz;MEI;MID;31;33;1300000;R;91;Venezuela;70;100;;editado;23800
796;B;br_B_7178;br_B_7178|renataaraujo;Onda Amarela;Onda Amarela;Renata Araújo;PD;ATT;30;25;1540000;R;21;Brazil;70;100;;editado;22000
797;B;br_B_7178;br_B_7178|gabrielaalmeida;Onda Amarela;Onda Amarela;Gabriela Almeida;VOL;MID;29;31;1210000;R;41;Brazil;70;100;;editado;20600
798;B;br_B_7178;br_B_7178|danielamoreira;Onda Amarela;Onda Amarela;Daniela Moreira;CA;ATT;29;36;880000;R;9;Brazil;70;100;;editado;20600
799;B;br_B_7178;br_B_7178|nataliarodrigues;Onda Amarela;Onda Amarela;Natália Rodrigues;MEI;MID;27;35;790000;L;7;Brazil;70;100;;editado;17800
800;B;br_B_7178;br_B_7178|gislainenascimento;Onda Amarela;Onda Amarela;Gislaine Nascimento;PE;ATT;27;36;740000;R;13;Brazil;70;100;;editado;17800
801;B;br_B_7178;br_B_7178|raqueltavares;Onda Amarela;Onda Amarela;Raquel Tavares;CA;ATT;27;19;1060000;L;19;Brazil;70;100;;editado;17800
802;B;br_B_28022;br_B_28022|helenafarias;Dourado do Pantanal;Dourado do Pantanal;Helena Farias;MC;MID;36;28;2670000;R;8;Brazil;70;100;;editado;33400
803;B;br_B_28022;br_B_28022|gabrieladias;Dourado do Pantanal;Dourado do Pantanal;Gabriela Dias;CA;ATT;36;26;2750000;L;22;Brazil;70;100;;editado;33400
804;B;br_B_28022;br_B_28022|jessicavieira;Dourado do Pantanal;Dourado do Pantanal;Jéssica Vieira;CA;ATT;36;29;2550000;L;96;Brazil;70;100;;editado;33400
805;B;br_B_28022;br_B_28022|camilafarias;Dourado do Pantanal;Dourado do Pantanal;Camila Farias;VOL;MID;35;30;2160000;R;30;Brazil;70;100;;editado;31000
806;B;br_B_28022;br_B_28022|francielegomes;Dourado do Pantanal;Dourado do Pantanal;Franciele Gomes;ZAG;DEF;34;29;2110000;R;13;Brazil;70;100;;editado;29200
807;B;br_B_28022;br_B_28022|carlacavalcanti;Dourado do Pantanal;Dourado do Pantanal;Carla Cavalcanti;ZAG;DEF;34;32;1800000;L;33;Brazil;70;100;;editado;29200
808;B;br_B_28022;br_B_28022|nathalinha;Dourado do Pantanal;Dourado do Pantanal;Nathalinha;CA;ATT;33;26;2100000;R;27;Brazil;70;100;;editado;27400
809;B;br_B_28022;br_B_28022|fabizinha;Dourado do Pantanal;Dourado do Pantanal;Fabizinha;GOL;GK;32;36;1170000;R;31;Brazil;70;100;;editado;25600
810;B;br_B_28022;br_B_28022|brunapeixoto;Dourado do Pantanal;Dourado do Pantanal;Bruna Peixoto;LAE;DEF;32;32;1520000;L;6;Brazil;70;100;;editado;25600
811;B;br_B_28022;br_B_28022|camilarocha;Dourado do Pantanal;Dourado do Pantanal;Camila Rocha;MEI;MID;32;33;1430000;R;23;Brazil;70;100;;editado;25600
812;B;br_B_28022;br_B_28022|gislainemelo;Dourado do Pantanal;Dourado do Pantanal;Gislaine Melo;PE;ATT;32;26;1920000;R;10;Brazil;70;100;;editado;25600
813;B;br_B_28022;br_B_28022|raquelcarvalho;Dourado do Pantanal;Dourado do Pantanal;Raquel Carvalho;PE;ATT;32;23;1820000;R;11;Brazil;70;100;;editado;25600
814;B;br_B_28022;br_B_28022|vivi;Dourado do Pantanal;Dourado do Pantanal;Vivi;LAD;DEF;29;26;1450000;R;37;Brazil;70;100;;editado;20600
815;B;br_B_28022;br_B_28022|sabrinaaraujo;Dourado do Pantanal;Dourado do Pantanal;Sabrina Araújo;VOL;MID;29;23;1370000;R;5;Brazil;70;100;;editado;20600
816;B;br_B_28022;br_B_28022|elainemonteiro;Dourado do Pantanal;Dourado do Pantanal;Elaine Monteiro;VOL;MID;29;29;1350000;R;97;Brazil;70;100;;editado;20600
817;B;br_B_28022;br_B_28022|camilaandrade;Dourado do Pantanal;Dourado do Pantanal;Camila Andrade;MEI;MID;29;19;1260000;R;88;Brazil;70;100;;editado;20600
818;B;br_B_28022;br_B_28022|sandramoreira;Dourado do Pantanal;Dourado do Pantanal;Sandra Moreira;PD;ATT;29;27;1480000;L;19;Brazil;70;100;;editado;20600
819;B;br_B_28022;br_B_28022|eduardamelo;Dourado do Pantanal;Dourado do Pantanal;Eduarda Melo;CA;ATT;29;22;1350000;L;29;Brazil;70;100;;editado;20600
820;B;br_B_28022;br_B_28022|patriciabarbosa;Dourado do Pantanal;Dourado do Pantanal;Patrícia Barbosa;GOL;GK;27;20;1080000;R;78;Brazil;70;100;;editado;17800
821;B;br_B_28022;br_B_28022|simoneribeiro;Dourado do Pantanal;Dourado do Pantanal;Simone Ribeiro;LAE;DEF;27;22;1130000;L;59;Brazil;70;100;;editado;17800
822;B;br_B_28022;br_B_28022|carolinaaraujo;Dourado do Pantanal;Dourado do Pantanal;Carolina Araújo;VOL;MID;27;31;1020000;R;;Brazil;70;100;;editado;17800
823;B;br_B_28022;br_B_28022|priscilamachado;Dourado do Pantanal;Dourado do Pantanal;Priscila Machado;VOL;MID;27;21;1100000;R;49;Brazil;70;100;;editado;17800
824;B;br_B_28022;br_B_28022|tata;Dourado do Pantanal;Dourado do Pantanal;Tatá;PE;ATT;27;20;1080000;R;41;Brazil;70;100;;editado;17800
825;B;br_B_28022;br_B_28022|larissaaraujo;Dourado do Pantanal;Dourado do Pantanal;Larissa Araújo;PD;ATT;27;20;1080000;R;;Brazil;70;100;;editado;17800
826;B;br_B_28022;br_B_28022|talitaribeiro;Dourado do Pantanal;Dourado do Pantanal;Talita Ribeiro;PD;ATT;27;35;790000;R;77;Brazil;70;100;;editado;17800
827;B;br_B_10870;br_B_10870|carolinabenavidez;Tricolor de Aço;Tricolor de Aço;Carolina Benavídez;LAE;DEF;37;29;2820000;L;18;Colombia;70;100;;editado;35800
828;B;br_B_10870;br_B_10870|elainecavalcanti;Tricolor de Aço;Tricolor de Aço;Elaine Cavalcanti;LAD;DEF;37;28;2960000;R;22;Brazil;70;100;;editado;35800
829;B;br_B_10870;br_B_10870|kazinha;Tricolor de Aço;Tricolor de Aço;Kazinha;VOL;MID;37;23;2870000;L;37;Brazil;70;100;;editado;35800
830;B;br_B_10870;br_B_10870|nathaliasiqueira;Tricolor de Aço;Tricolor de Aço;Nathalia Siqueira;VOL;MID;37;23;2870000;R;8;Brazil;70;100;;editado;35800
831;B;br_B_10870;br_B_10870|patriciaandrade;Tricolor de Aço;Tricolor de Aço;Patrícia Andrade;PE;ATT;37;29;2820000;R;32;Brazil;70;100;;editado;35800
832;B;br_B_10870;br_B_10870|nataliaaraujo;Tricolor de Aço;Tricolor de Aço;Natália Araújo;PD;ATT;37;25;2990000;L;11;Brazil;70;100;;editado;35800
833;B;br_B_10870;br_B_10870|micaelaflores;Tricolor de Aço;Tricolor de Aço;Micaela Flores;CA;ATT;37;27;3100000;R;9;Argentina;70;100;;editado;35800
834;B;br_B_10870;br_B_10870|vitoriaguimaraes;Tricolor de Aço;Tricolor de Aço;Vitória Guimarães;MEI;MID;36;26;2750000;L;;Brazil;70;100;;editado;33400
835;B;br_B_10870;br_B_10870|valentinaoliveira;Tricolor de Aço;Tricolor de Aço;Valentina Oliveira;MEI;MID;36;32;2170000;R;10;Brazil;70;100;;editado;33400
836;B;br_B_10870;br_B_10870|marciamelo;Tricolor de Aço;Tricolor de Aço;Márcia Melo;PD;ATT;36;36;1670000;R;16;Brazil;70;100;;editado;33400
837;B;br_B_10870;br_B_10870|giovaninha;Tricolor de Aço;Tricolor de Aço;Giovaninha;CA;ATT;36;21;2490000;R;21;Brazil;70;100;;editado;33400
838;B;br_B_10870;br_B_10870|aninka;Tricolor de Aço;Tricolor de Aço;Aninka;GOL;GK;35;37;1380000;R;1;Brazil;70;100;;editado;31000
839;B;br_B_10870;br_B_10870|kellycorreia;Tricolor de Aço;Tricolor de Aço;Kelly Correia;ZAG;DEF;35;26;2450000;R;3;Brazil;70;100;;editado;31000
840;B;br_B_10870;br_B_10870|rocioteran;Tricolor de Aço;Tricolor de Aço;Rocío Terán;ZAG;DEF;35;30;2160000;L;6;Argentina;70;100;;editado;31000
841;B;br_B_10870;br_B_10870|lorenamartins;Tricolor de Aço;Tricolor de Aço;Lorena Martins;MC;MID;35;30;2160000;R;20;Brazil;70;100;;editado;31000
842;B;br_B_10870;br_B_10870|beatriznunes;Tricolor de Aço;Tricolor de Aço;Beatriz Nunes;MC;MID;34;24;2190000;L;5;Brazil;70;100;;editado;29200
843;B;br_B_10870;br_B_10870|mone;Tricolor de Aço;Tricolor de Aço;Mone;PE;ATT;34;23;2150000;L;75;Brazil;70;100;;editado;29200
844;B;br_B_10870;br_B_10870|ingridgomes;Tricolor de Aço;Tricolor de Aço;Ingrid Gomes;PE;ATT;34;26;2280000;R;77;Brazil;70;100;;editado;29200
845;B;br_B_10870;br_B_10870|beatrizaraujo;Tricolor de Aço;Tricolor de Aço;Beatriz Araújo;PD;ATT;34;26;2280000;R;31;Brazil;70;100;;editado;29200
846;B;br_B_10870;br_B_10870|vitoriabarbosa;Tricolor de Aço;Tricolor de Aço;Vitória Barbosa;MEI;MID;33;22;1950000;L;38;Brazil;70;100;;editado;27400
847;B;br_B_10870;br_B_10870|talitinha;Tricolor de Aço;Tricolor de Aço;Talitinha;GOL;GK;32;32;1520000;R;25;Brazil;70;100;;editado;25600
848;B;br_B_10870;br_B_10870|giovanapinto;Tricolor de Aço;Tricolor de Aço;Giovana Pinto;ZAG;DEF;32;25;1890000;R;4;Brazil;70;100;;editado;25600
849;B;br_B_10870;br_B_10870|michelemoreira;Tricolor de Aço;Tricolor de Aço;Michele Moreira;LAE;DEF;32;25;1890000;R;13;Brazil;70;100;;editado;25600
850;B;br_B_10870;br_B_10870|je;Tricolor de Aço;Tricolor de Aço;Jê;VOL;MID;32;25;1890000;R;29;Brazil;70;100;;editado;25600
851;B;br_B_10870;br_B_10870|isabelapereira;Tricolor de Aço;Tricolor de Aço;Isabela Pereira;VOL;MID;32;36;1170000;R;88;Brazil;70;100;;editado;25600
852;B;br_B_3197;br_B_3197|karinacardoso;Esmeraldino;Esmeraldino;Karina Cardoso;MC;MID;37;28;2960000;R;97;Brazil;70;100;;editado;35800
853;B;br_B_3197;br_B_3197|gislaineguimaraes;Esmeraldino;Esmeraldino;Gislaine Guimarães;GOL;GK;36;34;1920000;R;23;Brazil;70;100;;editado;33400
854;B;br_B_3197;br_B_3197|marciasantos;Esmeraldino;Esmeraldino;Márcia Santos;LAD;DEF;36;33;2040000;R;2;Brazil;70;100;;editado;33400
855;B;br_B_3197;br_B_3197|robertapeixoto;Esmeraldino;Esmeraldino;Roberta Peixoto;VOL;MID;35;30;2160000;R;5;Brazil;70;100;;editado;31000
856;B;br_B_3197;br_B_3197|danielacardoso;Esmeraldino;Esmeraldino;Daniela Cardoso;MEI;MID;35;36;1490000;L;10;Brazil;70;100;;editado;31000
857;B;br_B_3197;br_B_3197|larissafarias;Esmeraldino;Esmeraldino;Larissa Farias;LAE;DEF;34;29;2110000;L;6;Brazil;70;100;;editado;29200
858;B;br_B_3197;br_B_3197|cristininha;Esmeraldino;Esmeraldino;Cristininha;LAD;DEF;34;22;2110000;R;20;Brazil;70;100;;editado;29200
859;B;br_B_3197;br_B_3197|ra;Esmeraldino;Esmeraldino;Rá;ZAG;DEF;33;27;2140000;R;14;Brazil;70;100;;editado;27400
860;B;br_B_3197;br_B_3197|flaviapereira;Esmeraldino;Esmeraldino;Flávia Pereira;ZAG;DEF;32;31;1610000;R;4;Brazil;70;100;;editado;25600
861;B;br_B_3197;br_B_3197|carolinafarias;Esmeraldino;Esmeraldino;Carolina Farias;ZAG;DEF;32;22;1780000;R;25;Brazil;70;100;;editado;25600
862;B;br_B_3197;br_B_3197|carlacarvalho;Esmeraldino;Esmeraldino;Carla Carvalho;ZAG;DEF;32;32;1520000;R;3;Brazil;70;100;;editado;25600
863;B;br_B_3197;br_B_3197|camilabatista;Esmeraldino;Esmeraldino;Camila Batista;LAE;DEF;32;31;1610000;L;54;Brazil;70;100;;editado;25600
864;B;br_B_3197;br_B_3197|luciamunoz;Esmeraldino;Esmeraldino;Lucía Muñoz;PE;ATT;32;26;1920000;R;15;Venezuela;70;100;;editado;25600
865;B;br_B_3197;br_B_3197|camiladias;Esmeraldino;Esmeraldino;Camila Dias;PD;ATT;32;22;1780000;R;17;Brazil;70;100;;editado;25600
866;B;br_B_3197;br_B_3197|vanessaxavier;Esmeraldino;Esmeraldino;Vanessa Xavier;CA;ATT;32;22;1780000;R;18;Brazil;70;100;;editado;25600
867;B;br_B_3197;br_B_3197|vitorialima;Esmeraldino;Esmeraldino;Vitória Lima;MEI;MID;31;32;1380000;L;28;Brazil;70;100;;editado;23800
868;B;br_B_3197;br_B_3197|leticiaaraujo;Esmeraldino;Esmeraldino;Letícia Araújo;VOL;MID;29;21;1320000;R;55;Brazil;70;100;;editado;20600
869;B;br_B_3197;br_B_3197|nataliaandrade;Esmeraldino;Esmeraldino;Natália Andrade;MEI;MID;29;28;1410000;L;88;Brazil;70;100;;editado;20600
870;B;br_B_3197;br_B_3197|giovanamartins;Esmeraldino;Esmeraldino;Giovana Martins;LAE;DEF;27;19;1060000;L;66;Brazil;70;100;;editado;17800
871;B;br_B_3197;br_B_3197|valentinaxavier;Esmeraldino;Esmeraldino;Valentina Xavier;VOL;MID;27;38;630000;R;8;Brazil;70;100;;editado;17800
872;B;br_B_3197;br_B_3197|eduardafreitas;Esmeraldino;Esmeraldino;Eduarda Freitas;MEI;MID;27;31;1020000;R;11;Brazil;70;100;;editado;17800
873;B;br_B_3197;br_B_3197|carolinamoreira;Esmeraldino;Esmeraldino;Carolina Moreira;PE;ATT;27;24;1170000;R;40;Brazil;70;100;;editado;17800
874;B;br_B_3197;br_B_3197|jessizinha;Esmeraldino;Esmeraldino;Jessizinha;GOL;GK;26;37;620000;R;1;Brazil;70;100;;editado;16400
875;B;br_B_3197;br_B_3197|bea;Esmeraldino;Esmeraldino;Beá;PD;ATT;26;20;980000;R;77;Brazil;70;100;;editado;16400
876;B;br_B_3197;br_B_3197|michelexavier;Esmeraldino;Esmeraldino;Michele Xavier;CA;ATT;26;38;570000;R;9;Brazil;70;100;;editado;16400
877;B;br_B_10492;br_B_10492|mariafarias;Alviverde Serrano;Alviverde Serrano;Maria Farias;MC;MID;37;24;2930000;R;44;Brazil;70;100;;editado;35800
878;B;br_B_10492;br_B_10492|brunacavalcanti;Alviverde Serrano;Alviverde Serrano;Bruna Cavalcanti;LAE;DEF;35;23;2320000;L;30;Brazil;70;100;;editado;31000
879;B;br_B_10492;br_B_10492|camilacarvalho;Alviverde Serrano;Alviverde Serrano;Camila Carvalho;LAD;DEF;35;24;2360000;R;22;Brazil;70;100;;editado;31000
880;B;br_B_10492;br_B_10492|vanessarodrigues;Alviverde Serrano;Alviverde Serrano;Vanessa Rodrigues;VOL;MID;35;30;2160000;L;8;Brazil;70;100;;editado;31000
881;B;br_B_10492;br_B_10492|nicolerojas;Alviverde Serrano;Alviverde Serrano;Nicole Rojas;PD;ATT;35;30;2160000;R;17;Uruguay;70;100;;editado;31000
882;B;br_B_10492;br_B_10492|yasminsilva;Alviverde Serrano;Alviverde Serrano;Yasmin Silva;CA;ATT;34;31;1900000;R;25;Brazil;70;100;;editado;29200
883;B;br_B_10492;br_B_10492|lo;Alviverde Serrano;Alviverde Serrano;Lô;MEI;MID;33;24;2020000;L;75;Brazil;70;100;;editado;27400
884;B;br_B_10492;br_B_10492|karinapereira;Alviverde Serrano;Alviverde Serrano;Karina Pereira;ZAG;DEF;32;31;1610000;R;4;Brazil;70;100;;editado;25600
885;B;br_B_10492;br_B_10492|luizarocha;Alviverde Serrano;Alviverde Serrano;Luíza Rocha;ZAG;DEF;32;30;1700000;R;34;Brazil;70;100;;editado;25600
886;B;br_B_10492;br_B_10492|bia;Alviverde Serrano;Alviverde Serrano;Bia;LAD;DEF;32;32;1520000;R;2;Brazil;70;100;;editado;25600
887;B;br_B_10492;br_B_10492|alinetavares;Alviverde Serrano;Alviverde Serrano;Aline Tavares;MC;MID;32;26;1920000;R;7;Brazil;70;100;;editado;25600
888;B;br_B_10492;br_B_10492|ritasantos;Alviverde Serrano;Alviverde Serrano;Rita Santos;PE;ATT;32;25;1890000;R;10;Portugal;70;100;;editado;25600
889;B;br_B_10492;br_B_10492|luizamartins;Alviverde Serrano;Alviverde Serrano;Luíza Martins;GOL;GK;31;33;1300000;R;93;Brazil;70;100;;editado;23800
890;B;br_B_10492;br_B_10492|amandamelo;Alviverde Serrano;Alviverde Serrano;Amanda Melo;LAE;DEF;31;33;1300000;L;16;Brazil;70;100;;editado;23800
891;B;br_B_10492;br_B_10492|larissaoliveira;Alviverde Serrano;Alviverde Serrano;Larissa Oliveira;PE;ATT;31;26;1750000;R;20;Brazil;70;100;;editado;23800
892;B;br_B_10492;br_B_10492|paularodrigues;Alviverde Serrano;Alviverde Serrano;Paula Rodrigues;CA;ATT;31;37;980000;R;9;Brazil;70;100;;editado;23800
893;B;br_B_10492;br_B_10492|biancacorreia;Alviverde Serrano;Alviverde Serrano;Bianca Correia;PE;ATT;30;29;1460000;L;11;Brazil;70;100;;editado;22000
894;B;br_B_10492;br_B_10492|cristinaguimaraes;Alviverde Serrano;Alviverde Serrano;Cristina Guimarães;ZAG;DEF;29;23;1370000;L;47;Brazil;70;100;;editado;20600
895;B;br_B_10492;br_B_10492|tatianacardoso;Alviverde Serrano;Alviverde Serrano;Tatiana Cardoso;ZAG;DEF;29;29;1350000;R;97;Brazil;70;100;;editado;20600
896;B;br_B_10492;br_B_10492|adrianaalmeida;Alviverde Serrano;Alviverde Serrano;Adriana Almeida;LAE;DEF;29;36;880000;L;28;Brazil;70;100;;editado;20600
897;B;br_B_10492;br_B_10492|brunafreitas;Alviverde Serrano;Alviverde Serrano;Bruna Freitas;VOL;MID;29;27;1480000;R;5;Brazil;70;100;;editado;20600
898;B;br_B_10492;br_B_10492|ngozieze;Alviverde Serrano;Alviverde Serrano;Ngozi Eze;VOL;MID;29;23;1370000;R;26;Senegal;70;100;;editado;20600
899;B;br_B_10492;br_B_10492|valentinagomes;Alviverde Serrano;Alviverde Serrano;Valentina Gomes;GOL;GK;27;21;1100000;R;31;Brazil;70;100;;editado;17800
900;B;br_B_10492;br_B_10492|rafaelaandrade;Alviverde Serrano;Alviverde Serrano;Rafaela Andrade;MEI;MID;27;21;1100000;R;27;Brazil;70;100;;editado;17800
901;B;br_B_10492;br_B_10492|sabrinaandrade;Alviverde Serrano;Alviverde Serrano;Sabrina Andrade;SA;ATT;27;24;1170000;R;;Brazil;70;100;;editado;17800
902;B;br_B_1693;br_B_1693|luanasouza;Tubarão do Norte;Tubarão do Norte;Luana Souza;MC;MID;35;28;2390000;R;20;Brazil;70;100;;editado;31000
903;B;br_B_1693;br_B_1693|luizinha;Tubarão do Norte;Tubarão do Norte;Luizinha;MEI;MID;33;30;1850000;R;96;Brazil;70;100;;editado;27400
904;B;br_B_1693;br_B_1693|fabianafreitas;Tubarão do Norte;Tubarão do Norte;Fabiana Freitas;LAD;DEF;32;22;1780000;R;13;Brazil;70;100;;editado;25600
905;B;br_B_1693;br_B_1693|vitoriasantos;Tubarão do Norte;Tubarão do Norte;Vitória Santos;PD;ATT;32;26;1920000;R;29;Brazil;70;100;;editado;25600
906;B;br_B_1693;br_B_1693|valentinaaraujo;Tubarão do Norte;Tubarão do Norte;Valentina Araújo;PD;ATT;32;32;1520000;R;19;Brazil;70;100;;editado;25600
907;B;br_B_1693;br_B_1693|brisaromero;Tubarão do Norte;Tubarão do Norte;Brisa Romero;CA;ATT;32;22;1780000;L;19;Uruguay;70;100;;editado;25600
908;B;br_B_1693;br_B_1693|deborapereira;Tubarão do Norte;Tubarão do Norte;Débora Pereira;CA;ATT;32;37;1080000;R;10;Brazil;70;100;;editado;25600
909;B;br_B_1693;br_B_1693|larissavieira;Tubarão do Norte;Tubarão do Norte;Larissa Vieira;PE;ATT;31;32;1380000;R;18;Brazil;70;100;;editado;23800
910;B;br_B_1693;br_B_1693|beatrizcosta;Tubarão do Norte;Tubarão do Norte;Beatriz Costa;ZAG;DEF;30;25;1540000;L;34;Brazil;70;100;;editado;22000
911;B;br_B_1693;br_B_1693|renataandrade;Tubarão do Norte;Tubarão do Norte;Renata Andrade;ZAG;DEF;29;26;1450000;R;15;Brazil;70;100;;editado;20600
912;B;br_B_1693;br_B_1693|carlafarias;Tubarão do Norte;Tubarão do Norte;Carla Farias;LAE;DEF;29;28;1410000;L;33;Brazil;70;100;;editado;20600
913;B;br_B_1693;br_B_1693|elaineferreira;Tubarão do Norte;Tubarão do Norte;Elaine Ferreira;LAD;DEF;29;27;1480000;R;2;Brazil;70;100;;editado;20600
914;B;br_B_1693;br_B_1693|aninha;Tubarão do Norte;Tubarão do Norte;Aninha;MC;MID;29;31;1210000;R;8;Brazil;70;100;;editado;20600
915;B;br_B_1693;br_B_1693|leticiamonteiro;Tubarão do Norte;Tubarão do Norte;Letícia Monteiro;PD;ATT;29;22;1350000;L;7;Brazil;70;100;;editado;20600
916;B;br_B_1693;br_B_1693|cristinabezerra;Tubarão do Norte;Tubarão do Norte;Cristina Bezerra;GOL;GK;27;29;1130000;L;1;Brazil;70;100;;editado;17800
917;B;br_B_1693;br_B_1693|patriciasantos;Tubarão do Norte;Tubarão do Norte;Patrícia Santos;GOL;GK;27;22;1130000;R;12;Brazil;70;100;;editado;17800
918;B;br_B_1693;br_B_1693|kel;Tubarão do Norte;Tubarão do Norte;Kel;VOL;MID;27;22;1130000;R;53;Brazil;70;100;;editado;17800
919;B;br_B_1693;br_B_1693|tatianapereira;Tubarão do Norte;Tubarão do Norte;Tatiana Pereira;VOL;MID;27;30;1070000;R;5;Brazil;70;100;;editado;17800
920;B;br_B_1693;br_B_1693|lorenabatista;Tubarão do Norte;Tubarão do Norte;Lorena Batista;VOL;MID;27;22;1130000;R;32;Brazil;70;100;;editado;17800
921;B;br_B_1693;br_B_1693|jessicadias;Tubarão do Norte;Tubarão do Norte;Jéssica Dias;VOL;MID;27;23;1150000;R;17;Brazil;70;100;;editado;17800
922;B;br_B_1693;br_B_1693|fefe;Tubarão do Norte;Tubarão do Norte;Fefê;VOL;MID;27;21;1100000;R;27;Brazil;70;100;;editado;17800
923;B;br_B_1693;br_B_1693|larissagomes;Tubarão do Norte;Tubarão do Norte;Larissa Gomes;MEI;MID;27;22;1130000;R;55;Brazil;70;100;;editado;17800
924;B;br_B_1693;br_B_1693|adrianaferreira;Tubarão do Norte;Tubarão do Norte;Adriana Ferreira;PE;ATT;27;28;1180000;R;;Brazil;70;100;;editado;17800
925;B;br_B_1693;br_B_1693|luizalima;Tubarão do Norte;Tubarão do Norte;Luíza Lima;PE;ATT;27;22;1130000;R;;Brazil;70;100;;editado;17800
926;B;br_B_1693;br_B_1693|jaquinha;Tubarão do Norte;Tubarão do Norte;Jaquinha;PE;ATT;27;22;1130000;L;21;Brazil;70;100;;editado;17800
927;B;br_B_2646;br_B_2646|nataliapereira;Timbu Recife;Timbu Recife;Natália Pereira;VOL;MID;35;31;2050000;R;22;Brazil;70;100;;editado;31000
928;B;br_B_2646;br_B_2646|naty;Timbu Recife;Timbu Recife;Naty;MEI;MID;34;25;2240000;R;10;Brazil;70;100;;editado;29200
929;B;br_B_2646;br_B_2646|eduardacarvalho;Timbu Recife;Timbu Recife;Eduarda Carvalho;MEI;MID;33;34;1470000;L;;Brazil;70;100;;editado;27400
930;B;br_B_2646;br_B_2646|eduardanunes;Timbu Recife;Timbu Recife;Eduarda Nunes;CA;ATT;32;28;1870000;L;72;Brazil;70;100;;editado;25600
931;B;br_B_2646;br_B_2646|beatrizsilva;Timbu Recife;Timbu Recife;Beatriz Silva;LAD;DEF;31;33;1300000;R;14;Brazil;70;100;;editado;23800
932;B;br_B_2646;br_B_2646|kellyzinha;Timbu Recife;Timbu Recife;Kellyzinha;PE;ATT;31;32;1380000;R;7;Brazil;70;100;;editado;23800
933;B;br_B_2646;br_B_2646|nathaliamelo;Timbu Recife;Timbu Recife;Nathalia Melo;CA;ATT;31;32;1380000;L;29;Brazil;70;100;;editado;23800
934;B;br_B_2646;br_B_2646|biancaribeiro;Timbu Recife;Timbu Recife;Bianca Ribeiro;VOL;MID;30;28;1530000;R;8;Brazil;70;100;;editado;22000
935;B;br_B_2646;br_B_2646|valentinaguerrero;Timbu Recife;Timbu Recife;Valentina Guerrero;GOL;GK;29;31;1210000;L;55;Uruguay;70;100;;editado;20600
936;B;br_B_2646;br_B_2646|renatamartins;Timbu Recife;Timbu Recife;Renata Martins;LAE;DEF;29;30;1280000;L;6;Brazil;70;100;;editado;20600
937;B;br_B_2646;br_B_2646|nataliarocha;Timbu Recife;Timbu Recife;Natália Rocha;LAE;DEF;29;34;1010000;L;23;Brazil;70;100;;editado;20600
938;B;br_B_2646;br_B_2646|brunateixeira;Timbu Recife;Timbu Recife;Bruna Teixeira;MEI;MID;29;30;1280000;R;77;Brazil;70;100;;editado;20600
939;B;br_B_2646;br_B_2646|sabi;Timbu Recife;Timbu Recife;Sabi;PE;ATT;29;30;1280000;R;11;Brazil;70;100;;editado;20600
940;B;br_B_2646;br_B_2646|carolinaesquivel;Timbu Recife;Timbu Recife;Carolina Esquivel;PD;ATT;29;28;1410000;R;;Argentina;70;100;;editado;20600
941;B;br_B_2646;br_B_2646|eduardalima;Timbu Recife;Timbu Recife;Eduarda Lima;GOL;GK;27;22;1130000;R;;Brazil;70;100;;editado;17800
942;B;br_B_2646;br_B_2646|fabianapeixoto;Timbu Recife;Timbu Recife;Fabiana Peixoto;LAE;DEF;27;33;910000;L;60;Brazil;70;100;;editado;17800
943;B;br_B_2646;br_B_2646|marciavieira;Timbu Recife;Timbu Recife;Márcia Vieira;LAE;DEF;27;21;1100000;L;66;Brazil;70;100;;editado;17800
944;B;br_B_2646;br_B_2646|vanessadias;Timbu Recife;Timbu Recife;Vanessa Dias;LAD;DEF;27;28;1180000;R;27;Brazil;70;100;;editado;17800
945;B;br_B_2646;br_B_2646|tatianacorreia;Timbu Recife;Timbu Recife;Tatiana Correia;LAD;DEF;27;33;910000;R;93;Brazil;70;100;;editado;17800
946;B;br_B_2646;br_B_2646|cristinasouza;Timbu Recife;Timbu Recife;Cristina Souza;LAD;DEF;27;34;850000;R;2;Brazil;70;100;;editado;17800
947;B;br_B_2646;br_B_2646|rafaelafreitas;Timbu Recife;Timbu Recife;Rafaela Freitas;VOL;MID;27;22;1130000;R;41;Brazil;70;100;;editado;17800
948;B;br_B_2646;br_B_2646|kellycardoso;Timbu Recife;Timbu Recife;Kelly Cardoso;VOL;MID;27;34;850000;R;5;Brazil;70;100;;editado;17800
949;B;br_B_2646;br_B_2646|gabrielamoreira;Timbu Recife;Timbu Recife;Gabriela Moreira;MEI;MID;27;23;1150000;L;21;Brazil;70;100;;editado;17800
950;B;br_B_2646;br_B_2646|robertapinto;Timbu Recife;Timbu Recife;Roberta Pinto;CA;ATT;27;37;680000;R;9;Brazil;70;100;;editado;17800
951;B;br_B_2646;br_B_2646|marianafreitas;Timbu Recife;Timbu Recife;Mariana Freitas;CA;ATT;27;22;1130000;R;19;Brazil;70;100;;editado;17800
952;B;br_B_37474;br_B_37474|nataliafarias;Tigre do Vale;Tigre do Vale;Natália Farias;MEI;MID;37;24;2930000;R;10;Brazil;70;100;;editado;35800
953;B;br_B_37474;br_B_37474|sabrinamartins;Tigre do Vale;Tigre do Vale;Sabrina Martins;MEI;MID;35;25;2410000;R;50;Brazil;70;100;;editado;31000
954;B;br_B_37474;br_B_37474|gabrielapinto;Tigre do Vale;Tigre do Vale;Gabriela Pinto;MC;MID;34;28;2220000;R;17;Brazil;70;100;;editado;29200
955;B;br_B_37474;br_B_37474|eduardasilva;Tigre do Vale;Tigre do Vale;Eduarda Silva;PD;ATT;34;35;1480000;R;11;Brazil;70;100;;editado;29200
956;B;br_B_37474;br_B_37474|fernandaguimaraes;Tigre do Vale;Tigre do Vale;Fernanda Guimarães;GOL;GK;33;32;1660000;R;93;Brazil;70;100;;editado;27400
957;B;br_B_37474;br_B_37474|robertacardoso;Tigre do Vale;Tigre do Vale;Roberta Cardoso;ZAG;DEF;32;27;1960000;L;4;Brazil;70;100;;editado;25600
958;B;br_B_37474;br_B_37474|sofiavargas;Tigre do Vale;Tigre do Vale;Sofía Vargas;ZAG;DEF;32;25;1890000;R;22;Argentina;70;100;;editado;25600
959;B;br_B_37474;br_B_37474|fernandaesquivel;Tigre do Vale;Tigre do Vale;Fernanda Esquivel;LAD;DEF;32;25;1890000;R;24;Peru;70;100;;editado;25600
960;B;br_B_37474;br_B_37474|valezinha;Tigre do Vale;Tigre do Vale;Valezinha;VOL;MID;32;24;1850000;R;18;Brazil;70;100;;editado;25600
961;B;br_B_37474;br_B_37474|helenavieira;Tigre do Vale;Tigre do Vale;Helena Vieira;VOL;MID;32;29;1780000;R;6;Brazil;70;100;;editado;25600
962;B;br_B_37474;br_B_37474|paulabenavidez;Tigre do Vale;Tigre do Vale;Paula Benavídez;MEI;MID;32;33;1430000;R;8;Argentina;70;100;;editado;25600
963;B;br_B_37474;br_B_37474|denisenascimento;Tigre do Vale;Tigre do Vale;Denise Nascimento;PD;ATT;32;25;1890000;R;16;Brazil;70;100;;editado;25600
964;B;br_B_37474;br_B_37474|beatrizandrade;Tigre do Vale;Tigre do Vale;Beatriz Andrade;CA;ATT;32;34;1340000;R;9;Brazil;70;100;;editado;25600
965;B;br_B_37474;br_B_37474|vivianemachado;Tigre do Vale;Tigre do Vale;Viviane Machado;VOL;MID;31;36;1060000;R;28;Brazil;70;100;;editado;23800
966;B;br_B_37474;br_B_37474|mariaoliveira;Tigre do Vale;Tigre do Vale;Maria Oliveira;GOL;GK;30;31;1310000;R;31;Brazil;70;100;;editado;22000
967;B;br_B_37474;br_B_37474|fabianatavares;Tigre do Vale;Tigre do Vale;Fabiana Tavares;LAE;DEF;30;20;1400000;L;66;Brazil;70;100;;editado;22000
968;B;br_B_37474;br_B_37474|biancarocha;Tigre do Vale;Tigre do Vale;Bianca Rocha;MC;MID;30;21;1430000;R;15;Brazil;70;100;;editado;22000
969;B;br_B_37474;br_B_37474|carlamartins;Tigre do Vale;Tigre do Vale;Carla Martins;MC;MID;30;21;1430000;R;19;Brazil;70;100;;editado;22000
970;B;br_B_37474;br_B_37474|flaviarodrigues;Tigre do Vale;Tigre do Vale;Flávia Rodrigues;CA;ATT;30;21;1430000;R;40;Brazil;70;100;;editado;22000
971;B;br_B_37474;br_B_37474|jaquelinemelo;Tigre do Vale;Tigre do Vale;Jaqueline Melo;ZAG;DEF;29;31;1210000;R;3;Brazil;70;100;;editado;20600
972;B;br_B_37474;br_B_37474|giovanalima;Tigre do Vale;Tigre do Vale;Giovana Lima;ZAG;DEF;29;35;950000;L;14;Brazil;70;100;;editado;20600
973;B;br_B_37474;br_B_37474|fernandaviveros;Tigre do Vale;Tigre do Vale;Fernanda Viveros;LAD;DEF;29;30;1280000;R;20;Colombia;70;100;;editado;20600
974;B;br_B_37474;br_B_37474|luanamoreira;Tigre do Vale;Tigre do Vale;Luana Moreira;PD;ATT;27;21;1100000;L;35;Brazil;70;100;;editado;17800
975;B;br_B_37474;br_B_37474|talitabarbosa;Tigre do Vale;Tigre do Vale;Talita Barbosa;CA;ATT;27;27;1240000;L;27;Brazil;70;100;;editado;17800
976;B;br_B_37474;br_B_37474|yasmincavalcanti;Tigre do Vale;Tigre do Vale;Yasmin Cavalcanti;CA;ATT;27;29;1130000;R;30;Brazil;70;100;;editado;17800
977;B;br_B_27214;br_B_27214|raquelfarias;Fantasma dos Campos;Fantasma dos Campos;Raquel Farias;MEI;MID;36;30;2420000;L;10;Brazil;70;100;;editado;33400
978;B;br_B_27214;br_B_27214|carlacorreia;Fantasma dos Campos;Fantasma dos Campos;Carla Correia;ZAG;DEF;34;26;2280000;R;16;Brazil;70;100;;editado;29200
979;B;br_B_27214;br_B_27214|julietaportilla;Fantasma dos Campos;Fantasma dos Campos;Julieta Portilla;MC;MID;34;33;1690000;R;8;Colombia;70;100;;editado;29200
980;B;br_B_27214;br_B_27214|jaquelineguimaraes;Fantasma dos Campos;Fantasma dos Campos;Jaqueline Guimarães;LAD;DEF;33;26;2100000;R;2;Brazil;70;100;;editado;27400
981;B;br_B_27214;br_B_27214|vivianerodrigues;Fantasma dos Campos;Fantasma dos Campos;Viviane Rodrigues;PE;ATT;33;31;1750000;R;;Brazil;70;100;;editado;27400
982;B;br_B_27214;br_B_27214|vivianebarbosa;Fantasma dos Campos;Fantasma dos Campos;Viviane Barbosa;CA;ATT;33;34;1470000;R;92;Brazil;70;100;;editado;27400
983;B;br_B_27214;br_B_27214|sabrinavieira;Fantasma dos Campos;Fantasma dos Campos;Sabrina Vieira;VOL;MID;32;30;1700000;R;39;Brazil;70;100;;editado;25600
984;B;br_B_27214;br_B_27214|fernandaandrade;Fantasma dos Campos;Fantasma dos Campos;Fernanda Andrade;ZAG;DEF;32;32;1520000;R;44;Brazil;70;100;;editado;25600
985;B;br_B_27214;br_B_27214|vitoriabezerra;Fantasma dos Campos;Fantasma dos Campos;Vitória Bezerra;LAE;DEF;32;24;1850000;L;27;Brazil;70;100;;editado;25600
986;B;br_B_27214;br_B_27214|thaismelo;Fantasma dos Campos;Fantasma dos Campos;Thaís Melo;MC;MID;32;24;1850000;R;30;Brazil;70;100;;editado;25600
987;B;br_B_27214;br_B_27214|deboraferreira;Fantasma dos Campos;Fantasma dos Campos;Débora Ferreira;MEI;MID;32;26;1920000;R;20;Brazil;70;100;;editado;25600
988;B;br_B_27214;br_B_27214|camilanascimento;Fantasma dos Campos;Fantasma dos Campos;Camila Nascimento;CA;ATT;32;26;1920000;R;9;Brazil;70;100;;editado;25600
989;B;br_B_27214;br_B_27214|franzinha;Fantasma dos Campos;Fantasma dos Campos;Franzinha;CA;ATT;32;33;1430000;R;99;Brazil;70;100;;editado;25600
990;B;br_B_27214;br_B_27214|carolinamonteiro;Fantasma dos Campos;Fantasma dos Campos;Carolina Monteiro;CA;ATT;32;34;1340000;R;11;Brazil;70;100;;editado;25600
991;B;br_B_27214;br_B_27214|andreaflores;Fantasma dos Campos;Fantasma dos Campos;Andrea Flores;ZAG;DEF;30;31;1310000;R;22;Colombia;70;100;;editado;22000
992;B;br_B_27214;br_B_27214|anabarbosa;Fantasma dos Campos;Fantasma dos Campos;Ana Barbosa;LAE;DEF;29;28;1410000;L;6;Brazil;70;100;;editado;20600
993;B;br_B_27214;br_B_27214|khadijabalde;Fantasma dos Campos;Fantasma dos Campos;Khadija Baldé;PD;ATT;29;30;1280000;R;14;Cape Verde;70;100;;editado;20600
994;B;br_B_27214;br_B_27214|paulafreitas;Fantasma dos Campos;Fantasma dos Campos;Paula Freitas;GOL;GK;27;40;560000;R;33;Brazil;70;100;;editado;17800
995;B;br_B_27214;br_B_27214|lorenamonteiro;Fantasma dos Campos;Fantasma dos Campos;Lorena Monteiro;GOL;GK;27;26;1220000;R;41;Brazil;70;100;;editado;17800
996;B;br_B_27214;br_B_27214|luanasiqueira;Fantasma dos Campos;Fantasma dos Campos;Luana Siqueira;ZAG;DEF;27;21;1100000;R;25;Brazil;70;100;;editado;17800
997;B;br_B_27214;br_B_27214|sandrafreitas;Fantasma dos Campos;Fantasma dos Campos;Sandra Freitas;ZAG;DEF;27;21;1100000;R;34;Brazil;70;100;;editado;17800
998;B;br_B_27214;br_B_27214|paty;Fantasma dos Campos;Fantasma dos Campos;Paty;LAD;DEF;27;20;1080000;R;23;Brazil;70;100;;editado;17800
999;B;br_B_27214;br_B_27214|amandamonteiro;Fantasma dos Campos;Fantasma dos Campos;Amanda Monteiro;VOL;MID;27;33;910000;L;5;Brazil;70;100;;editado;17800
1000;B;br_B_27214;br_B_27214|deniseguimaraes;Fantasma dos Campos;Fantasma dos Campos;Denise Guimarães;VOL;MID;27;31;1020000;R;32;Brazil;70;100;;editado;17800
1001;B;br_B_27214;br_B_27214|carolinadias;Fantasma dos Campos;Fantasma dos Campos;Carolina Dias;VOL;MID;27;22;1130000;R;80;Brazil;70;100;;editado;17800
1002;B;br_B_1134;br_B_1134|mila;Campineiro;Campineiro;Milena;ZAG;DEF;36;29;2550000;R;3;Brazil;70;100;;editado;33400
1003;B;br_B_1134;br_B_1134|leticiamachado;Campineiro;Campineiro;Letícia Machado;LAE;DEF;34;22;2110000;L;32;Brazil;70;100;;editado;29200
1004;B;br_B_1134;br_B_1134|micaelarodriguez;Campineiro;Campineiro;Micaela Rodríguez;ZAG;DEF;33;21;1910000;R;23;Colombia;70;100;;editado;27400
1005;B;br_B_1134;br_B_1134|michelepeixoto;Campineiro;Campineiro;Michele Peixoto;ZAG;DEF;31;25;1720000;L;44;Brazil;70;100;;editado;23800
1006;B;br_B_1134;br_B_1134|francieleribeiro;Campineiro;Campineiro;Franciele Ribeiro;GOL;GK;29;40;670000;R;12;Brazil;70;100;;editado;20600
1007;B;br_B_1134;br_B_1134|biancasantos;Campineiro;Campineiro;Bianca Santos;LAE;DEF;29;34;1010000;L;14;Brazil;70;100;;editado;20600
1008;B;br_B_1134;br_B_1134|fabianacosta;Campineiro;Campineiro;Fabiana Costa;LAD;DEF;29;26;1450000;R;22;Brazil;70;100;;editado;20600
1009;B;br_B_1134;br_B_1134|helenacorreia;Campineiro;Campineiro;Helena Correia;MC;MID;29;29;1350000;R;16;Brazil;70;100;;editado;20600
1010;B;br_B_1134;br_B_1134|lorenaferreira;Campineiro;Campineiro;Lorena Ferreira;GOL;GK;27;23;1150000;R;30;Brazil;70;100;;editado;17800
1011;B;br_B_1134;br_B_1134|julinha;Campineiro;Campineiro;Julinha;GOL;GK;27;22;1130000;R;1;Brazil;70;100;;editado;17800
1012;B;br_B_1134;br_B_1134|michelenascimento;Campineiro;Campineiro;Michele Nascimento;LAD;DEF;27;35;790000;R;7;Brazil;70;100;;editado;17800
1013;B;br_B_1134;br_B_1134|michelemelo;Campineiro;Campineiro;Michele Melo;LAD;DEF;27;21;1100000;R;;Brazil;70;100;;editado;17800
1014;B;br_B_1134;br_B_1134|eduardaferreira;Campineiro;Campineiro;Eduarda Ferreira;LAD;DEF;27;21;1100000;R;;Brazil;70;100;;editado;17800
1015;B;br_B_1134;br_B_1134|carolinaoliveira;Campineiro;Campineiro;Carolina Oliveira;VOL;MID;27;26;1220000;R;8;Brazil;70;100;;editado;17800
1016;B;br_B_1134;br_B_1134|sandraferreira;Campineiro;Campineiro;Sandra Ferreira;VOL;MID;27;27;1240000;L;20;Brazil;70;100;;editado;17800
1017;B;br_B_1134;br_B_1134|patricialima;Campineiro;Campineiro;Patrícia Lima;VOL;MID;27;38;630000;L;5;Brazil;70;100;;editado;17800
1018;B;br_B_1134;br_B_1134|tatianabezerra;Campineiro;Campineiro;Tatiana Bezerra;MEI;MID;27;35;790000;R;10;Brazil;70;100;;editado;17800
1019;B;br_B_1134;br_B_1134|thaissantos;Campineiro;Campineiro;Thaís Santos;MEI;MID;27;24;1170000;L;;Brazil;70;100;;editado;17800
1020;B;br_B_1134;br_B_1134|marciacardoso;Campineiro;Campineiro;Márcia Cardoso;LAE;DEF;26;26;1100000;L;13;Brazil;70;100;;editado;16400
1021;B;br_B_1134;br_B_1134|ingridtavares;Campineiro;Campineiro;Ingrid Tavares;CA;ATT;26;22;1020000;R;;Brasil;70;100;;editado;16400
1022;B;br_B_1134;br_B_1134|simonefreitas;Campineiro;Campineiro;Simone Freitas;CA;ATT;25;24;950000;L;;Brasil;70;100;;editado;15000
1023;B;br_B_1134;br_B_1134|adrianarodrigues;Campineiro;Campineiro;Adriana Rodrigues;CA;ATT;25;20;870000;R;;Brasil;70;100;;editado;15000
1024;B;br_B_1134;br_B_1134|yasminnunes;Campineiro;Campineiro;Yasmin Nunes;CA;ATT;25;20;870000;R;;Brasil;70;100;;editado;15000
1025;B;br_B_1134;br_B_1134|raquelmonteiro;Campineiro;Campineiro;Raquel Monteiro;MC;MID;25;22;910000;R;;Brasil;70;100;;editado;15000
1026;B;br_B_1134;br_B_1134|luanabezerra;Campineiro;Campineiro;Luana Bezerra;CA;ATT;24;20;820000;R;;Brasil;70;100;;editado;14000
1027;B;br_B_16439;br_B_16439|deboracorreia;Tigre do ABC;Tigre do ABC;Débora Correia;MEI;MID;34;28;2220000;R;31;Brazil;70;100;;editado;29200
1028;B;br_B_16439;br_B_16439|fernandarodrigues;Tigre do ABC;Tigre do ABC;Fernanda Rodrigues;ZAG;DEF;34;33;1690000;R;35;Brazil;70;100;;editado;29200
1029;B;br_B_16439;br_B_16439|ingridfreitas;Tigre do ABC;Tigre do ABC;Ingrid Freitas;MEI;MID;34;33;1690000;R;42;Brazil;70;100;;editado;29200
1030;B;br_B_16439;br_B_16439|valentinarodrigues;Tigre do ABC;Tigre do ABC;Valentina Rodrigues;PD;ATT;33;28;2040000;L;10;Brazil;70;100;;editado;27400
1031;B;br_B_16439;br_B_16439|gislainesantos;Tigre do ABC;Tigre do ABC;Gislaine Santos;VOL;MID;32;29;1780000;R;32;Brazil;70;100;;editado;25600
1032;B;br_B_16439;br_B_16439|eduardacavalcanti;Tigre do ABC;Tigre do ABC;Eduarda Cavalcanti;ZAG;DEF;32;29;1780000;R;97;Brazil;70;100;;editado;25600
1033;B;br_B_16439;br_B_16439|nataliapeixoto;Tigre do ABC;Tigre do ABC;Natália Peixoto;LAD;DEF;32;31;1610000;R;2;Brazil;70;100;;editado;25600
1034;B;br_B_16439;br_B_16439|camilafreitas;Tigre do ABC;Tigre do ABC;Camila Freitas;VOL;MID;32;26;1920000;R;14;Brazil;70;100;;editado;25600
1035;B;br_B_16439;br_B_16439|francielesiqueira;Tigre do ABC;Tigre do ABC;Franciele Siqueira;VOL;MID;32;29;1780000;R;17;Brazil;70;100;;editado;25600
1036;B;br_B_16439;br_B_16439|mariasilva;Tigre do ABC;Tigre do ABC;Maria Silva;PE;ATT;32;26;1920000;R;29;Brazil;70;100;;editado;25600
1037;B;br_B_16439;br_B_16439|yasminoliveira;Tigre do ABC;Tigre do ABC;Yasmin Oliveira;PE;ATT;32;28;1870000;L;11;Brazil;70;100;;editado;25600
1038;B;br_B_16439;br_B_16439|marianalima;Tigre do ABC;Tigre do ABC;Mariana Lima;GOL;GK;31;39;820000;R;1;Brazil;70;100;;editado;23800
1039;B;br_B_16439;br_B_16439|danielaandrade;Tigre do ABC;Tigre do ABC;Daniela Andrade;ZAG;DEF;31;24;1680000;L;90;Brazil;70;100;;editado;23800
1040;B;br_B_16439;br_B_16439|tatianavieira;Tigre do ABC;Tigre do ABC;Tatiana Vieira;VOL;MID;31;34;1220000;R;8;Brazil;70;100;;editado;23800
1041;B;br_B_16439;br_B_16439|marianacorreia;Tigre do ABC;Tigre do ABC;Mariana Correia;GOL;GK;30;28;1530000;R;40;Brazil;70;100;;editado;22000
1042;B;br_B_16439;br_B_16439|priscilaxavier;Tigre do ABC;Tigre do ABC;Priscila Xavier;LAE;DEF;30;30;1380000;L;6;Brazil;70;100;;editado;22000
1043;B;br_B_16439;br_B_16439|luizaferreira;Tigre do ABC;Tigre do ABC;Luíza Ferreira;ZAG;DEF;29;36;880000;R;3;Brazil;70;100;;editado;20600
1044;B;br_B_16439;br_B_16439|vitoriasilva;Tigre do ABC;Tigre do ABC;Vitória Silva;LAE;DEF;29;32;1150000;L;33;Brazil;70;100;;editado;20600
1045;B;br_B_16439;br_B_16439|valentinaandrade;Tigre do ABC;Tigre do ABC;Valentina Andrade;MC;MID;29;26;1450000;R;26;Brazil;70;100;;editado;20600
1046;B;br_B_16439;br_B_16439|vivianecarvalho;Tigre do ABC;Tigre do ABC;Viviane Carvalho;MC;MID;29;37;810000;R;30;Brazil;70;100;;editado;20600
1047;B;br_B_16439;br_B_16439|eduardadias;Tigre do ABC;Tigre do ABC;Eduarda Dias;SA;ATT;27;26;1220000;R;7;Brazil;70;100;;editado;17800
1048;B;br_B_16439;br_B_16439|denisebezerra;Tigre do ABC;Tigre do ABC;Denise Bezerra;CA;ATT;27;29;1130000;L;19;Brazil;70;100;;editado;17800
1049;B;br_B_16439;br_B_16439|deboraguimaraes;Tigre do ABC;Tigre do ABC;Débora Guimarães;CA;ATT;27;36;740000;R;89;Brazil;70;100;;editado;17800
1050;B;br_B_16439;br_B_16439|larissasilva;Tigre do ABC;Tigre do ABC;Larissa Silva;CA;ATT;27;21;1100000;R;37;Brazil;70;100;;editado;17800
1051;B;br_B_16439;br_B_16439|elaineoliveira;Tigre do ABC;Tigre do ABC;Elaine Oliveira;CA;ATT;27;25;1190000;R;70;Brazil;70;100;;editado;17800
1052;B;br_B_8718;br_B_8718|adrianabatista;Leão do Recife;Leão do Recife;Adriana Batista;VOL;MID;37;18;2590000;R;58;Brazil;70;100;;editado;35800
1053;B;br_B_8718;br_B_8718|fran;Leão do Recife;Leão do Recife;Fran;PD;ATT;37;25;2990000;L;30;Brazil;70;100;;editado;35800
1054;B;br_B_8718;br_B_8718|franciscafonseca;Leão do Recife;Leão do Recife;Francisca Fonseca;ZAG;DEF;36;27;2800000;R;;Portugal;70;100;;editado;33400
1055;B;br_B_8718;br_B_8718|eduardacorreia;Leão do Recife;Leão do Recife;Eduarda Correia;LAD;DEF;36;25;2700000;R;;Brazil;70;100;;editado;33400
1056;B;br_B_8718;br_B_8718|rafaelamachado;Leão do Recife;Leão do Recife;Rafaela Machado;MC;MID;36;31;2300000;R;7;Brazil;70;100;;editado;33400
1057;B;br_B_8718;br_B_8718|antonellaaguirre;Leão do Recife;Leão do Recife;Antonella Aguirre;PE;ATT;36;26;2750000;L;;Uruguay;70;100;;editado;33400
1058;B;br_B_8718;br_B_8718|robertinha;Leão do Recife;Leão do Recife;Robertinha;PE;ATT;36;34;1920000;L;10;Uruguay;70;100;;editado;33400
1059;B;br_B_8718;br_B_8718|amandasouza;Leão do Recife;Leão do Recife;Amanda Souza;ZAG;DEF;35;30;2160000;R;5;Brazil;70;100;;editado;31000
1060;B;br_B_8718;br_B_8718|cristinapereira;Leão do Recife;Leão do Recife;Cristina Pereira;LAE;DEF;35;29;2280000;L;60;Brazil;70;100;;editado;31000
1061;B;br_B_8718;br_B_8718|deborapinto;Leão do Recife;Leão do Recife;Débora Pinto;CA;ATT;35;28;2390000;L;9;Brazil;70;100;;editado;31000
1062;B;br_B_8718;br_B_8718|michelesiqueira;Leão do Recife;Leão do Recife;Michele Siqueira;GOL;GK;34;27;2320000;R;26;Brazil;70;100;;editado;29200
1063;B;br_B_8718;br_B_8718|nathaliamoreira;Leão do Recife;Leão do Recife;Nathalia Moreira;ZAG;DEF;34;25;2240000;R;28;Brazil;70;100;;editado;29200
1064;B;br_B_8718;br_B_8718|marciabarbosa;Leão do Recife;Leão do Recife;Márcia Barbosa;PE;ATT;34;31;1900000;R;25;Brazil;70;100;;editado;29200
1065;B;br_B_8718;br_B_8718|vitorianascimento;Leão do Recife;Leão do Recife;Vitória Nascimento;CA;ATT;34;30;2010000;R;95;Brazil;70;100;;editado;29200
1066;B;br_B_8718;br_B_8718|danielalima;Leão do Recife;Leão do Recife;Daniela Lima;CA;ATT;34;32;1800000;R;99;Brazil;70;100;;editado;29200
1067;B;br_B_8718;br_B_8718|kellyalmeida;Leão do Recife;Leão do Recife;Kelly Almeida;ZAG;DEF;32;23;1820000;R;3;Brazil;70;100;;editado;25600
1068;B;br_B_8718;br_B_8718|elainesantos;Leão do Recife;Leão do Recife;Elaine Santos;LAD;DEF;32;18;1640000;R;68;Brazil;70;100;;editado;25600
1069;B;br_B_8718;br_B_8718|biancatavares;Leão do Recife;Leão do Recife;Bianca Tavares;VOL;MID;32;27;1960000;R;23;Brazil;70;100;;editado;25600
1070;B;br_B_8718;br_B_8718|yasminpeixoto;Leão do Recife;Leão do Recife;Yasmin Peixoto;MC;MID;32;23;1820000;L;47;Brazil;70;100;;editado;25600
1071;B;br_B_8718;br_B_8718|deboramelo;Leão do Recife;Leão do Recife;Débora Melo;MEI;MID;32;24;1850000;R;6;Brazil;70;100;;editado;25600
1072;B;br_B_8718;br_B_8718|yasminrocha;Leão do Recife;Leão do Recife;Yasmin Rocha;PE;ATT;32;25;1890000;R;11;Brazil;70;100;;editado;25600
1073;B;br_B_8718;br_B_8718|tatianagomes;Leão do Recife;Leão do Recife;Tatiana Gomes;PE;ATT;32;28;1870000;R;31;Brazil;70;100;;editado;25600
1074;B;br_B_8718;br_B_8718|larissanascimento;Leão do Recife;Leão do Recife;Larissa Nascimento;GOL;GK;31;27;1780000;R;1;Brazil;70;100;;editado;23800
1075;B;br_B_8718;br_B_8718|lulu;Leão do Recife;Leão do Recife;Lulu;VOL;MID;31;26;1750000;R;48;Brazil;70;100;;editado;23800
1076;B;br_B_8718;br_B_8718|thaissilva;Leão do Recife;Leão do Recife;Thaís Silva;LAD;DEF;30;34;1100000;R;13;Brazil;70;100;;editado;22000
1077;B;br_B_5677;br_B_5677|isabelarodrigues;Colorado do Cerrado;Colorado do Cerrado;Isabela Rodrigues;VOL;MID;36;32;2170000;L;21;Brazil;70;100;;editado;33400
1078;B;br_B_5677;br_B_5677|robertaalmeida;Colorado do Cerrado;Colorado do Cerrado;Roberta Almeida;PD;ATT;34;27;2320000;R;99;Brazil;70;100;;editado;29200
1079;B;br_B_5677;br_B_5677|francielevieira;Colorado do Cerrado;Colorado do Cerrado;Franciele Vieira;VOL;MID;34;30;2010000;L;8;Brazil;70;100;;editado;29200
1080;B;br_B_5677;br_B_5677|renatasiqueira;Colorado do Cerrado;Colorado do Cerrado;Renata Siqueira;VOL;MID;34;28;2220000;R;5;Brazil;70;100;;editado;29200
1081;B;br_B_5677;br_B_5677|beatriznascimento;Colorado do Cerrado;Colorado do Cerrado;Beatriz Nascimento;PE;ATT;34;25;2240000;L;11;Brazil;70;100;;editado;29200
1082;B;br_B_5677;br_B_5677|lorenaalmeida;Colorado do Cerrado;Colorado do Cerrado;Lorena Almeida;PD;ATT;33;29;1950000;L;7;Brazil;70;100;;editado;27400
1083;B;br_B_5677;br_B_5677|nati;Colorado do Cerrado;Colorado do Cerrado;Nati;CA;ATT;33;34;1470000;R;49;Brazil;70;100;;editado;27400
1084;B;br_B_5677;br_B_5677|kellymartins;Colorado do Cerrado;Colorado do Cerrado;Kelly Martins;ZAG;DEF;32;28;1870000;L;38;Brazil;70;100;;editado;25600
1085;B;br_B_5677;br_B_5677|denisesiqueira;Colorado do Cerrado;Colorado do Cerrado;Denise Siqueira;LAD;DEF;32;30;1700000;R;22;Brazil;70;100;;editado;25600
1086;B;br_B_5677;br_B_5677|jessicacardoso;Colorado do Cerrado;Colorado do Cerrado;Jéssica Cardoso;CA;ATT;32;34;1340000;R;9;Brazil;70;100;;editado;25600
1087;B;br_B_5677;br_B_5677|dudinha;Colorado do Cerrado;Colorado do Cerrado;Dudinha;GOL;GK;31;35;1140000;R;1;Brazil;70;100;;editado;23800
1088;B;br_B_5677;br_B_5677|tatianaaraujo;Colorado do Cerrado;Colorado do Cerrado;Tatiana Araújo;ZAG;DEF;31;36;1060000;R;3;Brazil;70;100;;editado;23800
1089;B;br_B_5677;br_B_5677|helenatavares;Colorado do Cerrado;Colorado do Cerrado;Helena Tavares;LAE;DEF;31;33;1300000;L;16;Brazil;70;100;;editado;23800
1090;B;br_B_5677;br_B_5677|camilaguimaraes;Colorado do Cerrado;Colorado do Cerrado;Camila Guimarães;VOL;MID;31;24;1680000;R;15;Brazil;70;100;;editado;23800
1091;B;br_B_5677;br_B_5677|raquelaraujo;Colorado do Cerrado;Colorado do Cerrado;Raquel Araújo;PE;ATT;31;25;1720000;R;70;Brazil;70;100;;editado;23800
1092;B;br_B_5677;br_B_5677|lorenaoliveira;Colorado do Cerrado;Colorado do Cerrado;Lorena Oliveira;ZAG;DEF;30;31;1310000;R;14;Brazil;70;100;;editado;22000
1093;B;br_B_5677;br_B_5677|talitamoreira;Colorado do Cerrado;Colorado do Cerrado;Talita Moreira;GOL;GK;29;23;1370000;R;30;Brazil;70;100;;editado;20600
1094;B;br_B_5677;br_B_5677|robertaaraujo;Colorado do Cerrado;Colorado do Cerrado;Roberta Araújo;LAE;DEF;29;21;1320000;L;6;Brazil;70;100;;editado;20600
1095;B;br_B_5677;br_B_5677|missil;Colorado do Cerrado;Colorado do Cerrado;Míssil;LAE;DEF;29;31;1210000;L;13;Brazil;70;100;;editado;20600
1096;B;br_B_5677;br_B_5677|camilatavares;Colorado do Cerrado;Colorado do Cerrado;Camila Tavares;MEI;MID;29;29;1350000;L;33;Brazil;70;100;;editado;20600
1097;B;br_B_5677;br_B_5677|gislainelima;Colorado do Cerrado;Colorado do Cerrado;Gislaine Lima;MEI;MID;29;35;950000;L;10;Brazil;70;100;;editado;20600
1098;B;br_B_5677;br_B_5677|flaviapinto;Colorado do Cerrado;Colorado do Cerrado;Flávia Pinto;CA;ATT;28;18;1140000;R;19;Brazil;70;100;;editado;19200
1099;B;br_B_5677;br_B_5677|nataliamoreira;Colorado do Cerrado;Colorado do Cerrado;Natália Moreira;VOL;MID;27;23;1150000;R;18;Brazil;70;100;;editado;17800
1100;B;br_B_5677;br_B_5677|eduardateixeira;Colorado do Cerrado;Colorado do Cerrado;Eduarda Teixeira;VOL;MID;27;21;1100000;R;;Brazil;70;100;;editado;17800
1101;B;br_B_5677;br_B_5677|lorenafreitas;Colorado do Cerrado;Colorado do Cerrado;Lorena Freitas;CA;ATT;27;25;1190000;R;;Brazil;70;100;;editado;17800
1102;C;br_C_amazonas;br_C_amazonas|adrianacardoso;Onça Amazônica;Onça Amazônica;Adriana Cardoso;ZAG;DEF;24;30;810000;R;;Brasil;70;100;;editado;14000
1103;C;br_C_amazonas;br_C_amazonas|nathalianunes;Onça Amazônica;Onça Amazônica;Nathalia Nunes;ZAG;DEF;23;20;770000;R;;Brasil;70;100;;editado;13000
1104;C;br_C_amazonas;br_C_amazonas|vanessacarvalho;Onça Amazônica;Onça Amazônica;Vanessa Carvalho;MC;MID;23;21;780000;R;;Brasil;70;100;;editado;13000
1105;C;br_C_amazonas;br_C_amazonas|giovanateixeira;Onça Amazônica;Onça Amazônica;Giovana Teixeira;VOL;MID;23;23;820000;R;;Brasil;70;100;;editado;13000
1106;C;br_C_amazonas;br_C_amazonas|yasmintavares;Onça Amazônica;Onça Amazônica;Yasmin Tavares;VOL;MID;23;32;680000;R;;Brasil;70;100;;editado;13000
1107;C;br_C_amazonas;br_C_amazonas|thaisxavier;Onça Amazônica;Onça Amazônica;Thaís Xavier;MC;MID;23;22;800000;R;;Brasil;70;100;;editado;13000
1108;C;br_C_amazonas;br_C_amazonas|helenasiqueira;Onça Amazônica;Onça Amazônica;Helena Siqueira;PD;ATT;23;27;880000;R;;Brasil;70;100;;editado;13000
1109;C;br_C_amazonas;br_C_amazonas|yasminsantos;Onça Amazônica;Onça Amazônica;Yasmin Santos;GOL;GK;22;20;720000;R;;Brasil;70;100;;editado;12000
1110;C;br_C_amazonas;br_C_amazonas|kellycosta;Onça Amazônica;Onça Amazônica;Kelly Costa;VOL;MID;22;25;790000;R;;Brasil;70;100;;editado;12000
1111;C;br_C_amazonas;br_C_amazonas|giovanaalmeida;Onça Amazônica;Onça Amazônica;Giovana Almeida;MC;MID;22;33;600000;R;;Brasil;70;100;;editado;12000
1112;C;br_C_amazonas;br_C_amazonas|rafaelanascimento;Onça Amazônica;Onça Amazônica;Rafaela Nascimento;MEI;MID;22;25;790000;R;;Brasil;70;100;;editado;12000
1113;C;br_C_amazonas;br_C_amazonas|gislainezinha;Onça Amazônica;Onça Amazônica;Gislainezinha;GOL;GK;21;26;750000;R;;Brasil;70;100;;editado;11000
1114;C;br_C_amazonas;br_C_amazonas|biancasilva;Onça Amazônica;Onça Amazônica;Bianca Silva;LAD;DEF;21;32;590000;R;;Brasil;70;100;;editado;11000
1115;C;br_C_amazonas;br_C_amazonas|carlarodrigues;Onça Amazônica;Onça Amazônica;Carla Rodrigues;ZAG;DEF;20;21;620000;R;;Brasil;70;100;;editado;10000
1116;C;br_C_amazonas;br_C_amazonas|fernandapereira;Onça Amazônica;Onça Amazônica;Fernanda Pereira;LAD;DEF;20;31;570000;R;;Brasil;70;100;;editado;10000
1117;C;br_C_amazonas;br_C_amazonas|giovanaxavier;Onça Amazônica;Onça Amazônica;Giovana Xavier;CA;ATT;20;22;640000;R;;Brasil;70;100;;editado;10000
1118;C;br_C_amazonas;br_C_amazonas|eduardasantos;Onça Amazônica;Onça Amazônica;Eduarda Santos;PE;ATT;20;32;540000;R;;Brasil;70;100;;editado;10000
1119;C;br_C_amazonas;br_C_amazonas|flavianascimento;Onça Amazônica;Onça Amazônica;Flávia Nascimento;CA;ATT;20;29;640000;R;;Brasil;70;100;;editado;10000
1120;C;br_C_amazonas;br_C_amazonas|carolinapeixoto;Onça Amazônica;Onça Amazônica;Carolina Peixoto;LAE;DEF;19;33;470000;R;;Brasil;70;100;;editado;9200
1121;C;br_C_amazonas;br_C_amazonas|francielerocha;Onça Amazônica;Onça Amazônica;Franciele Rocha;MEI;MID;19;25;630000;R;;Brasil;70;100;;editado;9200
1122;C;br_C_anapolisgo;br_C_anapolisgo|lorenamoreira;Tricolor do Planalto;Tricolor do Planalto;Lorena Moreira;MEI;MID;24;25;910000;R;;Brasil;70;100;;editado;14000
1123;C;br_C_anapolisgo;br_C_anapolisgo|sandrasilva;Tricolor do Planalto;Tricolor do Planalto;Sandra Silva;MC;MID;24;20;820000;R;;Brasil;70;100;;editado;14000
1124;C;br_C_anapolisgo;br_C_anapolisgo|gabrielalima;Tricolor do Planalto;Tricolor do Planalto;Gabriela Lima;CA;ATT;24;30;810000;R;;Brasil;70;100;;editado;14000
1125;C;br_C_anapolisgo;br_C_anapolisgo|luanacavalcanti;Tricolor do Planalto;Tricolor do Planalto;Luana Cavalcanti;GOL;GK;23;31;720000;R;;Brasil;70;100;;editado;13000
1126;C;br_C_anapolisgo;br_C_anapolisgo|xerife;Tricolor do Planalto;Tricolor do Planalto;Xerifa;ZAG;DEF;23;22;800000;R;;Brasil;70;100;;editado;13000
1127;C;br_C_anapolisgo;br_C_anapolisgo|michelecosta;Tricolor do Planalto;Tricolor do Planalto;Michele Costa;SA;ATT;23;22;800000;R;;Brasil;70;100;;editado;13000
1128;C;br_C_anapolisgo;br_C_anapolisgo|adrianamartins;Tricolor do Planalto;Tricolor do Planalto;Adriana Martins;CA;ATT;21;27;760000;L;;Brasil;70;100;;editado;11000
1129;C;br_C_anapolisgo;br_C_anapolisgo|robertatavares;Tricolor do Planalto;Tricolor do Planalto;Roberta Tavares;PD;ATT;21;22;690000;R;;Brasil;70;100;;editado;11000
1130;C;br_C_anapolisgo;br_C_anapolisgo|fabianasouza;Tricolor do Planalto;Tricolor do Planalto;Fabiana Souza;VOL;MID;20;25;670000;R;;Brasil;70;100;;editado;10000
1131;C;br_C_anapolisgo;br_C_anapolisgo|adrianasantos;Tricolor do Planalto;Tricolor do Planalto;Adriana Santos;ZAG;DEF;19;25;630000;L;;Brasil;70;100;;editado;9200
1132;C;br_C_anapolisgo;br_C_anapolisgo|jaquelinesiqueira;Tricolor do Planalto;Tricolor do Planalto;Jaqueline Siqueira;ZAG;DEF;18;29;550000;R;;Brasil;70;100;;editado;8400
1133;C;br_C_anapolisgo;br_C_anapolisgo|adrianatavares;Tricolor do Planalto;Tricolor do Planalto;Adriana Tavares;LAD;DEF;18;32;460000;L;;Brasil;70;100;;editado;8400
1134;C;br_C_anapolisgo;br_C_anapolisgo|marciaxavier;Tricolor do Planalto;Tricolor do Planalto;Márcia Xavier;LAE;DEF;18;20;520000;L;;Brasil;70;100;;editado;8400
1135;C;br_C_anapolisgo;br_C_anapolisgo|valentinamoreira;Tricolor do Planalto;Tricolor do Planalto;Valentina Moreira;MC;MID;18;28;570000;R;;Brasil;70;100;;editado;8400
1136;C;br_C_anapolisgo;br_C_anapolisgo|cristinamonteiro;Tricolor do Planalto;Tricolor do Planalto;Cristina Monteiro;VOL;MID;18;25;580000;L;;Brasil;70;100;;editado;8400
1137;C;br_C_anapolisgo;br_C_anapolisgo|larissasantos;Tricolor do Planalto;Tricolor do Planalto;Larissa Santos;PE;ATT;18;31;490000;R;;Brasil;70;100;;editado;8400
1138;C;br_C_anapolisgo;br_C_anapolisgo|carolinatavares;Tricolor do Planalto;Tricolor do Planalto;Carolina Tavares;GOL;GK;17;28;530000;R;;Brasil;70;100;;editado;7600
1139;C;br_C_anapolisgo;br_C_anapolisgo|molecona;Tricolor do Planalto;Tricolor do Planalto;Molecona;MEI;MID;17;30;480000;R;;Brasil;70;100;;editado;7600
1140;C;br_C_anapolisgo;br_C_anapolisgo|nathaliafreitas;Tricolor do Planalto;Tricolor do Planalto;Nathalia Freitas;ZAG;DEF;17;22;500000;R;;Brasil;70;100;;editado;7600
1141;C;br_C_anapolisgo;br_C_anapolisgo|vitoriavieira;Tricolor do Planalto;Tricolor do Planalto;Vitória Vieira;ZAG;DEF;17;23;510000;R;;Brasil;70;100;;editado;7600
1142;C;br_C_barra;br_C_barra|carlacosta;Pescador Catarinense;Pescador Catarinense;Carla Costa;LAD;DEF;23;25;850000;R;;Brasil;70;100;;editado;13000
1143;C;br_C_barra;br_C_barra|isabelaandrade;Pescador Catarinense;Pescador Catarinense;Isabela Andrade;LAE;DEF;23;20;770000;R;;Brasil;70;100;;editado;13000
1144;C;br_C_barra;br_C_barra|vanessalima;Pescador Catarinense;Pescador Catarinense;Vanessa Lima;ZAG;DEF;23;28;840000;L;;Brasil;70;100;;editado;13000
1145;C;br_C_barra;br_C_barra|cristinamelo;Pescador Catarinense;Pescador Catarinense;Cristina Melo;VOL;MID;23;27;880000;R;;Brasil;70;100;;editado;13000
1146;C;br_C_barra;br_C_barra|luizarodrigues;Pescador Catarinense;Pescador Catarinense;Luíza Rodrigues;PE;ATT;23;20;770000;R;;Brasil;70;100;;editado;13000
1147;C;br_C_barra;br_C_barra|alinenunes;Pescador Catarinense;Pescador Catarinense;Aline Nunes;ZAG;DEF;22;20;720000;R;;Brasil;70;100;;editado;12000
1148;C;br_C_barra;br_C_barra|vanessasiqueira;Pescador Catarinense;Pescador Catarinense;Vanessa Siqueira;PD;ATT;22;29;750000;R;;Brasil;70;100;;editado;12000
1149;C;br_C_barra;br_C_barra|julianamachado;Pescador Catarinense;Pescador Catarinense;Juliana Machado;ZAG;DEF;21;27;760000;R;;Brasil;70;100;;editado;11000
1150;C;br_C_barra;br_C_barra|maninha;Pescador Catarinense;Pescador Catarinense;Maninha;VOL;MID;21;30;660000;R;;Brasil;70;100;;editado;11000
1151;C;br_C_barra;br_C_barra|mariacarvalho;Pescador Catarinense;Pescador Catarinense;Maria Carvalho;MEI;MID;21;22;690000;R;;Brasil;70;100;;editado;11000
1152;C;br_C_barra;br_C_barra|danielacorreia;Pescador Catarinense;Pescador Catarinense;Daniela Correia;CA;ATT;21;27;760000;R;;Brasil;70;100;;editado;11000
1153;C;br_C_barra;br_C_barra|paulabarbosa;Pescador Catarinense;Pescador Catarinense;Paula Barbosa;ZAG;DEF;20;22;640000;R;;Brasil;70;100;;editado;10000
1154;C;br_C_barra;br_C_barra|leticiasantos;Pescador Catarinense;Pescador Catarinense;Letícia Santos;MC;MID;20;32;540000;L;;Brasil;70;100;;editado;10000
1155;C;br_C_barra;br_C_barra|paulapeixoto;Pescador Catarinense;Pescador Catarinense;Paula Peixoto;MEI;MID;20;20;610000;R;;Brasil;70;100;;editado;10000
1156;C;br_C_barra;br_C_barra|flaviacosta;Pescador Catarinense;Pescador Catarinense;Flávia Costa;CA;ATT;20;24;660000;R;;Brasil;70;100;;editado;10000
1157;C;br_C_barra;br_C_barra|alininha;Pescador Catarinense;Pescador Catarinense;Alininha;CA;ATT;20;21;620000;R;;Brasil;70;100;;editado;10000
1158;C;br_C_barra;br_C_barra|luanaaraujo;Pescador Catarinense;Pescador Catarinense;Luana Araújo;GOL;GK;19;20;570000;L;;Brasil;70;100;;editado;9200
1159;C;br_C_barra;br_C_barra|rafaelavieira;Pescador Catarinense;Pescador Catarinense;Rafaela Vieira;MC;MID;19;20;570000;R;;Brasil;70;100;;editado;9200
1160;C;br_C_barra;br_C_barra|gabrielacorreia;Pescador Catarinense;Pescador Catarinense;Gabriela Correia;LAD;DEF;18;29;550000;L;;Brasil;70;100;;editado;8400
1161;C;br_C_barra;br_C_barra|leticiacavalcanti;Pescador Catarinense;Pescador Catarinense;Letícia Cavalcanti;GOL;GK;17;21;490000;R;;Brasil;70;100;;editado;7600
1162;C;br_C_botafogopb;br_C_botafogopb|gislainemachado;Tricolor do Interior;Tricolor do Interior;Gislaine Machado;MEI;MID;24;27;940000;R;;Brasil;70;100;;editado;14000
1163;C;br_C_botafogopb;br_C_botafogopb|julianadias;Tricolor do Interior;Tricolor do Interior;Juliana Dias;LAD;DEF;23;21;780000;R;;Brasil;70;100;;editado;13000
1164;C;br_C_botafogopb;br_C_botafogopb|amandacavalcanti;Tricolor do Interior;Tricolor do Interior;Amanda Cavalcanti;SA;ATT;22;21;730000;L;;Brasil;70;100;;editado;12000
1165;C;br_C_botafogopb;br_C_botafogopb|amandatavares;Tricolor do Interior;Tricolor do Interior;Amanda Tavares;ZAG;DEF;21;30;660000;R;;Brasil;70;100;;editado;11000
1166;C;br_C_botafogopb;br_C_botafogopb|raquelcavalcanti;Tricolor do Interior;Tricolor do Interior;Raquel Cavalcanti;CA;ATT;21;27;760000;R;;Brasil;70;100;;editado;11000
1167;C;br_C_botafogopb;br_C_botafogopb|adrianaribeiro;Tricolor do Interior;Tricolor do Interior;Adriana Ribeiro;GOL;GK;20;21;620000;R;;Brasil;70;100;;editado;10000
1168;C;br_C_botafogopb;br_C_botafogopb|nathaliarodrigues;Tricolor do Interior;Tricolor do Interior;Nathalia Rodrigues;ZAG;DEF;20;33;510000;R;;Brasil;70;100;;editado;10000
1169;C;br_C_botafogopb;br_C_botafogopb|coruja;Tricolor do Interior;Tricolor do Interior;Coruja;MC;MID;20;21;620000;R;;Brasil;70;100;;editado;10000
1170;C;br_C_botafogopb;br_C_botafogopb|raquelmoreira;Tricolor do Interior;Tricolor do Interior;Raquel Moreira;GOL;GK;19;33;470000;L;;Brasil;70;100;;editado;9200
1171;C;br_C_botafogopb;br_C_botafogopb|marianateixeira;Tricolor do Interior;Tricolor do Interior;Mariana Teixeira;CA;ATT;19;22;590000;R;;Brasil;70;100;;editado;9200
1172;C;br_C_botafogopb;br_C_botafogopb|tatianafreitas;Tricolor do Interior;Tricolor do Interior;Tatiana Freitas;PD;ATT;19;27;650000;R;;Brasil;70;100;;editado;9200
1173;C;br_C_botafogopb;br_C_botafogopb|beatrizteixeira;Tricolor do Interior;Tricolor do Interior;Beatriz Teixeira;PE;ATT;19;20;570000;R;;Brasil;70;100;;editado;9200
1174;C;br_C_botafogopb;br_C_botafogopb|camilasilva;Tricolor do Interior;Tricolor do Interior;Camila Silva;LAE;DEF;18;32;460000;R;;Brasil;70;100;;editado;8400
1175;C;br_C_botafogopb;br_C_botafogopb|denisearaujo;Tricolor do Interior;Tricolor do Interior;Denise Araújo;VOL;MID;18;31;490000;L;;Brasil;70;100;;editado;8400
1176;C;br_C_botafogopb;br_C_botafogopb|sandratavares;Tricolor do Interior;Tricolor do Interior;Sandra Tavares;VOL;MID;18;32;460000;R;;Brasil;70;100;;editado;8400
1177;C;br_C_botafogopb;br_C_botafogopb|francielecardoso;Tricolor do Interior;Tricolor do Interior;Franciele Cardoso;MC;MID;18;30;520000;R;;Brasil;70;100;;editado;8400
1178;C;br_C_botafogopb;br_C_botafogopb|fabianagomes;Tricolor do Interior;Tricolor do Interior;Fabiana Gomes;ZAG;DEF;18;24;570000;L;;Brasil;70;100;;editado;8400
1179;C;br_C_botafogopb;br_C_botafogopb|lorenadias;Tricolor do Interior;Tricolor do Interior;Lorena Dias;MEI;MID;17;33;400000;R;;Brasil;70;100;;editado;7600
1180;C;br_C_botafogopb;br_C_botafogopb|jaquelinevieira;Tricolor do Interior;Tricolor do Interior;Jaqueline Vieira;PE;ATT;17;27;550000;R;;Brasil;70;100;;editado;7600
1181;C;br_C_botafogopb;br_C_botafogopb|yasmincarvalho;Tricolor do Interior;Tricolor do Interior;Yasmin Carvalho;ZAG;DEF;17;24;520000;L;;Brasil;70;100;;editado;7600
1182;C;br_C_brusque;br_C_brusque|nandinha;Marreco da Serra;Marreco da Serra;Nandinha;ZAG;DEF;23;24;830000;L;;Brasil;70;100;;editado;13000
1183;C;br_C_brusque;br_C_brusque|sandrabarbosa;Marreco da Serra;Marreco da Serra;Sandra Barbosa;LAD;DEF;23;28;840000;R;;Brasil;70;100;;editado;13000
1184;C;br_C_brusque;br_C_brusque|kellyoliveira;Marreco da Serra;Marreco da Serra;Kelly Oliveira;MEI;MID;23;31;720000;R;;Brasil;70;100;;editado;13000
1185;C;br_C_brusque;br_C_brusque|francielealmeida;Marreco da Serra;Marreco da Serra;Franciele Almeida;CA;ATT;23;30;760000;R;;Brasil;70;100;;editado;13000
1186;C;br_C_brusque;br_C_brusque|nathaliadias;Marreco da Serra;Marreco da Serra;Nathalia Dias;ZAG;DEF;22;28;780000;R;;Brasil;70;100;;editado;12000
1187;C;br_C_brusque;br_C_brusque|sabrinacardoso;Marreco da Serra;Marreco da Serra;Sabrina Cardoso;CA;ATT;22;20;720000;R;;Brasil;70;100;;editado;12000
1188;C;br_C_brusque;br_C_brusque|deniseoliveira;Marreco da Serra;Marreco da Serra;Denise Oliveira;GOL;GK;21;33;550000;R;;Brasil;70;100;;editado;11000
1189;C;br_C_brusque;br_C_brusque|ingridfarias;Marreco da Serra;Marreco da Serra;Ingrid Farias;VOL;MID;21;25;730000;L;;Brasil;70;100;;editado;11000
1190;C;br_C_brusque;br_C_brusque|gislainecorreia;Marreco da Serra;Marreco da Serra;Gislaine Correia;LAE;DEF;20;26;690000;R;;Brasil;70;100;;editado;10000
1191;C;br_C_brusque;br_C_brusque|paulaxavier;Marreco da Serra;Marreco da Serra;Paula Xavier;VOL;MID;20;33;510000;L;;Brasil;70;100;sim;editado;10000
1192;C;br_C_brusque;br_C_brusque|rainha;Marreco da Serra;Marreco da Serra;Rainha;PD;ATT;20;33;510000;L;;Brasil;70;100;sim;editado;10000
1193;C;br_C_brusque;br_C_brusque|brunanunes;Marreco da Serra;Marreco da Serra;Bruna Nunes;MEI;MID;19;26;640000;R;;Brasil;70;100;;editado;9200
1194;C;br_C_brusque;br_C_brusque|robertacavalcanti;Marreco da Serra;Marreco da Serra;Roberta Cavalcanti;PE;ATT;19;20;570000;R;;Brasil;70;100;;editado;9200
1195;C;br_C_brusque;br_C_brusque|jaquelinemoreira;Marreco da Serra;Marreco da Serra;Jaqueline Moreira;SA;ATT;19;31;530000;L;;Brasil;70;100;;editado;9200
1196;C;br_C_brusque;br_C_brusque|fabianacavalcanti;Marreco da Serra;Marreco da Serra;Fabiana Cavalcanti;GOL;GK;18;26;590000;R;;Brasil;70;100;;editado;8400
1197;C;br_C_brusque;br_C_brusque|rafaelaguimaraes;Marreco da Serra;Marreco da Serra;Rafaela Guimarães;MC;MID;18;21;530000;R;;Brasil;70;100;;editado;8400
1198;C;br_C_brusque;br_C_brusque|furacao;Marreco da Serra;Marreco da Serra;Ventania;ZAG;DEF;18;20;520000;R;;Brasil;70;100;;editado;8400
1199;C;br_C_brusque;br_C_brusque|micheleoliveira;Marreco da Serra;Marreco da Serra;Michele Oliveira;ZAG;DEF;17;22;500000;R;;Brasil;70;100;;editado;7600
1200;C;br_C_brusque;br_C_brusque|sandraguimaraes;Marreco da Serra;Marreco da Serra;Sandra Guimarães;LAD;DEF;17;21;490000;R;;Brasil;70;100;;editado;7600
1201;C;br_C_brusque;br_C_brusque|paulabatista;Marreco da Serra;Marreco da Serra;Paula Batista;MC;MID;17;21;490000;R;;Brasil;70;100;;editado;7600
1202;C;br_C_caxiasdosul;br_C_caxiasdosul|renataxavier;Grená Gaúcho;Grená Gaúcho;Renata Xavier;GOL;GK;24;21;840000;R;;Brasil;70;100;;editado;14000
1203;C;br_C_caxiasdosul;br_C_caxiasdosul|mariagomes;Grená Gaúcho;Grená Gaúcho;Maria Gomes;GOL;GK;23;24;830000;R;;Brasil;70;100;;editado;13000
1204;C;br_C_caxiasdosul;br_C_caxiasdosul|isabelapinto;Grená Gaúcho;Grená Gaúcho;Isabela Pinto;ZAG;DEF;23;30;760000;R;;Brasil;70;100;;editado;13000
1205;C;br_C_caxiasdosul;br_C_caxiasdosul|marianafarias;Grená Gaúcho;Grená Gaúcho;Mariana Farias;VOL;MID;23;29;800000;R;;Brasil;70;100;;editado;13000
1206;C;br_C_caxiasdosul;br_C_caxiasdosul|carlamachado;Grená Gaúcho;Grená Gaúcho;Carla Machado;CA;ATT;23;20;770000;R;;Brasil;70;100;;editado;13000
1207;C;br_C_caxiasdosul;br_C_caxiasdosul|beatrizxavier;Grená Gaúcho;Grená Gaúcho;Beatriz Xavier;ZAG;DEF;22;25;790000;R;;Brasil;70;100;;editado;12000
1208;C;br_C_caxiasdosul;br_C_caxiasdosul|yasminpinto;Grená Gaúcho;Grená Gaúcho;Yasmin Pinto;PE;ATT;22;32;640000;L;;Brasil;70;100;;editado;12000
1209;C;br_C_caxiasdosul;br_C_caxiasdosul|kellymelo;Grená Gaúcho;Grená Gaúcho;Kelly Melo;PD;ATT;21;33;550000;R;;Brasil;70;100;;editado;11000
1210;C;br_C_caxiasdosul;br_C_caxiasdosul|vivianesouza;Grená Gaúcho;Grená Gaúcho;Viviane Souza;MC;MID;20;21;620000;R;;Brasil;70;100;;editado;10000
1211;C;br_C_caxiasdosul;br_C_caxiasdosul|denisepereira;Grená Gaúcho;Grená Gaúcho;Denise Pereira;CA;ATT;20;31;570000;R;;Brasil;70;100;;editado;10000
1212;C;br_C_caxiasdosul;br_C_caxiasdosul|anasiqueira;Grená Gaúcho;Grená Gaúcho;Ana Siqueira;SA;ATT;20;32;540000;R;;Brasil;70;100;;editado;10000
1213;C;br_C_caxiasdosul;br_C_caxiasdosul|brasa;Grená Gaúcho;Grená Gaúcho;Fagulha;LAD;DEF;19;25;630000;R;;Brasil;70;100;;editado;9200
1214;C;br_C_caxiasdosul;br_C_caxiasdosul|simonenascimento;Grená Gaúcho;Grená Gaúcho;Simone Nascimento;MC;MID;19;20;570000;R;;Brasil;70;100;;editado;9200
1215;C;br_C_caxiasdosul;br_C_caxiasdosul|cabecuda;Grená Gaúcho;Grená Gaúcho;Cabeçuda;MC;MID;19;23;600000;L;;Brasil;70;100;;editado;9200
1216;C;br_C_caxiasdosul;br_C_caxiasdosul|elainedias;Grená Gaúcho;Grená Gaúcho;Elaine Dias;LAD;DEF;18;31;490000;R;;Brasil;70;100;;editado;8400
1217;C;br_C_caxiasdosul;br_C_caxiasdosul|robertadias;Grená Gaúcho;Grená Gaúcho;Roberta Dias;ZAG;DEF;18;23;560000;R;;Brasil;70;100;;editado;8400
1218;C;br_C_caxiasdosul;br_C_caxiasdosul|vanessateixeira;Grená Gaúcho;Grená Gaúcho;Vanessa Teixeira;VOL;MID;18;24;570000;L;;Brasil;70;100;;editado;8400
1219;C;br_C_caxiasdosul;br_C_caxiasdosul|camilasiqueira;Grená Gaúcho;Grená Gaúcho;Camila Siqueira;ZAG;DEF;17;22;500000;R;;Brasil;70;100;;editado;7600
1220;C;br_C_caxiasdosul;br_C_caxiasdosul|francielecavalcanti;Grená Gaúcho;Grená Gaúcho;Franciele Cavalcanti;LAE;DEF;17;21;490000;R;;Brasil;70;100;;editado;7600
1221;C;br_C_caxiasdosul;br_C_caxiasdosul|luanapeixoto;Grená Gaúcho;Grená Gaúcho;Luana Peixoto;MEI;MID;17;30;480000;R;;Brasil;70;100;;editado;7600
1222;C;br_C_confianca;br_C_confianca|gata;Proletário FC;Proletário FC;Gata;LAE;DEF;24;21;840000;R;;Brasil;70;100;;editado;14000
1223;C;br_C_confianca;br_C_confianca|gislainebarbosa;Proletário FC;Proletário FC;Gislaine Barbosa;MC;MID;23;32;680000;R;;Brasil;70;100;;editado;13000
1224;C;br_C_confianca;br_C_confianca|jessicalima;Proletário FC;Proletário FC;Jéssica Lima;MEI;MID;23;21;780000;L;;Brasil;70;100;;editado;13000
1225;C;br_C_confianca;br_C_confianca|talitavieira;Proletário FC;Proletário FC;Talita Vieira;ZAG;DEF;22;22;750000;R;;Brasil;70;100;;editado;12000
1226;C;br_C_confianca;br_C_confianca|vivianepinto;Proletário FC;Proletário FC;Viviane Pinto;LAD;DEF;22;20;720000;R;;Brasil;70;100;;editado;12000
1227;C;br_C_confianca;br_C_confianca|ingridbarbosa;Proletário FC;Proletário FC;Ingrid Barbosa;CA;ATT;21;23;700000;R;;Brasil;70;100;;editado;11000
1228;C;br_C_confianca;br_C_confianca|vanessasantos;Proletário FC;Proletário FC;Vanessa Santos;PE;ATT;21;22;690000;R;;Brasil;70;100;;editado;11000
1229;C;br_C_confianca;br_C_confianca|leticiateixeira;Proletário FC;Proletário FC;Letícia Teixeira;CA;ATT;21;25;730000;L;;Brasil;70;100;;editado;11000
1230;C;br_C_confianca;br_C_confianca|tempestade;Proletário FC;Proletário FC;Tempestade;GOL;GK;20;30;610000;L;;Brasil;70;100;;editado;10000
1231;C;br_C_confianca;br_C_confianca|brunacosta;Proletário FC;Proletário FC;Bruna Costa;ZAG;DEF;19;20;570000;R;;Brasil;70;100;;editado;9200
1232;C;br_C_confianca;br_C_confianca|brunaalmeida;Proletário FC;Proletário FC;Bruna Almeida;VOL;MID;19;27;650000;R;;Brasil;70;100;;editado;9200
1233;C;br_C_confianca;br_C_confianca|robertasiqueira;Proletário FC;Proletário FC;Roberta Siqueira;VOL;MID;19;27;650000;R;;Brasil;70;100;;editado;9200
1234;C;br_C_confianca;br_C_confianca|marciacavalcanti;Proletário FC;Proletário FC;Márcia Cavalcanti;GOL;GK;18;27;600000;R;;Brasil;70;100;;editado;8400
1235;C;br_C_confianca;br_C_confianca|talitatavares;Proletário FC;Proletário FC;Talita Tavares;ZAG;DEF;18;21;530000;R;;Brasil;70;100;;editado;8400
1236;C;br_C_confianca;br_C_confianca|lorenarodrigues;Proletário FC;Proletário FC;Lorena Rodrigues;ZAG;DEF;18;30;520000;R;;Brasil;70;100;;editado;8400
1237;C;br_C_confianca;br_C_confianca|denisepeixoto;Proletário FC;Proletário FC;Denise Peixoto;LAD;DEF;18;29;550000;R;;Brasil;70;100;;editado;8400
1238;C;br_C_confianca;br_C_confianca|escorpiana;Proletário FC;Proletário FC;Escorpiana;ZAG;DEF;18;32;460000;R;;Brasil;70;100;;editado;8400
1239;C;br_C_confianca;br_C_confianca|luizanascimento;Proletário FC;Proletário FC;Luíza Nascimento;PD;ATT;17;32;430000;R;;Brasil;70;100;;editado;7600
1240;C;br_C_confianca;br_C_confianca|francielenascimento;Proletário FC;Proletário FC;Franciele Nascimento;MC;MID;17;19;470000;R;;Brasil;70;100;;editado;7600
1241;C;br_C_confianca;br_C_confianca|elainecarvalho;Proletário FC;Proletário FC;Elaine Carvalho;MC;MID;16;24;470000;R;;Brasil;70;100;;editado;6800
1242;C;br_C_ferroviaria;br_C_ferroviaria|marciarodrigues;Locomotiva Paulista;Locomotiva Paulista;Márcia Rodrigues;VOL;MID;24;25;910000;R;;Brasil;70;100;;editado;14000
1243;C;br_C_ferroviaria;br_C_ferroviaria|denisealmeida;Locomotiva Paulista;Locomotiva Paulista;Denise Almeida;GOL;GK;23;32;680000;R;;Brasil;70;100;;editado;13000
1244;C;br_C_ferroviaria;br_C_ferroviaria|leticiacardoso;Locomotiva Paulista;Locomotiva Paulista;Letícia Cardoso;ZAG;DEF;23;25;850000;R;;Brasil;70;100;;editado;13000
1245;C;br_C_ferroviaria;br_C_ferroviaria|nataliasantos;Locomotiva Paulista;Locomotiva Paulista;Natália Santos;ZAG;DEF;23;25;850000;R;;Brasil;70;100;;editado;13000
1246;C;br_C_ferroviaria;br_C_ferroviaria|nataliamachado;Locomotiva Paulista;Locomotiva Paulista;Natália Machado;ZAG;DEF;23;30;760000;R;;Brasil;70;100;;editado;13000
1247;C;br_C_ferroviaria;br_C_ferroviaria|cristinafreitas;Locomotiva Paulista;Locomotiva Paulista;Cristina Freitas;LAD;DEF;23;25;850000;R;;Brasil;70;100;;editado;13000
1248;C;br_C_ferroviaria;br_C_ferroviaria|flaviasiqueira;Locomotiva Paulista;Locomotiva Paulista;Flávia Siqueira;GOL;GK;22;28;780000;R;;Brasil;70;100;;editado;12000
1249;C;br_C_ferroviaria;br_C_ferroviaria|priscilanascimento;Locomotiva Paulista;Locomotiva Paulista;Priscila Nascimento;MC;MID;21;30;660000;R;;Brasil;70;100;;editado;11000
1250;C;br_C_ferroviaria;br_C_ferroviaria|luanaandrade;Locomotiva Paulista;Locomotiva Paulista;Luana Andrade;PD;ATT;21;27;760000;R;;Brasil;70;100;;editado;11000
1251;C;br_C_ferroviaria;br_C_ferroviaria|marialima;Locomotiva Paulista;Locomotiva Paulista;Maria Lima;VOL;MID;20;27;700000;R;;Brasil;70;100;;editado;10000
1252;C;br_C_ferroviaria;br_C_ferroviaria|denisecavalcanti;Locomotiva Paulista;Locomotiva Paulista;Denise Cavalcanti;MEI;MID;20;20;610000;R;;Brasil;70;100;;editado;10000
1253;C;br_C_ferroviaria;br_C_ferroviaria|piolho;Locomotiva Paulista;Locomotiva Paulista;Pulguinha;LAD;DEF;19;24;610000;L;;Brasil;70;100;;editado;9200
1254;C;br_C_ferroviaria;br_C_ferroviaria|vanessamelo;Locomotiva Paulista;Locomotiva Paulista;Vanessa Melo;CA;ATT;19;20;570000;R;;Brasil;70;100;;editado;9200
1255;C;br_C_ferroviaria;br_C_ferroviaria|brunamartins;Locomotiva Paulista;Locomotiva Paulista;Bruna Martins;LAE;DEF;18;29;550000;R;;Brasil;70;100;;editado;8400
1256;C;br_C_ferroviaria;br_C_ferroviaria|talitadias;Locomotiva Paulista;Locomotiva Paulista;Talita Dias;PE;ATT;18;20;520000;R;;Brasil;70;100;;editado;8400
1257;C;br_C_ferroviaria;br_C_ferroviaria|adrianasiqueira;Locomotiva Paulista;Locomotiva Paulista;Adriana Siqueira;CA;ATT;18;28;570000;R;;Brasil;70;100;;editado;8400
1258;C;br_C_ferroviaria;br_C_ferroviaria|ingridferreira;Locomotiva Paulista;Locomotiva Paulista;Ingrid Ferreira;SA;ATT;18;21;530000;R;;Brasil;70;100;;editado;8400
1259;C;br_C_ferroviaria;br_C_ferroviaria|vitoriafarias;Locomotiva Paulista;Locomotiva Paulista;Vitória Farias;ZAG;DEF;18;19;510000;R;;Brasil;70;100;;editado;8400
1260;C;br_C_ferroviaria;br_C_ferroviaria|craque;Locomotiva Paulista;Locomotiva Paulista;Craque;MC;MID;17;24;520000;R;;Brasil;70;100;;editado;7600
1261;C;br_C_ferroviaria;br_C_ferroviaria|fernandafreitas;Locomotiva Paulista;Locomotiva Paulista;Fernanda Freitas;MC;MID;17;19;470000;R;;Brasil;70;100;;editado;7600
1262;C;br_C_figueirense;br_C_figueirense|brunabatista;Figueira da Ilha;Figueira da Ilha;Bruna Batista;ZAG;DEF;23;21;780000;R;;Brasil;70;100;;editado;13000
1263;C;br_C_figueirense;br_C_figueirense|leticiacosta;Figueira da Ilha;Figueira da Ilha;Letícia Costa;GOL;GK;22;31;670000;R;;Brasil;70;100;;editado;12000
1264;C;br_C_figueirense;br_C_figueirense|lorenacarvalho;Figueira da Ilha;Figueira da Ilha;Lorena Carvalho;LAD;DEF;22;25;790000;R;;Brasil;70;100;;editado;12000
1265;C;br_C_figueirense;br_C_figueirense|bala;Figueira da Ilha;Figueira da Ilha;Estopim;VOL;MID;22;32;640000;R;;Brasil;70;100;;editado;12000
1266;C;br_C_figueirense;br_C_figueirense|brunasiqueira;Figueira da Ilha;Figueira da Ilha;Bruna Siqueira;MEI;MID;22;28;780000;R;;Brasil;70;100;;editado;12000
1267;C;br_C_figueirense;br_C_figueirense|jessicanascimento;Figueira da Ilha;Figueira da Ilha;Jéssica Nascimento;CA;ATT;22;28;780000;R;;Brasil;70;100;;editado;12000
1268;C;br_C_figueirense;br_C_figueirense|deborabarbosa;Figueira da Ilha;Figueira da Ilha;Débora Barbosa;LAD;DEF;20;23;650000;R;;Brasil;70;100;;editado;10000
1269;C;br_C_figueirense;br_C_figueirense|marciasouza;Figueira da Ilha;Figueira da Ilha;Márcia Souza;ZAG;DEF;20;29;640000;R;;Brasil;70;100;;editado;10000
1270;C;br_C_figueirense;br_C_figueirense|nataliafreitas;Figueira da Ilha;Figueira da Ilha;Natália Freitas;MEI;MID;20;27;700000;R;;Brasil;70;100;;editado;10000
1271;C;br_C_figueirense;br_C_figueirense|prata;Figueira da Ilha;Figueira da Ilha;Platina;VOL;MID;20;21;620000;L;;Brasil;70;100;;editado;10000
1272;C;br_C_figueirense;br_C_figueirense|faisca;Figueira da Ilha;Figueira da Ilha;Faísca;CA;ATT;20;29;640000;R;;Brasil;70;100;;editado;10000
1273;C;br_C_figueirense;br_C_figueirense|thaispereira;Figueira da Ilha;Figueira da Ilha;Thaís Pereira;SA;ATT;20;24;660000;R;;Brasil;70;100;;editado;10000
1274;C;br_C_figueirense;br_C_figueirense|julianaribeiro;Figueira da Ilha;Figueira da Ilha;Juliana Ribeiro;PD;ATT;19;29;590000;R;;Brasil;70;100;;editado;9200
1275;C;br_C_figueirense;br_C_figueirense|vivianecorreia;Figueira da Ilha;Figueira da Ilha;Viviane Correia;GOL;GK;18;23;560000;L;;Brasil;70;100;;editado;8400
1276;C;br_C_figueirense;br_C_figueirense|carolinalima;Figueira da Ilha;Figueira da Ilha;Carolina Lima;LAE;DEF;18;28;570000;R;;Brasil;70;100;;editado;8400
1277;C;br_C_figueirense;br_C_figueirense|talitasouza;Figueira da Ilha;Figueira da Ilha;Talita Souza;MC;MID;18;22;550000;R;;Brasil;70;100;;editado;8400
1278;C;br_C_figueirense;br_C_figueirense|priscilaaraujo;Figueira da Ilha;Figueira da Ilha;Priscila Araújo;MC;MID;18;19;510000;R;;Brasil;70;100;;editado;8400
1279;C;br_C_figueirense;br_C_figueirense|karinaalmeida;Figueira da Ilha;Figueira da Ilha;Karina Almeida;ZAG;DEF;17;24;520000;R;;Brasil;70;100;;editado;7600
1280;C;br_C_figueirense;br_C_figueirense|denisebatista;Figueira da Ilha;Figueira da Ilha;Denise Batista;PE;ATT;17;25;530000;R;;Brasil;70;100;;editado;7600
1281;C;br_C_figueirense;br_C_figueirense|helenacavalcanti;Figueira da Ilha;Figueira da Ilha;Helena Cavalcanti;ZAG;DEF;17;22;500000;L;;Brasil;70;100;;editado;7600
1282;C;br_C_floresta;br_C_floresta|nathaliacardoso;Verdão Cearense;Verdão Cearense;Nathalia Cardoso;GOL;GK;23;24;830000;R;;Brasil;70;100;;editado;13000
1283;C;br_C_floresta;br_C_floresta|amandasilva;Verdão Cearense;Verdão Cearense;Amanda Silva;LAE;DEF;23;22;800000;R;;Brasil;70;100;;editado;13000
1284;C;br_C_floresta;br_C_floresta|bronze;Verdão Cearense;Verdão Cearense;Cobre;LAD;DEF;23;26;860000;L;;Brasil;70;100;;editado;13000
1285;C;br_C_floresta;br_C_floresta|isabelanunes;Verdão Cearense;Verdão Cearense;Isabela Nunes;CA;ATT;23;23;820000;R;;Brasil;70;100;;editado;13000
1286;C;br_C_floresta;br_C_floresta|renatalima;Verdão Cearense;Verdão Cearense;Renata Lima;CA;ATT;23;29;800000;L;;Brasil;70;100;;editado;13000
1287;C;br_C_floresta;br_C_floresta|patriciabezerra;Verdão Cearense;Verdão Cearense;Patrícia Bezerra;LAD;DEF;22;28;780000;R;;Brasil;70;100;;editado;12000
1288;C;br_C_floresta;br_C_floresta|simonemonteiro;Verdão Cearense;Verdão Cearense;Simone Monteiro;ZAG;DEF;22;32;640000;R;;Brasil;70;100;;editado;12000
1289;C;br_C_floresta;br_C_floresta|vanessarocha;Verdão Cearense;Verdão Cearense;Vanessa Rocha;MC;MID;22;27;820000;R;;Brasil;70;100;;editado;12000
1290;C;br_C_floresta;br_C_floresta|francielebatista;Verdão Cearense;Verdão Cearense;Franciele Batista;PE;ATT;22;22;750000;R;;Brasil;70;100;;editado;12000
1291;C;br_C_floresta;br_C_floresta|fabianapereira;Verdão Cearense;Verdão Cearense;Fabiana Pereira;VOL;MID;21;31;620000;L;;Brasil;70;100;;editado;11000
1292;C;br_C_floresta;br_C_floresta|nataliaalmeida;Verdão Cearense;Verdão Cearense;Natália Almeida;MEI;MID;20;22;640000;R;;Brasil;70;100;;editado;10000
1293;C;br_C_floresta;br_C_floresta|giovanagomes;Verdão Cearense;Verdão Cearense;Giovana Gomes;ZAG;DEF;19;21;580000;R;;Brasil;70;100;;editado;9200
1294;C;br_C_floresta;br_C_floresta|jaque;Verdão Cearense;Verdão Cearense;Jaque;MC;MID;19;21;580000;L;;Brasil;70;100;;editado;9200
1295;C;br_C_floresta;br_C_floresta|tatianatavares;Verdão Cearense;Verdão Cearense;Tatiana Tavares;ZAG;DEF;18;20;520000;R;;Brasil;70;100;;editado;8400
1296;C;br_C_floresta;br_C_floresta|marciafreitas;Verdão Cearense;Verdão Cearense;Márcia Freitas;ZAG;DEF;18;29;550000;R;;Brasil;70;100;;editado;8400
1297;C;br_C_floresta;br_C_floresta|biancabarbosa;Verdão Cearense;Verdão Cearense;Bianca Barbosa;ZAG;DEF;18;20;520000;L;;Brasil;70;100;;editado;8400
1298;C;br_C_floresta;br_C_floresta|denisexavier;Verdão Cearense;Verdão Cearense;Denise Xavier;PD;ATT;18;33;440000;L;;Brasil;70;100;;editado;8400
1299;C;br_C_floresta;br_C_floresta|talitagomes;Verdão Cearense;Verdão Cearense;Talita Gomes;GOL;GK;17;32;430000;R;;Brasil;70;100;;editado;7600
1300;C;br_C_floresta;br_C_floresta|marciacorreia;Verdão Cearense;Verdão Cearense;Márcia Correia;VOL;MID;17;27;550000;R;;Brasil;70;100;;editado;7600
1301;C;br_C_floresta;br_C_floresta|vitoriarodrigues;Verdão Cearense;Verdão Cearense;Vitória Rodrigues;MC;MID;17;22;500000;L;;Brasil;70;100;;editado;7600
1302;C;br_C_guarani;br_C_guarani|luanacosta;Alviverde Campineiro;Alviverde Campineiro;Luana Costa;VOL;MID;23;23;820000;R;;Brasil;70;100;;editado;13000
1303;C;br_C_guarani;br_C_guarani|micheleferreira;Alviverde Campineiro;Alviverde Campineiro;Michele Ferreira;MEI;MID;23;28;840000;R;;Brasil;70;100;;editado;13000
1304;C;br_C_guarani;br_C_guarani|denisefarias;Alviverde Campineiro;Alviverde Campineiro;Denise Farias;PD;ATT;23;25;850000;R;;Brasil;70;100;;editado;13000
1305;C;br_C_guarani;br_C_guarani|brunalima;Alviverde Campineiro;Alviverde Campineiro;Bruna Lima;ZAG;DEF;22;24;780000;R;;Brasil;70;100;;editado;12000
1306;C;br_C_guarani;br_C_guarani|vitoriaalmeida;Alviverde Campineiro;Alviverde Campineiro;Vitória Almeida;CA;ATT;22;27;820000;R;;Brasil;70;100;;editado;12000
1307;C;br_C_guarani;br_C_guarani|aranhinha;Alviverde Campineiro;Alviverde Campineiro;Aranhinha;CA;ATT;21;31;620000;L;;Brasil;70;100;;editado;11000
1308;C;br_C_guarani;br_C_guarani|thaisnascimento;Alviverde Campineiro;Alviverde Campineiro;Thaís Nascimento;GOL;GK;20;21;620000;R;;Brasil;70;100;;editado;10000
1309;C;br_C_guarani;br_C_guarani|danielasantos;Alviverde Campineiro;Alviverde Campineiro;Daniela Santos;MEI;MID;20;29;640000;R;;Brasil;70;100;;editado;10000
1310;C;br_C_guarani;br_C_guarani|jessicasilva;Alviverde Campineiro;Alviverde Campineiro;Jéssica Silva;PE;ATT;20;30;610000;R;;Brasil;70;100;;editado;10000
1311;C;br_C_guarani;br_C_guarani|nathaliasouza;Alviverde Campineiro;Alviverde Campineiro;Nathalia Souza;PE;ATT;20;33;510000;R;;Brasil;70;100;;editado;10000
1312;C;br_C_guarani;br_C_guarani|larissanunes;Alviverde Campineiro;Alviverde Campineiro;Larissa Nunes;ZAG;DEF;19;33;470000;R;;Brasil;70;100;;editado;9200
1313;C;br_C_guarani;br_C_guarani|vivianesilva;Alviverde Campineiro;Alviverde Campineiro;Viviane Silva;ZAG;DEF;18;27;600000;R;;Brasil;70;100;;editado;8400
1314;C;br_C_guarani;br_C_guarani|flaviamartins;Alviverde Campineiro;Alviverde Campineiro;Flávia Martins;VOL;MID;18;21;530000;R;;Brasil;70;100;;editado;8400
1315;C;br_C_guarani;br_C_guarani|luanavieira;Alviverde Campineiro;Alviverde Campineiro;Luana Vieira;SA;ATT;18;23;560000;R;;Brasil;70;100;;editado;8400
1316;C;br_C_guarani;br_C_guarani|alinepeixoto;Alviverde Campineiro;Alviverde Campineiro;Aline Peixoto;GOL;GK;17;25;530000;R;;Brasil;70;100;;editado;7600
1317;C;br_C_guarani;br_C_guarani|deboracarvalho;Alviverde Campineiro;Alviverde Campineiro;Débora Carvalho;LAD;DEF;17;31;450000;R;;Brasil;70;100;;editado;7600
1318;C;br_C_guarani;br_C_guarani|gislainecavalcanti;Alviverde Campineiro;Alviverde Campineiro;Gislaine Cavalcanti;LAE;DEF;17;28;530000;R;;Brasil;70;100;;editado;7600
1319;C;br_C_guarani;br_C_guarani|nataliacosta;Alviverde Campineiro;Alviverde Campineiro;Natália Costa;MC;MID;17;26;540000;R;;Brasil;70;100;;editado;7600
1320;C;br_C_guarani;br_C_guarani|amandabarbosa;Alviverde Campineiro;Alviverde Campineiro;Amanda Barbosa;MC;MID;17;19;470000;R;;Brasil;70;100;;editado;7600
1321;C;br_C_guarani;br_C_guarani|larissaribeiro;Alviverde Campineiro;Alviverde Campineiro;Larissa Ribeiro;ZAG;DEF;16;21;450000;R;;Brasil;70;100;;editado;6800
1322;C;br_C_interdelimeira;br_C_interdelimeira|patricianunes;Leão de Limeira;Leão de Limeira;Patrícia Nunes;CA;ATT;24;26;920000;R;;Brasil;70;100;;editado;14000
1323;C;br_C_interdelimeira;br_C_interdelimeira|robertaribeiro;Leão de Limeira;Leão de Limeira;Roberta Ribeiro;LAD;DEF;23;26;860000;R;;Brasil;70;100;;editado;13000
1324;C;br_C_interdelimeira;br_C_interdelimeira|lorenafarias;Leão de Limeira;Leão de Limeira;Lorena Farias;MC;MID;23;27;880000;R;;Brasil;70;100;;editado;13000
1325;C;br_C_interdelimeira;br_C_interdelimeira|sereia;Leão de Limeira;Leão de Limeira;Sereia;MEI;MID;23;25;850000;R;;Brasil;70;100;;editado;13000
1326;C;br_C_interdelimeira;br_C_interdelimeira|raquelcardoso;Leão de Limeira;Leão de Limeira;Raquel Cardoso;VOL;MID;22;22;750000;L;;Brasil;70;100;;editado;12000
1327;C;br_C_interdelimeira;br_C_interdelimeira|vivianeteixeira;Leão de Limeira;Leão de Limeira;Viviane Teixeira;ZAG;DEF;21;32;590000;R;;Brasil;70;100;;editado;11000
1328;C;br_C_interdelimeira;br_C_interdelimeira|robertaferreira;Leão de Limeira;Leão de Limeira;Roberta Ferreira;PD;ATT;21;28;730000;R;;Brasil;70;100;;editado;11000
1329;C;br_C_interdelimeira;br_C_interdelimeira|danielarodrigues;Leão de Limeira;Leão de Limeira;Daniela Rodrigues;GOL;GK;20;33;510000;R;;Brasil;70;100;;editado;10000
1330;C;br_C_interdelimeira;br_C_interdelimeira|brunamelo;Leão de Limeira;Leão de Limeira;Bruna Melo;GOL;GK;20;28;670000;R;;Brasil;70;100;;editado;10000
1331;C;br_C_interdelimeira;br_C_interdelimeira|anaribeiro;Leão de Limeira;Leão de Limeira;Ana Ribeiro;CA;ATT;20;30;610000;R;;Brasil;70;100;;editado;10000
1332;C;br_C_interdelimeira;br_C_interdelimeira|kellylima;Leão de Limeira;Leão de Limeira;Kelly Lima;MEI;MID;19;21;580000;R;;Brasil;70;100;;editado;9200
1333;C;br_C_interdelimeira;br_C_interdelimeira|eduardatavares;Leão de Limeira;Leão de Limeira;Eduarda Tavares;ZAG;DEF;18;24;570000;L;;Brasil;70;100;;editado;8400
1334;C;br_C_interdelimeira;br_C_interdelimeira|priscilasouza;Leão de Limeira;Leão de Limeira;Priscila Souza;LAE;DEF;18;29;550000;R;;Brasil;70;100;;editado;8400
1335;C;br_C_interdelimeira;br_C_interdelimeira|fabianabarbosa;Leão de Limeira;Leão de Limeira;Fabiana Barbosa;VOL;MID;18;24;570000;R;;Brasil;70;100;;editado;8400
1336;C;br_C_interdelimeira;br_C_interdelimeira|estrela;Leão de Limeira;Leão de Limeira;Estrela;MC;MID;18;31;490000;R;;Brasil;70;100;;editado;8400
1337;C;br_C_interdelimeira;br_C_interdelimeira|carlamonteiro;Leão de Limeira;Leão de Limeira;Carla Monteiro;VOL;MID;18;30;520000;R;;Brasil;70;100;;editado;8400
1338;C;br_C_interdelimeira;br_C_interdelimeira|vivianeferreira;Leão de Limeira;Leão de Limeira;Viviane Ferreira;CA;ATT;18;20;520000;R;;Brasil;70;100;;editado;8400
1339;C;br_C_interdelimeira;br_C_interdelimeira|flecha;Leão de Limeira;Leão de Limeira;Setinha;ZAG;DEF;17;30;480000;R;;Brasil;70;100;;editado;7600
1340;C;br_C_interdelimeira;br_C_interdelimeira|raquelrocha;Leão de Limeira;Leão de Limeira;Raquel Rocha;PE;ATT;17;31;450000;R;;Brasil;70;100;;editado;7600
1341;C;br_C_interdelimeira;br_C_interdelimeira|raquelteixeira;Leão de Limeira;Leão de Limeira;Raquel Teixeira;ZAG;DEF;17;20;480000;R;;Brasil;70;100;;editado;7600
1342;C;br_C_itabaiana;br_C_itabaiana|espetinho;Tricolor Serrano;Tricolor Serrano;Espetinho;LAD;DEF;23;31;720000;R;;Brasil;70;100;;editado;13000
1343;C;br_C_itabaiana;br_C_itabaiana|julianamelo;Tricolor Serrano;Tricolor Serrano;Juliana Melo;LAD;DEF;22;20;720000;R;;Brasil;70;100;;editado;12000
1344;C;br_C_itabaiana;br_C_itabaiana|paulaalmeida;Tricolor Serrano;Tricolor Serrano;Paula Almeida;VOL;MID;21;25;730000;L;;Brasil;70;100;;editado;11000
1345;C;br_C_itabaiana;br_C_itabaiana|luanamelo;Tricolor Serrano;Tricolor Serrano;Luana Melo;GOL;GK;20;30;610000;R;;Brasil;70;100;;editado;10000
1346;C;br_C_itabaiana;br_C_itabaiana|raqueldias;Tricolor Serrano;Tricolor Serrano;Raquel Dias;MC;MID;20;26;690000;R;;Brasil;70;100;;editado;10000
1347;C;br_C_itabaiana;br_C_itabaiana|yasminfreitas;Tricolor Serrano;Tricolor Serrano;Yasmin Freitas;CA;ATT;20;25;670000;R;;Brasil;70;100;;editado;10000
1348;C;br_C_itabaiana;br_C_itabaiana|anaguimaraes;Tricolor Serrano;Tricolor Serrano;Ana Guimarães;PD;ATT;20;31;570000;R;;Brasil;70;100;;editado;10000
1349;C;br_C_itabaiana;br_C_itabaiana|renatarocha;Tricolor Serrano;Tricolor Serrano;Renata Rocha;MEI;MID;19;24;610000;R;;Brasil;70;100;;editado;9200
1350;C;br_C_itabaiana;br_C_itabaiana|nataliamonteiro;Tricolor Serrano;Tricolor Serrano;Natália Monteiro;CA;ATT;19;31;530000;R;;Brasil;70;100;;editado;9200
1351;C;br_C_itabaiana;br_C_itabaiana|robertaxavier;Tricolor Serrano;Tricolor Serrano;Roberta Xavier;GOL;GK;18;26;590000;R;;Brasil;70;100;;editado;8400
1352;C;br_C_itabaiana;br_C_itabaiana|biancaxavier;Tricolor Serrano;Tricolor Serrano;Bianca Xavier;ZAG;DEF;18;32;460000;R;;Brasil;70;100;;editado;8400
1353;C;br_C_itabaiana;br_C_itabaiana|brunamonteiro;Tricolor Serrano;Tricolor Serrano;Bruna Monteiro;MEI;MID;18;23;560000;R;;Brasil;70;100;;editado;8400
1354;C;br_C_itabaiana;br_C_itabaiana|jaquelinerodrigues;Tricolor Serrano;Tricolor Serrano;Jaqueline Rodrigues;ZAG;DEF;17;26;540000;R;;Brasil;70;100;;editado;7600
1355;C;br_C_itabaiana;br_C_itabaiana|simonenunes;Tricolor Serrano;Tricolor Serrano;Simone Nunes;LAE;DEF;17;32;430000;L;;Brasil;70;100;;editado;7600
1356;C;br_C_itabaiana;br_C_itabaiana|talitapereira;Tricolor Serrano;Tricolor Serrano;Talita Pereira;ZAG;DEF;17;24;520000;L;;Brasil;70;100;;editado;7600
1357;C;br_C_itabaiana;br_C_itabaiana|isabelasilva;Tricolor Serrano;Tricolor Serrano;Isabela Silva;VOL;MID;17;20;480000;R;;Brasil;70;100;;editado;7600
1358;C;br_C_itabaiana;br_C_itabaiana|karinacosta;Tricolor Serrano;Tricolor Serrano;Karina Costa;PE;ATT;17;28;530000;R;;Brasil;70;100;;editado;7600
1359;C;br_C_itabaiana;br_C_itabaiana|cristinaaraujo;Tricolor Serrano;Tricolor Serrano;Cristina Araújo;MC;MID;16;24;470000;R;;Brasil;70;100;;editado;6800
1360;C;br_C_itabaiana;br_C_itabaiana|yasminpereira;Tricolor Serrano;Tricolor Serrano;Yasmin Pereira;CA;ATT;16;22;450000;R;;Brasil;70;100;;editado;6800
1361;C;br_C_itabaiana;br_C_itabaiana|amandabatista;Tricolor Serrano;Tricolor Serrano;Amanda Batista;ZAG;DEF;16;21;450000;R;;Brasil;70;100;;editado;6800
1362;C;br_C_ituano;br_C_ituano|tatianaribeiro;Rubro-Negro de Itu;Rubro-Negro de Itu;Tatiana Ribeiro;LAD;DEF;24;26;920000;L;;Brasil;70;100;;editado;14000
1363;C;br_C_ituano;br_C_ituano|adrianacarvalho;Rubro-Negro de Itu;Rubro-Negro de Itu;Adriana Carvalho;PE;ATT;24;29;860000;L;;Brasil;70;100;;editado;14000
1364;C;br_C_ituano;br_C_ituano|paulavieira;Rubro-Negro de Itu;Rubro-Negro de Itu;Paula Vieira;MC;MID;23;22;800000;R;;Brasil;70;100;;editado;13000
1365;C;br_C_ituano;br_C_ituano|ingriddias;Rubro-Negro de Itu;Rubro-Negro de Itu;Ingrid Dias;MEI;MID;23;21;780000;R;;Brasil;70;100;;editado;13000
1366;C;br_C_ituano;br_C_ituano|flaviafreitas;Rubro-Negro de Itu;Rubro-Negro de Itu;Flávia Freitas;CA;ATT;23;29;800000;R;;Brasil;70;100;;editado;13000
1367;C;br_C_ituano;br_C_ituano|robertacarvalho;Rubro-Negro de Itu;Rubro-Negro de Itu;Roberta Carvalho;SA;ATT;23;24;830000;R;;Brasil;70;100;;editado;13000
1368;C;br_C_ituano;br_C_ituano|alinebarbosa;Rubro-Negro de Itu;Rubro-Negro de Itu;Aline Barbosa;GOL;GK;21;24;720000;L;;Brasil;70;100;;editado;11000
1369;C;br_C_ituano;br_C_ituano|magrinha;Rubro-Negro de Itu;Rubro-Negro de Itu;Magrinha;GOL;GK;20;28;670000;R;;Brasil;70;100;;editado;10000
1370;C;br_C_ituano;br_C_ituano|valentinanunes;Rubro-Negro de Itu;Rubro-Negro de Itu;Valentina Nunes;ZAG;DEF;20;33;510000;L;;Brasil;70;100;;editado;10000
1371;C;br_C_ituano;br_C_ituano|luanabarbosa;Rubro-Negro de Itu;Rubro-Negro de Itu;Luana Barbosa;ZAG;DEF;20;31;570000;L;;Brasil;70;100;;editado;10000
1372;C;br_C_ituano;br_C_ituano|vivianemartins;Rubro-Negro de Itu;Rubro-Negro de Itu;Viviane Martins;MC;MID;20;33;510000;R;;Brasil;70;100;;editado;10000
1373;C;br_C_ituano;br_C_ituano|danielabezerra;Rubro-Negro de Itu;Rubro-Negro de Itu;Daniela Bezerra;ZAG;DEF;18;25;580000;R;;Brasil;70;100;;editado;8400
1374;C;br_C_ituano;br_C_ituano|helenaalmeida;Rubro-Negro de Itu;Rubro-Negro de Itu;Helena Almeida;VOL;MID;18;32;460000;R;;Brasil;70;100;;editado;8400
1375;C;br_C_ituano;br_C_ituano|carlatavares;Rubro-Negro de Itu;Rubro-Negro de Itu;Carla Tavares;MEI;MID;18;23;560000;R;;Brasil;70;100;;editado;8400
1376;C;br_C_ituano;br_C_ituano|deboralima;Rubro-Negro de Itu;Rubro-Negro de Itu;Débora Lima;CA;ATT;18;24;570000;R;;Brasil;70;100;;editado;8400
1377;C;br_C_ituano;br_C_ituano|fernandabatista;Rubro-Negro de Itu;Rubro-Negro de Itu;Fernanda Batista;LAE;DEF;17;27;550000;R;;Brasil;70;100;;editado;7600
1378;C;br_C_ituano;br_C_ituano|biancamartins;Rubro-Negro de Itu;Rubro-Negro de Itu;Bianca Martins;VOL;MID;17;23;510000;R;;Brasil;70;100;;editado;7600
1379;C;br_C_ituano;br_C_ituano|brunatavares;Rubro-Negro de Itu;Rubro-Negro de Itu;Bruna Tavares;PD;ATT;17;29;500000;R;;Brasil;70;100;;editado;7600
1380;C;br_C_ituano;br_C_ituano|patriciaoliveira;Rubro-Negro de Itu;Rubro-Negro de Itu;Patrícia Oliveira;ZAG;DEF;17;20;480000;R;;Brasil;70;100;;editado;7600
1381;C;br_C_ituano;br_C_ituano|parede;Rubro-Negro de Itu;Rubro-Negro de Itu;Trave;ZAG;DEF;17;22;500000;R;;Brasil;70;100;;editado;7600
1382;C;br_C_maranhao;br_C_maranhao|rafaelabezerra;Bode Maranhense;Bode Maranhense;Rafaela Bezerra;LAD;DEF;24;28;900000;R;;Brasil;70;100;;editado;14000
1383;C;br_C_maranhao;br_C_maranhao|luanasilva;Bode Maranhense;Bode Maranhense;Luana Silva;GOL;GK;23;20;770000;R;;Brasil;70;100;;editado;13000
1384;C;br_C_maranhao;br_C_maranhao|deboranascimento;Bode Maranhense;Bode Maranhense;Débora Nascimento;VOL;MID;23;25;850000;L;;Brasil;70;100;;editado;13000
1385;C;br_C_maranhao;br_C_maranhao|thaisoliveira;Bode Maranhense;Bode Maranhense;Thaís Oliveira;PD;ATT;23;23;820000;R;;Brasil;70;100;;editado;13000
1386;C;br_C_maranhao;br_C_maranhao|danielapinto;Bode Maranhense;Bode Maranhense;Daniela Pinto;ZAG;DEF;21;33;550000;R;;Brasil;70;100;;editado;11000
1387;C;br_C_maranhao;br_C_maranhao|nathaliaribeiro;Bode Maranhense;Bode Maranhense;Nathalia Ribeiro;VOL;MID;21;22;690000;L;;Brasil;70;100;;editado;11000
1388;C;br_C_maranhao;br_C_maranhao|leticiabatista;Bode Maranhense;Bode Maranhense;Letícia Batista;CA;ATT;21;28;730000;R;;Brasil;70;100;;editado;11000
1389;C;br_C_maranhao;br_C_maranhao|helenagomes;Bode Maranhense;Bode Maranhense;Helena Gomes;LAE;DEF;20;23;650000;R;;Brasil;70;100;;editado;10000
1390;C;br_C_maranhao;br_C_maranhao|jessicaoliveira;Bode Maranhense;Bode Maranhense;Jéssica Oliveira;MEI;MID;20;26;690000;L;;Brasil;70;100;;editado;10000
1391;C;br_C_maranhao;br_C_maranhao|coelhinha;Bode Maranhense;Bode Maranhense;Coelhinha;MEI;MID;19;24;610000;R;;Brasil;70;100;;editado;9200
1392;C;br_C_maranhao;br_C_maranhao|furia;Bode Maranhense;Bode Maranhense;Fúria;SA;ATT;19;23;600000;L;;Brasil;70;100;;editado;9200
1393;C;br_C_maranhao;br_C_maranhao|valentinaribeiro;Bode Maranhense;Bode Maranhense;Valentina Ribeiro;ZAG;DEF;18;22;550000;R;;Brasil;70;100;;editado;8400
1394;C;br_C_maranhao;br_C_maranhao|rocha;Bode Maranhense;Bode Maranhense;Pedra;ZAG;DEF;18;29;550000;R;;Brasil;70;100;;editado;8400
1395;C;br_C_maranhao;br_C_maranhao|yasminvieira;Bode Maranhense;Bode Maranhense;Yasmin Vieira;MC;MID;18;32;460000;R;;Brasil;70;100;;editado;8400
1396;C;br_C_maranhao;br_C_maranhao|vanessasilva;Bode Maranhense;Bode Maranhense;Vanessa Silva;MC;MID;18;31;490000;R;;Brasil;70;100;;editado;8400
1397;C;br_C_maranhao;br_C_maranhao|mariaalmeida;Bode Maranhense;Bode Maranhense;Maria Almeida;PE;ATT;18;31;490000;R;;Brasil;70;100;;editado;8400
1398;C;br_C_maranhao;br_C_maranhao|biancabatista;Bode Maranhense;Bode Maranhense;Bianca Batista;CA;ATT;18;26;590000;R;;Brasil;70;100;;editado;8400
1399;C;br_C_maranhao;br_C_maranhao|alineteixeira;Bode Maranhense;Bode Maranhense;Aline Teixeira;ZAG;DEF;18;22;550000;R;;Brasil;70;100;;editado;8400
1400;C;br_C_maranhao;br_C_maranhao|giovanatavares;Bode Maranhense;Bode Maranhense;Giovana Tavares;GOL;GK;17;21;490000;R;;Brasil;70;100;;editado;7600
1401;C;br_C_maranhao;br_C_maranhao|priscilapereira;Bode Maranhense;Bode Maranhense;Priscila Pereira;ZAG;DEF;17;23;510000;R;;Brasil;70;100;;editado;7600
1402;C;br_C_maringa;br_C_maringa|luanamachado;Vira-lata Tricolor;Vira-lata Tricolor;Luana Machado;ZAG;DEF;24;22;850000;R;;Brasil;70;100;;editado;14000
1403;C;br_C_maringa;br_C_maringa|camilabezerra;Vira-lata Tricolor;Vira-lata Tricolor;Camila Bezerra;VOL;MID;24;21;840000;R;;Brasil;70;100;;editado;14000
1404;C;br_C_maringa;br_C_maringa|gislainesiqueira;Vira-lata Tricolor;Vira-lata Tricolor;Gislaine Siqueira;LAD;DEF;23;22;800000;R;;Brasil;70;100;;editado;13000
1405;C;br_C_maringa;br_C_maringa|marciabezerra;Vira-lata Tricolor;Vira-lata Tricolor;Márcia Bezerra;LAE;DEF;23;24;830000;R;;Brasil;70;100;;editado;13000
1406;C;br_C_maringa;br_C_maringa|adrianaguimaraes;Vira-lata Tricolor;Vira-lata Tricolor;Adriana Guimarães;ZAG;DEF;23;25;850000;L;;Brasil;70;100;;editado;13000
1407;C;br_C_maringa;br_C_maringa|valentinasantos;Vira-lata Tricolor;Vira-lata Tricolor;Valentina Santos;MC;MID;23;22;800000;R;;Brasil;70;100;;editado;13000
1408;C;br_C_maringa;br_C_maringa|cristinacavalcanti;Vira-lata Tricolor;Vira-lata Tricolor;Cristina Cavalcanti;MEI;MID;23;29;800000;L;;Brasil;70;100;;editado;13000
1409;C;br_C_maringa;br_C_maringa|talitaoliveira;Vira-lata Tricolor;Vira-lata Tricolor;Talita Oliveira;PD;ATT;23;29;800000;R;;Brasil;70;100;;editado;13000
1410;C;br_C_maringa;br_C_maringa|tatianacarvalho;Vira-lata Tricolor;Vira-lata Tricolor;Tatiana Carvalho;PE;ATT;22;32;640000;R;;Brasil;70;100;;editado;12000
1411;C;br_C_maringa;br_C_maringa|robertamonteiro;Vira-lata Tricolor;Vira-lata Tricolor;Roberta Monteiro;VOL;MID;21;23;700000;R;;Brasil;70;100;;editado;11000
1412;C;br_C_maringa;br_C_maringa|foguetona;Vira-lata Tricolor;Vira-lata Tricolor;Foguetona;GOL;GK;20;30;610000;R;;Brasil;70;100;;editado;10000
1413;C;br_C_maringa;br_C_maringa|julianacavalcanti;Vira-lata Tricolor;Vira-lata Tricolor;Juliana Cavalcanti;GOL;GK;20;33;510000;R;;Brasil;70;100;;editado;10000
1414;C;br_C_maringa;br_C_maringa|giovanabatista;Vira-lata Tricolor;Vira-lata Tricolor;Giovana Batista;MEI;MID;20;24;660000;L;;Brasil;70;100;;editado;10000
1415;C;br_C_maringa;br_C_maringa|gislainerocha;Vira-lata Tricolor;Vira-lata Tricolor;Gislaine Rocha;CA;ATT;20;30;610000;L;;Brasil;70;100;;editado;10000
1416;C;br_C_maringa;br_C_maringa|ciclone;Vira-lata Tricolor;Vira-lata Tricolor;Ciclone;MC;MID;19;20;570000;L;;Brasil;70;100;;editado;9200
1417;C;br_C_maringa;br_C_maringa|luanabatista;Vira-lata Tricolor;Vira-lata Tricolor;Luana Batista;CA;ATT;19;22;590000;L;;Brasil;70;100;;editado;9200
1418;C;br_C_maringa;br_C_maringa|danielarocha;Vira-lata Tricolor;Vira-lata Tricolor;Daniela Rocha;ZAG;DEF;18;22;550000;R;;Brasil;70;100;;editado;8400
1419;C;br_C_maringa;br_C_maringa|giovanamelo;Vira-lata Tricolor;Vira-lata Tricolor;Giovana Melo;ZAG;DEF;17;23;510000;R;;Brasil;70;100;;editado;7600
1420;C;br_C_maringa;br_C_maringa|yasminnascimento;Vira-lata Tricolor;Vira-lata Tricolor;Yasmin Nascimento;CA;ATT;17;19;470000;R;;Brasil;70;100;;editado;7600
1421;C;br_C_maringa;br_C_maringa|jessicasiqueira;Vira-lata Tricolor;Vira-lata Tricolor;Jéssica Siqueira;ZAG;DEF;17;22;500000;L;;Brasil;70;100;;editado;7600
1422;C;br_C_paysandu;br_C_paysandu|karinavieira;Bicolor da Amazônia;Bicolor da Amazônia;Karina Vieira;GOL;GK;24;33;690000;L;;Brasil;70;100;;editado;14000
1423;C;br_C_paysandu;br_C_paysandu|luizaandrade;Bicolor da Amazônia;Bicolor da Amazônia;Luíza Andrade;VOL;MID;24;31;770000;L;;Brasil;70;100;;editado;14000
1424;C;br_C_paysandu;br_C_paysandu|giovanaferreira;Bicolor da Amazônia;Bicolor da Amazônia;Giovana Ferreira;GOL;GK;23;25;850000;L;;Brasil;70;100;;editado;13000
1425;C;br_C_paysandu;br_C_paysandu|francielefarias;Bicolor da Amazônia;Bicolor da Amazônia;Franciele Farias;LAD;DEF;23;28;840000;R;;Brasil;70;100;;editado;13000
1426;C;br_C_paysandu;br_C_paysandu|sandraoliveira;Bicolor da Amazônia;Bicolor da Amazônia;Sandra Oliveira;CA;ATT;22;27;820000;L;;Brasil;70;100;;editado;12000
1427;C;br_C_paysandu;br_C_paysandu|valentinafarias;Bicolor da Amazônia;Bicolor da Amazônia;Valentina Farias;PE;ATT;22;21;730000;L;;Brasil;70;100;;editado;12000
1428;C;br_C_paysandu;br_C_paysandu|biancapinto;Bicolor da Amazônia;Bicolor da Amazônia;Bianca Pinto;LAD;DEF;21;32;590000;L;;Brasil;70;100;;editado;11000
1429;C;br_C_paysandu;br_C_paysandu|denisenunes;Bicolor da Amazônia;Bicolor da Amazônia;Denise Nunes;LAE;DEF;20;26;690000;R;;Brasil;70;100;;editado;10000
1430;C;br_C_paysandu;br_C_paysandu|francielemelo;Bicolor da Amazônia;Bicolor da Amazônia;Franciele Melo;VOL;MID;20;29;640000;R;;Brasil;70;100;;editado;10000
1431;C;br_C_paysandu;br_C_paysandu|francielebarbosa;Bicolor da Amazônia;Bicolor da Amazônia;Franciele Barbosa;MC;MID;20;32;540000;R;;Brasil;70;100;;editado;10000
1432;C;br_C_paysandu;br_C_paysandu|eduardapeixoto;Bicolor da Amazônia;Bicolor da Amazônia;Eduarda Peixoto;ZAG;DEF;18;30;520000;R;;Brasil;70;100;;editado;8400
1433;C;br_C_paysandu;br_C_paysandu|kellytavares;Bicolor da Amazônia;Bicolor da Amazônia;Kelly Tavares;ZAG;DEF;18;28;570000;R;;Brasil;70;100;;editado;8400
1434;C;br_C_paysandu;br_C_paysandu|brunapereira;Bicolor da Amazônia;Bicolor da Amazônia;Bruna Pereira;ZAG;DEF;18;29;550000;L;;Brasil;70;100;;editado;8400
1435;C;br_C_paysandu;br_C_paysandu|jaquelinepeixoto;Bicolor da Amazônia;Bicolor da Amazônia;Jaqueline Peixoto;MEI;MID;18;30;520000;R;;Brasil;70;100;;editado;8400
1436;C;br_C_paysandu;br_C_paysandu|marciafarias;Bicolor da Amazônia;Bicolor da Amazônia;Márcia Farias;PD;ATT;18;30;520000;R;;Brasil;70;100;;editado;8400
1437;C;br_C_paysandu;br_C_paysandu|patriciaribeiro;Bicolor da Amazônia;Bicolor da Amazônia;Patrícia Ribeiro;CA;ATT;18;23;560000;R;;Brasil;70;100;;editado;8400
1438;C;br_C_paysandu;br_C_paysandu|carolinateixeira;Bicolor da Amazônia;Bicolor da Amazônia;Carolina Teixeira;MC;MID;17;23;510000;R;;Brasil;70;100;;editado;7600
1439;C;br_C_paysandu;br_C_paysandu|karinafreitas;Bicolor da Amazônia;Bicolor da Amazônia;Karina Freitas;MEI;MID;17;27;550000;R;;Brasil;70;100;;editado;7600
1440;C;br_C_paysandu;br_C_paysandu|jaquelinexavier;Bicolor da Amazônia;Bicolor da Amazônia;Jaqueline Xavier;ZAG;DEF;17;22;500000;R;;Brasil;70;100;;editado;7600
1441;C;br_C_paysandu;br_C_paysandu|fernandasouza;Bicolor da Amazônia;Bicolor da Amazônia;Fernanda Souza;CA;ATT;16;21;450000;R;;Brasil;70;100;;editado;6800
1442;C;br_C_santacruz;br_C_santacruz|marciatavares;Tricolor do Arruda;Tricolor do Arruda;Márcia Tavares;GOL;GK;24;22;850000;R;;Brasil;70;100;;editado;14000
1443;C;br_C_santacruz;br_C_santacruz|talitamachado;Tricolor do Arruda;Tricolor do Arruda;Talita Machado;ZAG;DEF;23;21;780000;R;;Brasil;70;100;;editado;13000
1444;C;br_C_santacruz;br_C_santacruz|lorenacavalcanti;Tricolor do Arruda;Tricolor do Arruda;Lorena Cavalcanti;CA;ATT;23;25;850000;R;;Brasil;70;100;;editado;13000
1445;C;br_C_santacruz;br_C_santacruz|flaviaferreira;Tricolor do Arruda;Tricolor do Arruda;Flávia Ferreira;PE;ATT;23;27;880000;R;;Brasil;70;100;;editado;13000
1446;C;br_C_santacruz;br_C_santacruz|gabrielaxavier;Tricolor do Arruda;Tricolor do Arruda;Gabriela Xavier;GOL;GK;22;24;780000;R;;Brasil;70;100;;editado;12000
1447;C;br_C_santacruz;br_C_santacruz|brunaxavier;Tricolor do Arruda;Tricolor do Arruda;Bruna Xavier;ZAG;DEF;22;27;820000;R;;Brasil;70;100;;editado;12000
1448;C;br_C_santacruz;br_C_santacruz|camilapinto;Tricolor do Arruda;Tricolor do Arruda;Camila Pinto;MEI;MID;22;32;640000;R;;Brasil;70;100;;editado;12000
1449;C;br_C_santacruz;br_C_santacruz|vivianemoreira;Tricolor do Arruda;Tricolor do Arruda;Viviane Moreira;CA;ATT;21;23;700000;L;;Brasil;70;100;;editado;11000
1450;C;br_C_santacruz;br_C_santacruz|biancapereira;Tricolor do Arruda;Tricolor do Arruda;Bianca Pereira;LAD;DEF;20;26;690000;L;;Brasil;70;100;;editado;10000
1451;C;br_C_santacruz;br_C_santacruz|deborasouza;Tricolor do Arruda;Tricolor do Arruda;Débora Souza;VOL;MID;20;32;540000;R;;Brasil;70;100;;editado;10000
1452;C;br_C_santacruz;br_C_santacruz|mariacorreia;Tricolor do Arruda;Tricolor do Arruda;Maria Correia;PD;ATT;20;29;640000;R;;Brasil;70;100;;editado;10000
1453;C;br_C_santacruz;br_C_santacruz|elaineguimaraes;Tricolor do Arruda;Tricolor do Arruda;Elaine Guimarães;LAD;DEF;19;20;570000;R;;Brasil;70;100;;editado;9200
1454;C;br_C_santacruz;br_C_santacruz|julianacardoso;Tricolor do Arruda;Tricolor do Arruda;Juliana Cardoso;MC;MID;19;33;470000;R;;Brasil;70;100;;editado;9200
1455;C;br_C_santacruz;br_C_santacruz|girafinha;Tricolor do Arruda;Tricolor do Arruda;Girafinha;LAE;DEF;18;26;590000;R;;Brasil;70;100;;editado;8400
1456;C;br_C_santacruz;br_C_santacruz|turbina;Tricolor do Arruda;Tricolor do Arruda;Turbina;VOL;MID;18;29;550000;R;;Brasil;70;100;;editado;8400
1457;C;br_C_santacruz;br_C_santacruz|turbo;Tricolor do Arruda;Tricolor do Arruda;Turbo;MC;MID;18;19;510000;R;;Brasil;70;100;;editado;8400
1458;C;br_C_santacruz;br_C_santacruz|paulagomes;Tricolor do Arruda;Tricolor do Arruda;Paula Gomes;ZAG;DEF;17;26;540000;R;;Brasil;70;100;;editado;7600
1459;C;br_C_santacruz;br_C_santacruz|gabrielaaraujo;Tricolor do Arruda;Tricolor do Arruda;Gabriela Araújo;ZAG;DEF;17;30;480000;R;;Brasil;70;100;;editado;7600
1460;C;br_C_santacruz;br_C_santacruz|helenacardoso;Tricolor do Arruda;Tricolor do Arruda;Helena Cardoso;SA;ATT;17;31;450000;R;;Brasil;70;100;;editado;7600
1461;C;br_C_santacruz;br_C_santacruz|tatianaoliveira;Tricolor do Arruda;Tricolor do Arruda;Tatiana Oliveira;MC;MID;17;19;470000;R;;Brasil;70;100;;editado;7600
1462;C;br_C_voltaredonda;br_C_voltaredonda|cobrinha;Tricolor do Aço;Tricolor do Aço;Cobrinha;GOL;GK;24;33;690000;R;;Brasil;70;100;;editado;14000
1463;C;br_C_voltaredonda;br_C_voltaredonda|marciaandrade;Tricolor do Aço;Tricolor do Aço;Márcia Andrade;MC;MID;24;25;910000;L;;Brasil;70;100;;editado;14000
1464;C;br_C_voltaredonda;br_C_voltaredonda|tatianasilva;Tricolor do Aço;Tricolor do Aço;Tatiana Silva;PD;ATT;24;25;910000;R;;Brasil;70;100;;editado;14000
1465;C;br_C_voltaredonda;br_C_voltaredonda|eduardaalmeida;Tricolor do Aço;Tricolor do Aço;Eduarda Almeida;LAD;DEF;23;30;760000;R;;Brasil;70;100;;editado;13000
1466;C;br_C_voltaredonda;br_C_voltaredonda|danieladias;Tricolor do Aço;Tricolor do Aço;Daniela Dias;LAD;DEF;23;20;770000;R;;Brasil;70;100;;editado;13000
1467;C;br_C_voltaredonda;br_C_voltaredonda|yasminferreira;Tricolor do Aço;Tricolor do Aço;Yasmin Ferreira;MC;MID;23;20;770000;R;;Brasil;70;100;;editado;13000
1468;C;br_C_voltaredonda;br_C_voltaredonda|pauladias;Tricolor do Aço;Tricolor do Aço;Paula Dias;VOL;MID;23;22;800000;R;;Brasil;70;100;;editado;13000
1469;C;br_C_voltaredonda;br_C_voltaredonda|amandamachado;Tricolor do Aço;Tricolor do Aço;Amanda Machado;MEI;MID;23;21;780000;R;;Brasil;70;100;;editado;13000
1470;C;br_C_voltaredonda;br_C_voltaredonda|leticianascimento;Tricolor do Aço;Tricolor do Aço;Letícia Nascimento;PE;ATT;23;24;830000;R;;Brasil;70;100;;editado;13000
1471;C;br_C_voltaredonda;br_C_voltaredonda|larissaalmeida;Tricolor do Aço;Tricolor do Aço;Larissa Almeida;ZAG;DEF;22;31;670000;R;;Brasil;70;100;;editado;12000
1472;C;br_C_voltaredonda;br_C_voltaredonda|rafaelarodrigues;Tricolor do Aço;Tricolor do Aço;Rafaela Rodrigues;GOL;GK;21;28;730000;R;;Brasil;70;100;;editado;11000
1473;C;br_C_voltaredonda;br_C_voltaredonda|brunaferreira;Tricolor do Aço;Tricolor do Aço;Bruna Ferreira;CA;ATT;21;25;730000;R;;Brasil;70;100;;editado;11000
1474;C;br_C_voltaredonda;br_C_voltaredonda|nataliacorreia;Tricolor do Aço;Tricolor do Aço;Natália Correia;LAE;DEF;20;27;700000;R;;Brasil;70;100;;editado;10000
1475;C;br_C_voltaredonda;br_C_voltaredonda|elastica;Tricolor do Aço;Tricolor do Aço;Elástica;ZAG;DEF;20;21;620000;R;;Brasil;70;100;;editado;10000
1476;C;br_C_voltaredonda;br_C_voltaredonda|carlarocha;Tricolor do Aço;Tricolor do Aço;Carla Rocha;VOL;MID;20;20;610000;R;;Brasil;70;100;;editado;10000
1477;C;br_C_voltaredonda;br_C_voltaredonda|luananunes;Tricolor do Aço;Tricolor do Aço;Luana Nunes;CA;ATT;20;19;600000;L;;Brasil;70;100;;editado;10000
1478;C;br_C_voltaredonda;br_C_voltaredonda|lorenapereira;Tricolor do Aço;Tricolor do Aço;Lorena Pereira;ZAG;DEF;19;25;630000;R;;Brasil;70;100;;editado;9200
1479;C;br_C_voltaredonda;br_C_voltaredonda|sabrinamoreira;Tricolor do Aço;Tricolor do Aço;Sabrina Moreira;CA;ATT;19;22;590000;R;;Brasil;70;100;;editado;9200
1480;C;br_C_voltaredonda;br_C_voltaredonda|rafaelagomes;Tricolor do Aço;Tricolor do Aço;Rafaela Gomes;ZAG;DEF;19;21;580000;R;;Brasil;70;100;;editado;9200
1481;C;br_C_voltaredonda;br_C_voltaredonda|simonefarias;Tricolor do Aço;Tricolor do Aço;Simone Farias;MEI;MID;17;23;510000;R;;Brasil;70;100;;editado;7600
1482;C;br_C_ypiranga;br_C_ypiranga|thaiscardoso;Erechim FC;Erechim FC;Thaís Cardoso;VOL;MID;24;30;810000;R;;Brasil;70;100;;editado;14000
1483;C;br_C_ypiranga;br_C_ypiranga|michelemachado;Erechim FC;Erechim FC;Michele Machado;ZAG;DEF;23;32;680000;R;;Brasil;70;100;;editado;13000
1484;C;br_C_ypiranga;br_C_ypiranga|vitoriacosta;Erechim FC;Erechim FC;Vitória Costa;MC;MID;23;20;770000;R;;Brasil;70;100;;editado;13000
1485;C;br_C_ypiranga;br_C_ypiranga|simonepeixoto;Erechim FC;Erechim FC;Simone Peixoto;VOL;MID;23;32;680000;R;;Brasil;70;100;;editado;13000
1486;C;br_C_ypiranga;br_C_ypiranga|luizanunes;Erechim FC;Erechim FC;Luíza Nunes;PE;ATT;23;31;720000;R;;Brasil;70;100;;editado;13000
1487;C;br_C_ypiranga;br_C_ypiranga|michelebarbosa;Erechim FC;Erechim FC;Michele Barbosa;CA;ATT;23;20;770000;R;;Brasil;70;100;;editado;13000
1488;C;br_C_ypiranga;br_C_ypiranga|valentinasouza;Erechim FC;Erechim FC;Valentina Souza;PE;ATT;23;29;800000;L;;Brasil;70;100;;editado;13000
1489;C;br_C_ypiranga;br_C_ypiranga|fabiananunes;Erechim FC;Erechim FC;Fabiana Nunes;GOL;GK;22;29;750000;R;;Brasil;70;100;;editado;12000
1490;C;br_C_ypiranga;br_C_ypiranga|renatasouza;Erechim FC;Erechim FC;Renata Souza;LAD;DEF;22;31;670000;R;;Brasil;70;100;;editado;12000
1491;C;br_C_ypiranga;br_C_ypiranga|nataliaguimaraes;Erechim FC;Erechim FC;Natália Guimarães;SA;ATT;22;20;720000;L;;Brasil;70;100;;editado;12000
1492;C;br_C_ypiranga;br_C_ypiranga|loba;Erechim FC;Erechim FC;Loba;ZAG;DEF;21;20;660000;R;;Brasil;70;100;;editado;11000
1493;C;br_C_ypiranga;br_C_ypiranga|borboleta;Erechim FC;Erechim FC;Borboleta;MEI;MID;21;31;620000;R;;Brasil;70;100;;editado;11000
1494;C;br_C_ypiranga;br_C_ypiranga|cristinanascimento;Erechim FC;Erechim FC;Cristina Nascimento;MC;MID;21;29;690000;R;;Brasil;70;100;;editado;11000
1495;C;br_C_ypiranga;br_C_ypiranga|carlabarbosa;Erechim FC;Erechim FC;Carla Barbosa;LAE;DEF;20;27;700000;R;;Brasil;70;100;;editado;10000
1496;C;br_C_ypiranga;br_C_ypiranga|carlaguimaraes;Erechim FC;Erechim FC;Carla Guimarães;ZAG;DEF;20;19;600000;R;;Brasil;70;100;;editado;10000
1497;C;br_C_ypiranga;br_C_ypiranga|talitalima;Erechim FC;Erechim FC;Talita Lima;GOL;GK;18;21;530000;R;;Brasil;70;100;;editado;8400
1498;C;br_C_ypiranga;br_C_ypiranga|foguetinho;Erechim FC;Erechim FC;Foguetinha;MEI;MID;18;28;570000;L;;Brasil;70;100;;editado;8400
1499;C;br_C_ypiranga;br_C_ypiranga|marianaaraujo;Erechim FC;Erechim FC;Mariana Araújo;CA;ATT;18;33;440000;R;;Brasil;70;100;;editado;8400
1500;C;br_C_ypiranga;br_C_ypiranga|valentinabarbosa;Erechim FC;Erechim FC;Valentina Barbosa;ZAG;DEF;18;22;550000;R;;Brasil;70;100;;editado;8400
1501;C;br_C_ypiranga;br_C_ypiranga|isabelagomes;Erechim FC;Erechim FC;Isabela Gomes;PD;ATT;17;21;490000;R;;Brasil;70;100;;editado;7600
1502;D;br_D_abc;br_D_abc|brunaandrade;Elefante Potiguar;Elefante Potiguar;Bruna Andrade;GOL;GK;11;30;220000;R;;Brasil;70;100;;editado;3600
1503;D;br_D_abc;br_D_abc|patriciapeixoto;Elefante Potiguar;Elefante Potiguar;Patrícia Peixoto;GOL;GK;11;33;180000;L;;Brasil;70;100;;editado;3600
1504;D;br_D_abc;br_D_abc|luizaxavier;Elefante Potiguar;Elefante Potiguar;Luíza Xavier;ZAG;DEF;11;29;230000;R;;Brasil;70;100;;editado;3600
1505;D;br_D_abc;br_D_abc|sandramelo;Elefante Potiguar;Elefante Potiguar;Sandra Melo;ZAG;DEF;11;31;210000;L;;Brasil;70;100;;editado;3600
1506;D;br_D_abc;br_D_abc|gabrielabarbosa;Elefante Potiguar;Elefante Potiguar;Gabriela Barbosa;ZAG;DEF;11;23;230000;R;;Brasil;70;100;;editado;3600
1507;D;br_D_abc;br_D_abc|ourinha;Elefante Potiguar;Elefante Potiguar;Ourinha;CA;ATT;11;27;250000;R;;Brasil;70;100;;editado;3600
1508;D;br_D_abc;br_D_abc|patriciadias;Elefante Potiguar;Elefante Potiguar;Patrícia Dias;VOL;MID;10;22;180000;R;;Brasil;70;100;;editado;3000
1509;D;br_D_abc;br_D_abc|karinapinto;Elefante Potiguar;Elefante Potiguar;Karina Pinto;MC;MID;10;33;150000;L;;Brasil;70;100;;editado;3000
1510;D;br_D_abc;br_D_abc|simonetavares;Elefante Potiguar;Elefante Potiguar;Simone Tavares;CA;ATT;10;24;190000;R;;Brasil;70;100;;editado;3000
1511;D;br_D_abc;br_D_abc|marciagomes;Elefante Potiguar;Elefante Potiguar;Márcia Gomes;SA;ATT;10;31;160000;L;;Brasil;70;100;;editado;3000
1512;D;br_D_abc;br_D_abc|beatrizpereira;Elefante Potiguar;Elefante Potiguar;Beatriz Pereira;ZAG;DEF;9;23;160000;R;;Brasil;70;100;;editado;2600
1513;D;br_D_abc;br_D_abc|priscilalima;Elefante Potiguar;Elefante Potiguar;Priscila Lima;LAD;DEF;9;20;150000;R;;Brasil;70;100;;editado;2600
1514;D;br_D_abc;br_D_abc|jaquelinealmeida;Elefante Potiguar;Elefante Potiguar;Jaqueline Almeida;ZAG;DEF;9;31;140000;R;;Brasil;70;100;;editado;2600
1515;D;br_D_abc;br_D_abc|danielapereira;Elefante Potiguar;Elefante Potiguar;Daniela Pereira;MEI;MID;9;29;160000;L;;Brasil;70;100;;editado;2600
1516;D;br_D_abc;br_D_abc|talitanascimento;Elefante Potiguar;Elefante Potiguar;Talita Nascimento;VOL;MID;9;29;160000;R;;Brasil;70;100;;editado;2600
1517;D;br_D_abc;br_D_abc|karinarocha;Elefante Potiguar;Elefante Potiguar;Karina Rocha;MC;MID;7;32;100000;R;;Brasil;70;100;;editado;1800
1518;D;br_D_abc;br_D_abc|talitanunes;Elefante Potiguar;Elefante Potiguar;Talita Nunes;MEI;MID;7;31;100000;R;;Brasil;70;100;;editado;1800
1519;D;br_D_abc;br_D_abc|renatanascimento;Elefante Potiguar;Elefante Potiguar;Renata Nascimento;PD;ATT;7;25;120000;R;;Brasil;70;100;;editado;1800
1520;D;br_D_abc;br_D_abc|michelesilva;Elefante Potiguar;Elefante Potiguar;Michele Silva;PE;ATT;7;30;110000;R;;Brasil;70;100;;editado;1800
1521;D;br_D_abc;br_D_abc|vanessatavares;Elefante Potiguar;Elefante Potiguar;Vanessa Tavares;PE;ATT;7;26;130000;R;;Brasil;70;100;;editado;1800
1522;D;br_D_aguiademaraba;br_D_aguiademaraba|thaismonteiro;Águia de Carajás;Águia de Carajás;Thaís Monteiro;VOL;MID;12;26;290000;R;;Brasil;70;100;;editado;4200
1523;D;br_D_aguiademaraba;br_D_aguiademaraba|flaviasantos;Águia de Carajás;Águia de Carajás;Flávia Santos;VOL;MID;12;24;280000;L;;Brasil;70;100;;editado;4200
1524;D;br_D_aguiademaraba;br_D_aguiademaraba|beatrizrodrigues;Águia de Carajás;Águia de Carajás;Beatriz Rodrigues;PD;ATT;12;26;290000;R;;Brasil;70;100;;editado;4200
1525;D;br_D_aguiademaraba;br_D_aguiademaraba|marciaalmeida;Águia de Carajás;Águia de Carajás;Márcia Almeida;LAE;DEF;11;21;220000;L;;Brasil;70;100;;editado;3600
1526;D;br_D_aguiademaraba;br_D_aguiademaraba|renatapinto;Águia de Carajás;Águia de Carajás;Renata Pinto;LAD;DEF;11;25;240000;R;;Brasil;70;100;;editado;3600
1527;D;br_D_aguiademaraba;br_D_aguiademaraba|doida;Águia de Carajás;Águia de Carajás;Doida;VOL;MID;11;27;250000;R;;Brasil;70;100;;editado;3600
1528;D;br_D_aguiademaraba;br_D_aguiademaraba|sabrinasouza;Águia de Carajás;Águia de Carajás;Sabrina Souza;MC;MID;11;24;240000;R;;Brasil;70;100;;editado;3600
1529;D;br_D_aguiademaraba;br_D_aguiademaraba|ingridoliveira;Águia de Carajás;Águia de Carajás;Ingrid Oliveira;MC;MID;11;22;230000;R;;Brasil;70;100;;editado;3600
1530;D;br_D_aguiademaraba;br_D_aguiademaraba|isabelaaraujo;Águia de Carajás;Águia de Carajás;Isabela Araújo;MEI;MID;11;22;230000;R;;Brasil;70;100;;editado;3600
1531;D;br_D_aguiademaraba;br_D_aguiademaraba|paulapinto;Águia de Carajás;Águia de Carajás;Paula Pinto;CA;ATT;11;30;220000;R;;Brasil;70;100;;editado;3600
1532;D;br_D_aguiademaraba;br_D_aguiademaraba|marianacosta;Águia de Carajás;Águia de Carajás;Mariana Costa;SA;ATT;11;21;220000;R;;Brasil;70;100;;editado;3600
1533;D;br_D_aguiademaraba;br_D_aguiademaraba|anamachado;Águia de Carajás;Águia de Carajás;Ana Machado;PE;ATT;11;21;220000;R;;Brasil;70;100;;editado;3600
1534;D;br_D_aguiademaraba;br_D_aguiademaraba|renataribeiro;Águia de Carajás;Águia de Carajás;Renata Ribeiro;LAD;DEF;10;23;190000;R;;Brasil;70;100;;editado;3000
1535;D;br_D_aguiademaraba;br_D_aguiademaraba|isabelamartins;Águia de Carajás;Águia de Carajás;Isabela Martins;MEI;MID;10;23;190000;R;;Brasil;70;100;;editado;3000
1536;D;br_D_aguiademaraba;br_D_aguiademaraba|leticiafreitas;Águia de Carajás;Águia de Carajás;Letícia Freitas;GOL;GK;9;20;150000;R;;Brasil;70;100;;editado;2600
1537;D;br_D_aguiademaraba;br_D_aguiademaraba|yasminrodrigues;Águia de Carajás;Águia de Carajás;Yasmin Rodrigues;ZAG;DEF;9;21;160000;R;;Brasil;70;100;;editado;2600
1538;D;br_D_aguiademaraba;br_D_aguiademaraba|renatanunes;Águia de Carajás;Águia de Carajás;Renata Nunes;ZAG;DEF;9;26;170000;R;;Brasil;70;100;;editado;2600
1539;D;br_D_aguiademaraba;br_D_aguiademaraba|jessicamonteiro;Águia de Carajás;Águia de Carajás;Jéssica Monteiro;PE;ATT;9;26;170000;R;;Brasil;70;100;;editado;2600
1540;D;br_D_aguiademaraba;br_D_aguiademaraba|camilaxavier;Águia de Carajás;Águia de Carajás;Camila Xavier;GOL;GK;8;20;130000;R;;Brasil;70;100;;editado;2200
1541;D;br_D_aguiademaraba;br_D_aguiademaraba|larissacorreia;Águia de Carajás;Águia de Carajás;Larissa Correia;CA;ATT;7;22;120000;R;;Brasil;70;100;;editado;1800
1542;D;br_D_americarn;br_D_americarn|helenaoliveira;Alvirrubro Potiguar;Alvirrubro Potiguar;Helena Oliveira;GOL;GK;12;26;290000;R;;Brasil;70;100;;editado;4200
1543;D;br_D_americarn;br_D_americarn|alinecarvalho;Alvirrubro Potiguar;Alvirrubro Potiguar;Aline Carvalho;ZAG;DEF;12;20;260000;R;;Brasil;70;100;;editado;4200
1544;D;br_D_americarn;br_D_americarn|helenamartins;Alvirrubro Potiguar;Alvirrubro Potiguar;Helena Martins;MEI;MID;12;29;270000;R;;Brasil;70;100;;editado;4200
1545;D;br_D_americarn;br_D_americarn|larissamonteiro;Alvirrubro Potiguar;Alvirrubro Potiguar;Larissa Monteiro;LAE;DEF;11;30;220000;R;;Brasil;70;100;;editado;3600
1546;D;br_D_americarn;br_D_americarn|bolinha;Alvirrubro Potiguar;Alvirrubro Potiguar;Bolinha;ZAG;DEF;11;27;250000;R;;Brasil;70;100;;editado;3600
1547;D;br_D_americarn;br_D_americarn|gabrielafarias;Alvirrubro Potiguar;Alvirrubro Potiguar;Gabriela Farias;VOL;MID;11;32;190000;L;;Brasil;70;100;;editado;3600
1548;D;br_D_americarn;br_D_americarn|julianafreitas;Alvirrubro Potiguar;Alvirrubro Potiguar;Juliana Freitas;PD;ATT;11;29;230000;L;;Brasil;70;100;;editado;3600
1549;D;br_D_americarn;br_D_americarn|renatamoreira;Alvirrubro Potiguar;Alvirrubro Potiguar;Renata Moreira;PE;ATT;11;33;180000;R;;Brasil;70;100;;editado;3600
1550;D;br_D_americarn;br_D_americarn|fernandapinto;Alvirrubro Potiguar;Alvirrubro Potiguar;Fernanda Pinto;ZAG;DEF;10;23;190000;R;;Brasil;70;100;;editado;3000
1551;D;br_D_americarn;br_D_americarn|besourinha;Alvirrubro Potiguar;Alvirrubro Potiguar;Besourinha;ZAG;DEF;10;32;160000;L;;Brasil;70;100;;editado;3000
1552;D;br_D_americarn;br_D_americarn|cristinacosta;Alvirrubro Potiguar;Alvirrubro Potiguar;Cristina Costa;LAD;DEF;10;28;190000;R;;Brasil;70;100;;editado;3000
1553;D;br_D_americarn;br_D_americarn|fabianapinto;Alvirrubro Potiguar;Alvirrubro Potiguar;Fabiana Pinto;GOL;GK;9;29;160000;L;;Brasil;70;100;;editado;2600
1554;D;br_D_americarn;br_D_americarn|yasminmartins;Alvirrubro Potiguar;Alvirrubro Potiguar;Yasmin Martins;LAD;DEF;9;28;170000;R;;Brasil;70;100;;editado;2600
1555;D;br_D_americarn;br_D_americarn|valentinafreitas;Alvirrubro Potiguar;Alvirrubro Potiguar;Valentina Freitas;VOL;MID;9;20;150000;R;;Brasil;70;100;;editado;2600
1556;D;br_D_americarn;br_D_americarn|sabrinamachado;Alvirrubro Potiguar;Alvirrubro Potiguar;Sabrina Machado;CA;ATT;9;25;170000;R;;Brasil;70;100;;editado;2600
1557;D;br_D_americarn;br_D_americarn|francieledias;Alvirrubro Potiguar;Alvirrubro Potiguar;Franciele Dias;MC;MID;8;29;140000;R;;Brasil;70;100;;editado;2200
1558;D;br_D_americarn;br_D_americarn|luanacardoso;Alvirrubro Potiguar;Alvirrubro Potiguar;Luana Cardoso;MC;MID;7;23;120000;L;;Brasil;70;100;;editado;1800
1559;D;br_D_americarn;br_D_americarn|elainepereira;Alvirrubro Potiguar;Alvirrubro Potiguar;Elaine Pereira;MEI;MID;7;25;120000;R;;Brasil;70;100;;editado;1800
1560;D;br_D_americarn;br_D_americarn|jessicamachado;Alvirrubro Potiguar;Alvirrubro Potiguar;Jéssica Machado;MC;MID;7;29;120000;R;;Brasil;70;100;;editado;1800
1561;D;br_D_americarn;br_D_americarn|flaviaxavier;Alvirrubro Potiguar;Alvirrubro Potiguar;Flávia Xavier;CA;ATT;7;24;120000;R;;Brasil;70;100;;editado;1800
1562;D;br_D_asa;br_D_asa|leticiasilva;Fantasma FC;Fantasma FC;Letícia Silva;GOL;GK;12;33;220000;R;;Brasil;70;100;;editado;4200
1563;D;br_D_asa;br_D_asa|fabianateixeira;Fantasma FC;Fantasma FC;Fabiana Teixeira;MC;MID;12;20;260000;R;;Brasil;70;100;;editado;4200
1564;D;br_D_asa;br_D_asa|vitoriamachado;Fantasma FC;Fantasma FC;Vitória Machado;VOL;MID;12;26;290000;R;;Brasil;70;100;;editado;4200
1565;D;br_D_asa;br_D_asa|tatianamonteiro;Fantasma FC;Fantasma FC;Tatiana Monteiro;LAD;DEF;10;28;190000;R;;Brasil;70;100;;editado;3000
1566;D;br_D_asa;br_D_asa|larissaferreira;Fantasma FC;Fantasma FC;Larissa Ferreira;VOL;MID;10;23;190000;R;;Brasil;70;100;;editado;3000
1567;D;br_D_asa;br_D_asa|priscilateixeira;Fantasma FC;Fantasma FC;Priscila Teixeira;CA;ATT;10;20;170000;R;;Brasil;70;100;;editado;3000
1568;D;br_D_asa;br_D_asa|tornado;Fantasma FC;Fantasma FC;Tornado;ZAG;DEF;9;32;140000;R;;Brasil;70;100;;editado;2600
1569;D;br_D_asa;br_D_asa|giovanasilva;Fantasma FC;Fantasma FC;Giovana Silva;LAE;DEF;9;27;180000;R;;Brasil;70;100;;editado;2600
1570;D;br_D_asa;br_D_asa|gislainedias;Fantasma FC;Fantasma FC;Gislaine Dias;LAD;DEF;9;32;140000;R;;Brasil;70;100;;editado;2600
1571;D;br_D_asa;br_D_asa|leticiagomes;Fantasma FC;Fantasma FC;Letícia Gomes;VOL;MID;9;22;160000;R;;Brasil;70;100;;editado;2600
1572;D;br_D_asa;br_D_asa|carolinasilva;Fantasma FC;Fantasma FC;Carolina Silva;MEI;MID;9;23;160000;R;;Brasil;70;100;;editado;2600
1573;D;br_D_asa;br_D_asa|yasminbarbosa;Fantasma FC;Fantasma FC;Yasmin Barbosa;MEI;MID;9;21;160000;R;;Brasil;70;100;;editado;2600
1574;D;br_D_asa;br_D_asa|biancacavalcanti;Fantasma FC;Fantasma FC;Bianca Cavalcanti;MC;MID;9;24;170000;R;;Brasil;70;100;;editado;2600
1575;D;br_D_asa;br_D_asa|carlasiqueira;Fantasma FC;Fantasma FC;Carla Siqueira;PE;ATT;9;32;140000;R;;Brasil;70;100;;editado;2600
1576;D;br_D_asa;br_D_asa|camilaribeiro;Fantasma FC;Fantasma FC;Camila Ribeiro;CA;ATT;9;25;170000;R;;Brasil;70;100;;editado;2600
1577;D;br_D_asa;br_D_asa|amandaalmeida;Fantasma FC;Fantasma FC;Amanda Almeida;SA;ATT;9;24;170000;R;;Brasil;70;100;;editado;2600
1578;D;br_D_asa;br_D_asa|vivianedias;Fantasma FC;Fantasma FC;Viviane Dias;ZAG;DEF;8;33;110000;R;;Brasil;70;100;;editado;2200
1579;D;br_D_asa;br_D_asa|carolinacorreia;Fantasma FC;Fantasma FC;Carolina Correia;ZAG;DEF;7;26;130000;R;;Brasil;70;100;;editado;1800
1580;D;br_D_asa;br_D_asa|leticiaoliveira;Fantasma FC;Fantasma FC;Letícia Oliveira;GOL;GK;7;24;120000;L;;Brasil;70;100;;editado;1800
1581;D;br_D_asa;br_D_asa|elainemelo;Fantasma FC;Fantasma FC;Elaine Melo;PD;ATT;7;33;90000;L;;Brasil;70;100;;editado;1800
1582;D;br_D_capital;br_D_capital|nathaliaferreira;Distrito Central;Distrito Central;Nathalia Ferreira;CA;ATT;12;30;260000;R;;Brasil;70;100;;editado;4200
1583;D;br_D_capital;br_D_capital|thaisgomes;Distrito Central;Distrito Central;Thaís Gomes;CA;ATT;12;23;280000;R;;Brasil;70;100;;editado;4200
1584;D;br_D_capital;br_D_capital|deboraandrade;Distrito Central;Distrito Central;Débora Andrade;PE;ATT;12;21;270000;R;;Brasil;70;100;;editado;4200
1585;D;br_D_capital;br_D_capital|raquelcorreia;Distrito Central;Distrito Central;Raquel Correia;GOL;GK;11;30;220000;R;;Brasil;70;100;;editado;3600
1586;D;br_D_capital;br_D_capital|danielasilva;Distrito Central;Distrito Central;Daniela Silva;ZAG;DEF;11;21;220000;L;;Brasil;70;100;;editado;3600
1587;D;br_D_capital;br_D_capital|carlabatista;Distrito Central;Distrito Central;Carla Batista;ZAG;DEF;10;21;180000;R;;Brasil;70;100;;editado;3000
1588;D;br_D_capital;br_D_capital|karinaxavier;Distrito Central;Distrito Central;Karina Xavier;SA;ATT;10;23;190000;R;;Brasil;70;100;;editado;3000
1589;D;br_D_capital;br_D_capital|princesinha;Distrito Central;Distrito Central;Princesinha;LAE;DEF;9;31;140000;R;;Brasil;70;100;;editado;2600
1590;D;br_D_capital;br_D_capital|danielasiqueira;Distrito Central;Distrito Central;Daniela Siqueira;MEI;MID;9;29;160000;R;;Brasil;70;100;;editado;2600
1591;D;br_D_capital;br_D_capital|fernandaalmeida;Distrito Central;Distrito Central;Fernanda Almeida;PD;ATT;9;25;170000;R;;Brasil;70;100;;editado;2600
1592;D;br_D_capital;br_D_capital|paulasiqueira;Distrito Central;Distrito Central;Paula Siqueira;PE;ATT;9;32;140000;L;;Brasil;70;100;;editado;2600
1593;D;br_D_capital;br_D_capital|renatabatista;Distrito Central;Distrito Central;Renata Batista;ZAG;DEF;7;22;120000;R;;Brasil;70;100;;editado;1800
1594;D;br_D_capital;br_D_capital|rafaelamoreira;Distrito Central;Distrito Central;Rafaela Moreira;LAD;DEF;7;25;120000;R;;Brasil;70;100;;editado;1800
1595;D;br_D_capital;br_D_capital|elainerodrigues;Distrito Central;Distrito Central;Elaine Rodrigues;VOL;MID;7;22;120000;L;;Brasil;70;100;;editado;1800
1596;D;br_D_capital;br_D_capital|jessicabezerra;Distrito Central;Distrito Central;Jéssica Bezerra;MC;MID;7;26;130000;R;;Brasil;70;100;;editado;1800
1597;D;br_D_capital;br_D_capital|leticiaribeiro;Distrito Central;Distrito Central;Letícia Ribeiro;VOL;MID;7;22;120000;R;;Brasil;70;100;;editado;1800
1598;D;br_D_capital;br_D_capital|helenanunes;Distrito Central;Distrito Central;Helena Nunes;MEI;MID;7;26;130000;L;;Brasil;70;100;;editado;1800
1599;D;br_D_capital;br_D_capital|sabrinabatista;Distrito Central;Distrito Central;Sabrina Batista;ZAG;DEF;7;19;110000;L;;Brasil;70;100;;editado;1800
1600;D;br_D_capital;br_D_capital|simonemartins;Distrito Central;Distrito Central;Simone Martins;MC;MID;7;24;120000;R;;Brasil;70;100;;editado;1800
1601;D;br_D_capital;br_D_capital|brunavieira;Distrito Central;Distrito Central;Bruna Vieira;GOL;GK;7;24;120000;R;;Brasil;70;100;;editado;1800
1602;D;br_D_cianorte;br_D_cianorte|thaispeixoto;Leão Tricolor;Leão Tricolor;Thaís Peixoto;VOL;MID;12;25;290000;R;;Brasil;70;100;;editado;4200
1603;D;br_D_cianorte;br_D_cianorte|patriciavieira;Leão Tricolor;Leão Tricolor;Patrícia Vieira;MC;MID;12;29;270000;R;;Brasil;70;100;;editado;4200
1604;D;br_D_cianorte;br_D_cianorte|carolinaalmeida;Leão Tricolor;Leão Tricolor;Carolina Almeida;CA;ATT;12;26;290000;R;;Brasil;70;100;;editado;4200
1605;D;br_D_cianorte;br_D_cianorte|simonegomes;Leão Tricolor;Leão Tricolor;Simone Gomes;ZAG;DEF;10;29;180000;R;;Brasil;70;100;;editado;3000
1606;D;br_D_cianorte;br_D_cianorte|lorenaaraujo;Leão Tricolor;Leão Tricolor;Lorena Araújo;LAE;DEF;10;31;160000;L;;Brasil;70;100;;editado;3000
1607;D;br_D_cianorte;br_D_cianorte|sabrinarocha;Leão Tricolor;Leão Tricolor;Sabrina Rocha;ZAG;DEF;10;25;190000;R;;Brasil;70;100;;editado;3000
1608;D;br_D_cianorte;br_D_cianorte|tatianasouza;Leão Tricolor;Leão Tricolor;Tatiana Souza;VOL;MID;10;29;180000;R;;Brasil;70;100;;editado;3000
1609;D;br_D_cianorte;br_D_cianorte|priscilaguimaraes;Leão Tricolor;Leão Tricolor;Priscila Guimarães;PD;ATT;10;27;200000;L;;Brasil;70;100;;editado;3000
1610;D;br_D_cianorte;br_D_cianorte|biancaalmeida;Leão Tricolor;Leão Tricolor;Bianca Almeida;SA;ATT;10;31;160000;R;;Brasil;70;100;;editado;3000
1611;D;br_D_cianorte;br_D_cianorte|camilacardoso;Leão Tricolor;Leão Tricolor;Camila Cardoso;ZAG;DEF;9;26;170000;R;;Brasil;70;100;;editado;2600
1612;D;br_D_cianorte;br_D_cianorte|priscilacosta;Leão Tricolor;Leão Tricolor;Priscila Costa;LAD;DEF;9;27;180000;R;;Brasil;70;100;;editado;2600
1613;D;br_D_cianorte;br_D_cianorte|diamante;Leão Tricolor;Leão Tricolor;Esmeralda;GOL;GK;8;20;130000;R;;Brasil;70;100;;editado;2200
1614;D;br_D_cianorte;br_D_cianorte|camilacavalcanti;Leão Tricolor;Leão Tricolor;Camila Cavalcanti;MEI;MID;8;22;140000;R;;Brasil;70;100;;editado;2200
1615;D;br_D_cianorte;br_D_cianorte|gislaineteixeira;Leão Tricolor;Leão Tricolor;Gislaine Teixeira;MC;MID;7;29;120000;R;;Brasil;70;100;;editado;1800
1616;D;br_D_cianorte;br_D_cianorte|onca;Leão Tricolor;Leão Tricolor;Onça;MEI;MID;7;30;110000;R;;Brasil;70;100;;editado;1800
1617;D;br_D_cianorte;br_D_cianorte|peste;Leão Tricolor;Leão Tricolor;Peste;CA;ATT;7;21;110000;R;;Brasil;70;100;;editado;1800
1618;D;br_D_cianorte;br_D_cianorte|gislainemartins;Leão Tricolor;Leão Tricolor;Gislaine Martins;PE;ATT;7;22;120000;R;;Brasil;70;100;;editado;1800
1619;D;br_D_cianorte;br_D_cianorte|alinearaujo;Leão Tricolor;Leão Tricolor;Aline Araújo;GOL;GK;7;23;120000;R;;Brasil;70;100;;editado;1800
1620;D;br_D_cianorte;br_D_cianorte|danielamelo;Leão Tricolor;Leão Tricolor;Daniela Melo;ZAG;DEF;7;19;110000;R;;Brasil;70;100;;editado;1800
1621;D;br_D_cianorte;br_D_cianorte|simonepereira;Leão Tricolor;Leão Tricolor;Simone Pereira;ZAG;DEF;6;24;100000;R;;Brasil;70;100;;editado;1400
1622;D;br_D_crac;br_D_crac|vivianecosta;Catalão FC;Catalão FC;Viviane Costa;PD;ATT;12;32;230000;R;;Brasil;70;100;;editado;4200
1623;D;br_D_crac;br_D_crac|renatapereira;Catalão FC;Catalão FC;Renata Pereira;ZAG;DEF;11;23;230000;R;;Brasil;70;100;;editado;3600
1624;D;br_D_crac;br_D_crac|cristinaribeiro;Catalão FC;Catalão FC;Cristina Ribeiro;MC;MID;11;22;230000;L;;Brasil;70;100;;editado;3600
1625;D;br_D_crac;br_D_crac|fernandamonteiro;Catalão FC;Catalão FC;Fernanda Monteiro;VOL;MID;11;20;220000;L;;Brasil;70;100;;editado;3600
1626;D;br_D_crac;br_D_crac|nathaliacavalcanti;Catalão FC;Catalão FC;Nathalia Cavalcanti;MC;MID;10;20;170000;R;;Brasil;70;100;;editado;3000
1627;D;br_D_crac;br_D_crac|fadinha;Catalão FC;Catalão FC;Fadinha;MC;MID;10;23;190000;R;;Brasil;70;100;;editado;3000
1628;D;br_D_crac;br_D_crac|canhao;Catalão FC;Catalão FC;Bazuca;CA;ATT;10;25;190000;L;;Brasil;70;100;;editado;3000
1629;D;br_D_crac;br_D_crac|talitaalmeida;Catalão FC;Catalão FC;Talita Almeida;ZAG;DEF;9;25;170000;L;;Brasil;70;100;;editado;2600
1630;D;br_D_crac;br_D_crac|mariasiqueira;Catalão FC;Catalão FC;Maria Siqueira;LAD;DEF;9;29;160000;R;;Brasil;70;100;;editado;2600
1631;D;br_D_crac;br_D_crac|beatrizlima;Catalão FC;Catalão FC;Beatriz Lima;LAE;DEF;9;32;140000;R;;Brasil;70;100;;editado;2600
1632;D;br_D_crac;br_D_crac|julianaferreira;Catalão FC;Catalão FC;Juliana Ferreira;VOL;MID;9;27;180000;L;;Brasil;70;100;;editado;2600
1633;D;br_D_crac;br_D_crac|tronco;Catalão FC;Catalão FC;Raiz;MEI;MID;9;28;170000;R;;Brasil;70;100;;editado;2600
1634;D;br_D_crac;br_D_crac|luanatavares;Catalão FC;Catalão FC;Luana Tavares;CA;ATT;9;29;160000;R;;Brasil;70;100;;editado;2600
1635;D;br_D_crac;br_D_crac|denisemachado;Catalão FC;Catalão FC;Denise Machado;PE;ATT;9;20;150000;R;;Brasil;70;100;;editado;2600
1636;D;br_D_crac;br_D_crac|sandrasouza;Catalão FC;Catalão FC;Sandra Souza;GOL;GK;8;31;120000;R;;Brasil;70;100;;editado;2200
1637;D;br_D_crac;br_D_crac|biancavieira;Catalão FC;Catalão FC;Bianca Vieira;VOL;MID;8;31;120000;L;;Brasil;70;100;;editado;2200
1638;D;br_D_crac;br_D_crac|camilalima;Catalão FC;Catalão FC;Camila Lima;GOL;GK;7;27;130000;R;;Brasil;70;100;;editado;1800
1639;D;br_D_crac;br_D_crac|beatrizfreitas;Catalão FC;Catalão FC;Beatriz Freitas;MEI;MID;7;30;110000;R;;Brasil;70;100;;editado;1800
1640;D;br_D_crac;br_D_crac|julianamartins;Catalão FC;Catalão FC;Juliana Martins;SA;ATT;7;20;110000;R;;Brasil;70;100;;editado;1800
1641;D;br_D_crac;br_D_crac|priscilacardoso;Catalão FC;Catalão FC;Priscila Cardoso;ZAG;DEF;7;23;120000;R;;Brasil;70;100;;editado;1800
1642;D;br_D_csa;br_D_csa|micheleribeiro;Azulão Alagoano;Azulão Alagoano;Michele Ribeiro;MC;MID;12;27;300000;R;;Brasil;70;100;;editado;4200
1643;D;br_D_csa;br_D_csa|vitoriacorreia;Azulão Alagoano;Azulão Alagoano;Vitória Correia;MEI;MID;12;28;290000;L;;Brasil;70;100;;editado;4200
1644;D;br_D_csa;br_D_csa|marianabatista;Azulão Alagoano;Azulão Alagoano;Mariana Batista;MC;MID;12;33;220000;R;;Brasil;70;100;;editado;4200
1645;D;br_D_csa;br_D_csa|deboramonteiro;Azulão Alagoano;Azulão Alagoano;Débora Monteiro;CA;ATT;12;33;220000;R;;Brasil;70;100;;editado;4200
1646;D;br_D_csa;br_D_csa|karinarodrigues;Azulão Alagoano;Azulão Alagoano;Karina Rodrigues;VOL;MID;11;29;230000;R;;Brasil;70;100;;editado;3600
1647;D;br_D_csa;br_D_csa|paulacardoso;Azulão Alagoano;Azulão Alagoano;Paula Cardoso;LAE;DEF;10;24;190000;L;;Brasil;70;100;;editado;3000
1648;D;br_D_csa;br_D_csa|lorenapeixoto;Azulão Alagoano;Azulão Alagoano;Lorena Peixoto;VOL;MID;10;25;190000;R;;Brasil;70;100;;editado;3000
1649;D;br_D_csa;br_D_csa|vivianealmeida;Azulão Alagoano;Azulão Alagoano;Viviane Almeida;ZAG;DEF;9;20;150000;R;;Brasil;70;100;;editado;2600
1650;D;br_D_csa;br_D_csa|larissamachado;Azulão Alagoano;Azulão Alagoano;Larissa Machado;ZAG;DEF;9;21;160000;R;;Brasil;70;100;;editado;2600
1651;D;br_D_csa;br_D_csa|thaisribeiro;Azulão Alagoano;Azulão Alagoano;Thaís Ribeiro;MEI;MID;9;26;170000;R;;Brasil;70;100;;editado;2600
1652;D;br_D_csa;br_D_csa|cristinagomes;Azulão Alagoano;Azulão Alagoano;Cristina Gomes;PD;ATT;9;20;150000;R;;Brasil;70;100;;editado;2600
1653;D;br_D_csa;br_D_csa|gabrielabezerra;Azulão Alagoano;Azulão Alagoano;Gabriela Bezerra;VOL;MID;8;31;120000;R;;Brasil;70;100;;editado;2200
1654;D;br_D_csa;br_D_csa|danadinha;Azulão Alagoano;Azulão Alagoano;Danadinha;MC;MID;8;23;140000;R;;Brasil;70;100;;editado;2200
1655;D;br_D_csa;br_D_csa|leticiaferreira;Azulão Alagoano;Azulão Alagoano;Letícia Ferreira;GOL;GK;7;21;110000;R;;Brasil;70;100;;editado;1800
1656;D;br_D_csa;br_D_csa|amandacorreia;Azulão Alagoano;Azulão Alagoano;Amanda Correia;LAD;DEF;7;23;120000;R;;Brasil;70;100;;editado;1800
1657;D;br_D_csa;br_D_csa|francielesilva;Azulão Alagoano;Azulão Alagoano;Franciele Silva;ZAG;DEF;7;24;120000;R;;Brasil;70;100;;editado;1800
1658;D;br_D_csa;br_D_csa|adrianapeixoto;Azulão Alagoano;Azulão Alagoano;Adriana Peixoto;LAD;DEF;7;21;110000;R;;Brasil;70;100;;editado;1800
1659;D;br_D_csa;br_D_csa|jaquelinemonteiro;Azulão Alagoano;Azulão Alagoano;Jaqueline Monteiro;GOL;GK;7;20;110000;R;;Brasil;70;100;;editado;1800
1660;D;br_D_csa;br_D_csa|robertamoreira;Azulão Alagoano;Azulão Alagoano;Roberta Moreira;CA;ATT;6;19;90000;L;;Brasil;70;100;;editado;1400
1661;D;br_D_csa;br_D_csa|julianacosta;Azulão Alagoano;Azulão Alagoano;Juliana Costa;CA;ATT;6;19;90000;R;;Brasil;70;100;;editado;1400
1662;D;br_D_ferroviario;br_D_ferroviario|marciamachado;Tubarão do Povo;Tubarão do Povo;Márcia Machado;VOL;MID;12;27;300000;R;;Brasil;70;100;;editado;4200
1663;D;br_D_ferroviario;br_D_ferroviario|vanessanunes;Tubarão do Povo;Tubarão do Povo;Vanessa Nunes;PD;ATT;12;29;270000;L;;Brasil;70;100;;editado;4200
1664;D;br_D_ferroviario;br_D_ferroviario|fernandabezerra;Tubarão do Povo;Tubarão do Povo;Fernanda Bezerra;SA;ATT;12;26;290000;R;;Brasil;70;100;;editado;4200
1665;D;br_D_ferroviario;br_D_ferroviario|vanessaferreira;Tubarão do Povo;Tubarão do Povo;Vanessa Ferreira;PE;ATT;12;31;250000;L;;Brasil;70;100;;editado;4200
1666;D;br_D_ferroviario;br_D_ferroviario|rafaelaaraujo;Tubarão do Povo;Tubarão do Povo;Rafaela Araújo;LAD;DEF;11;22;230000;L;;Brasil;70;100;;editado;3600
1667;D;br_D_ferroviario;br_D_ferroviario|larissacosta;Tubarão do Povo;Tubarão do Povo;Larissa Costa;LAE;DEF;11;30;220000;R;;Brasil;70;100;;editado;3600
1668;D;br_D_ferroviario;br_D_ferroviario|beatrizgomes;Tubarão do Povo;Tubarão do Povo;Beatriz Gomes;MEI;MID;11;30;220000;R;;Brasil;70;100;;editado;3600
1669;D;br_D_ferroviario;br_D_ferroviario|vulcao;Tubarão do Povo;Tubarão do Povo;Vulcão;MC;MID;11;22;230000;R;;Brasil;70;100;;editado;3600
1670;D;br_D_ferroviario;br_D_ferroviario|gabrielaandrade;Tubarão do Povo;Tubarão do Povo;Gabriela Andrade;CA;ATT;11;29;230000;R;;Brasil;70;100;;editado;3600
1671;D;br_D_ferroviario;br_D_ferroviario|nathaliabatista;Tubarão do Povo;Tubarão do Povo;Nathalia Batista;PE;ATT;11;23;230000;L;;Brasil;70;100;;editado;3600
1672;D;br_D_ferroviario;br_D_ferroviario|vanessaaraujo;Tubarão do Povo;Tubarão do Povo;Vanessa Araújo;VOL;MID;9;29;160000;R;;Brasil;70;100;;editado;2600
1673;D;br_D_ferroviario;br_D_ferroviario|vitoriadias;Tubarão do Povo;Tubarão do Povo;Vitória Dias;VOL;MID;9;27;180000;R;;Brasil;70;100;;editado;2600
1674;D;br_D_ferroviario;br_D_ferroviario|ligeira;Tubarão do Povo;Tubarão do Povo;Ligeira;MC;MID;9;24;170000;R;;Brasil;70;100;;editado;2600
1675;D;br_D_ferroviario;br_D_ferroviario|flaviapeixoto;Tubarão do Povo;Tubarão do Povo;Flávia Peixoto;CA;ATT;9;24;170000;L;;Brasil;70;100;;editado;2600
1676;D;br_D_ferroviario;br_D_ferroviario|francieleteixeira;Tubarão do Povo;Tubarão do Povo;Franciele Teixeira;ZAG;DEF;8;30;130000;R;;Brasil;70;100;;editado;2200
1677;D;br_D_ferroviario;br_D_ferroviario|kellyferreira;Tubarão do Povo;Tubarão do Povo;Kelly Ferreira;ZAG;DEF;8;21;140000;R;;Brasil;70;100;;editado;2200
1678;D;br_D_ferroviario;br_D_ferroviario|luizacardoso;Tubarão do Povo;Tubarão do Povo;Luíza Cardoso;MC;MID;8;29;140000;R;;Brasil;70;100;;editado;2200
1679;D;br_D_ferroviario;br_D_ferroviario|julianapereira;Tubarão do Povo;Tubarão do Povo;Juliana Pereira;GOL;GK;7;29;120000;R;;Brasil;70;100;;editado;1800
1680;D;br_D_ferroviario;br_D_ferroviario|talitapeixoto;Tubarão do Povo;Tubarão do Povo;Talita Peixoto;ZAG;DEF;7;25;120000;L;;Brasil;70;100;;editado;1800
1681;D;br_D_ferroviario;br_D_ferroviario|francieletavares;Tubarão do Povo;Tubarão do Povo;Franciele Tavares;GOL;GK;7;23;120000;R;;Brasil;70;100;;editado;1800
1682;D;br_D_gama;br_D_gama|anafarias;Periquito Verde Branco;Periquito Verde Branco;Ana Farias;ZAG;DEF;12;25;290000;R;;Brasil;70;100;;editado;4200
1683;D;br_D_gama;br_D_gama|vitoriaandrade;Periquito Verde Branco;Periquito Verde Branco;Vitória Andrade;ZAG;DEF;12;24;280000;R;;Brasil;70;100;;editado;4200
1684;D;br_D_gama;br_D_gama|vitoriafreitas;Periquito Verde Branco;Periquito Verde Branco;Vitória Freitas;VOL;MID;12;31;250000;R;;Brasil;70;100;;editado;4200
1685;D;br_D_gama;br_D_gama|patriciasilva;Periquito Verde Branco;Periquito Verde Branco;Patrícia Silva;GOL;GK;11;33;180000;R;;Brasil;70;100;;editado;3600
1686;D;br_D_gama;br_D_gama|anarodrigues;Periquito Verde Branco;Periquito Verde Branco;Ana Rodrigues;ZAG;DEF;11;33;180000;R;;Brasil;70;100;;editado;3600
1687;D;br_D_gama;br_D_gama|fabianacarvalho;Periquito Verde Branco;Periquito Verde Branco;Fabiana Carvalho;LAE;DEF;11;21;220000;R;;Brasil;70;100;;editado;3600
1688;D;br_D_gama;br_D_gama|relampago;Periquito Verde Branco;Periquito Verde Branco;Trovoada;ZAG;DEF;11;30;220000;R;;Brasil;70;100;;editado;3600
1689;D;br_D_gama;br_D_gama|robertarocha;Periquito Verde Branco;Periquito Verde Branco;Roberta Rocha;CA;ATT;11;24;240000;R;;Brasil;70;100;;editado;3600
1690;D;br_D_gama;br_D_gama|luananascimento;Periquito Verde Branco;Periquito Verde Branco;Luana Nascimento;MC;MID;9;22;160000;R;;Brasil;70;100;;editado;2600
1691;D;br_D_gama;br_D_gama|besouro;Periquito Verde Branco;Periquito Verde Branco;Vespa;PE;ATT;9;20;150000;R;;Brasil;70;100;;editado;2600
1692;D;br_D_gama;br_D_gama|talitarodrigues;Periquito Verde Branco;Periquito Verde Branco;Talita Rodrigues;MEI;MID;8;26;150000;R;;Brasil;70;100;;editado;2200
1693;D;br_D_gama;br_D_gama|marianaoliveira;Periquito Verde Branco;Periquito Verde Branco;Mariana Oliveira;MC;MID;8;31;120000;R;;Brasil;70;100;;editado;2200
1694;D;br_D_gama;br_D_gama|karinaferreira;Periquito Verde Branco;Periquito Verde Branco;Karina Ferreira;PD;ATT;8;31;120000;R;;Brasil;70;100;;editado;2200
1695;D;br_D_gama;br_D_gama|bode;Periquito Verde Branco;Periquito Verde Branco;Corça;GOL;GK;7;26;130000;R;;Brasil;70;100;;editado;1800
1696;D;br_D_gama;br_D_gama|nataliatavares;Periquito Verde Branco;Periquito Verde Branco;Natália Tavares;LAD;DEF;7;30;110000;R;;Brasil;70;100;;editado;1800
1697;D;br_D_gama;br_D_gama|larissabezerra;Periquito Verde Branco;Periquito Verde Branco;Larissa Bezerra;LAD;DEF;7;29;120000;L;;Brasil;70;100;;editado;1800
1698;D;br_D_gama;br_D_gama|luanapereira;Periquito Verde Branco;Periquito Verde Branco;Luana Pereira;VOL;MID;7;30;110000;R;;Brasil;70;100;;editado;1800
1699;D;br_D_gama;br_D_gama|beatrizribeiro;Periquito Verde Branco;Periquito Verde Branco;Beatriz Ribeiro;MEI;MID;7;20;110000;R;;Brasil;70;100;;editado;1800
1700;D;br_D_gama;br_D_gama|mariamonteiro;Periquito Verde Branco;Periquito Verde Branco;Maria Monteiro;VOL;MID;7;23;120000;R;;Brasil;70;100;;editado;1800
1701;D;br_D_gama;br_D_gama|patriciafreitas;Periquito Verde Branco;Periquito Verde Branco;Patrícia Freitas;CA;ATT;7;29;120000;R;;Brasil;70;100;;editado;1800
1702;D;br_D_luverdense;br_D_luverdense|jaquelinemartins;Verdão do Norte;Verdão do Norte;Jaqueline Martins;ZAG;DEF;12;29;270000;L;;Brasil;70;100;;editado;4200
1703;D;br_D_luverdense;br_D_luverdense|lorenamachado;Verdão do Norte;Verdão do Norte;Lorena Machado;LAD;DEF;12;30;260000;R;;Brasil;70;100;;editado;4200
1704;D;br_D_luverdense;br_D_luverdense|karinabarbosa;Verdão do Norte;Verdão do Norte;Karina Barbosa;LAE;DEF;12;23;280000;L;;Brasil;70;100;;editado;4200
1705;D;br_D_luverdense;br_D_luverdense|yasmincorreia;Verdão do Norte;Verdão do Norte;Yasmin Correia;ZAG;DEF;12;27;300000;L;;Brasil;70;100;;editado;4200
1706;D;br_D_luverdense;br_D_luverdense|patriciaferreira;Verdão do Norte;Verdão do Norte;Patrícia Ferreira;LAD;DEF;12;23;280000;R;;Brasil;70;100;;editado;4200
1707;D;br_D_luverdense;br_D_luverdense|robertabarbosa;Verdão do Norte;Verdão do Norte;Roberta Barbosa;ZAG;DEF;12;26;290000;R;;Brasil;70;100;;editado;4200
1708;D;br_D_luverdense;br_D_luverdense|fabianaxavier;Verdão do Norte;Verdão do Norte;Fabiana Xavier;MC;MID;12;22;270000;R;;Brasil;70;100;;editado;4200
1709;D;br_D_luverdense;br_D_luverdense|anaoliveira;Verdão do Norte;Verdão do Norte;Ana Oliveira;VOL;MID;12;31;250000;R;;Brasil;70;100;;editado;4200
1710;D;br_D_luverdense;br_D_luverdense|palito;Verdão do Norte;Verdão do Norte;Agulha;VOL;MID;12;27;300000;R;;Brasil;70;100;;editado;4200
1711;D;br_D_luverdense;br_D_luverdense|leticiaalmeida;Verdão do Norte;Verdão do Norte;Letícia Almeida;MC;MID;12;28;290000;R;;Brasil;70;100;;editado;4200
1712;D;br_D_luverdense;br_D_luverdense|jaquelinesilva;Verdão do Norte;Verdão do Norte;Jaqueline Silva;PD;ATT;12;24;280000;R;;Brasil;70;100;;editado;4200
1713;D;br_D_luverdense;br_D_luverdense|tatianasiqueira;Verdão do Norte;Verdão do Norte;Tatiana Siqueira;ZAG;DEF;11;28;240000;R;;Brasil;70;100;;editado;3600
1714;D;br_D_luverdense;br_D_luverdense|gislainealmeida;Verdão do Norte;Verdão do Norte;Gislaine Almeida;MEI;MID;11;25;240000;R;;Brasil;70;100;;editado;3600
1715;D;br_D_luverdense;br_D_luverdense|juliananunes;Verdão do Norte;Verdão do Norte;Juliana Nunes;CA;ATT;11;24;240000;R;;Brasil;70;100;;editado;3600
1716;D;br_D_luverdense;br_D_luverdense|leoa;Verdão do Norte;Verdão do Norte;Leoa;GOL;GK;10;31;160000;L;;Brasil;70;100;;editado;3000
1717;D;br_D_luverdense;br_D_luverdense|sandrabezerra;Verdão do Norte;Verdão do Norte;Sandra Bezerra;GOL;GK;10;30;170000;L;;Brasil;70;100;;editado;3000
1718;D;br_D_luverdense;br_D_luverdense|julianabatista;Verdão do Norte;Verdão do Norte;Juliana Batista;VOL;MID;10;32;160000;R;;Brasil;70;100;;editado;3000
1719;D;br_D_luverdense;br_D_luverdense|elainelima;Verdão do Norte;Verdão do Norte;Elaine Lima;MC;MID;10;27;200000;R;;Brasil;70;100;;editado;3000
1720;D;br_D_luverdense;br_D_luverdense|tatianalima;Verdão do Norte;Verdão do Norte;Tatiana Lima;MEI;MID;10;28;190000;R;;Brasil;70;100;;editado;3000
1721;D;br_D_luverdense;br_D_luverdense|luanarocha;Verdão do Norte;Verdão do Norte;Luana Rocha;PE;ATT;10;25;190000;R;;Brasil;70;100;;editado;3000
1722;D;br_D_marciliodias;br_D_marciliodias|priscilaoliveira;Marinheiro de Santa;Marinheiro de Santa;Priscila Oliveira;GOL;GK;12;31;250000;R;;Brasil;70;100;sim;editado;4200
1723;D;br_D_marciliodias;br_D_marciliodias|sabrinaguimaraes;Marinheiro de Santa;Marinheiro de Santa;Sabrina Guimarães;LAD;DEF;12;31;250000;R;;Brasil;70;100;sim;editado;4200
1724;D;br_D_marciliodias;br_D_marciliodias|ingridcorreia;Marinheiro de Santa;Marinheiro de Santa;Ingrid Correia;LAE;DEF;12;27;300000;L;;Brasil;70;100;;editado;4200
1725;D;br_D_marciliodias;br_D_marciliodias|ingridmachado;Marinheiro de Santa;Marinheiro de Santa;Ingrid Machado;ZAG;DEF;11;30;220000;R;;Brasil;70;100;;editado;3600
1726;D;br_D_marciliodias;br_D_marciliodias|sandranunes;Marinheiro de Santa;Marinheiro de Santa;Sandra Nunes;MC;MID;11;30;220000;R;;Brasil;70;100;;editado;3600
1727;D;br_D_marciliodias;br_D_marciliodias|luizamoreira;Marinheiro de Santa;Marinheiro de Santa;Luíza Moreira;VOL;MID;11;23;230000;R;;Brasil;70;100;;editado;3600
1728;D;br_D_marciliodias;br_D_marciliodias|julianaandrade;Marinheiro de Santa;Marinheiro de Santa;Juliana Andrade;ZAG;DEF;10;27;200000;R;;Brasil;70;100;;editado;3000
1729;D;br_D_marciliodias;br_D_marciliodias|robertamartins;Marinheiro de Santa;Marinheiro de Santa;Roberta Martins;MC;MID;10;31;160000;R;;Brasil;70;100;;editado;3000
1730;D;br_D_marciliodias;br_D_marciliodias|francielerodrigues;Marinheiro de Santa;Marinheiro de Santa;Franciele Rodrigues;VOL;MID;10;33;150000;R;;Brasil;70;100;;editado;3000
1731;D;br_D_marciliodias;br_D_marciliodias|luizafreitas;Marinheiro de Santa;Marinheiro de Santa;Luíza Freitas;MEI;MID;10;27;200000;L;;Brasil;70;100;;editado;3000
1732;D;br_D_marciliodias;br_D_marciliodias|lua;Marinheiro de Santa;Marinheiro de Santa;Lua;GOL;GK;9;33;130000;R;;Brasil;70;100;;editado;2600
1733;D;br_D_marciliodias;br_D_marciliodias|simoneteixeira;Marinheiro de Santa;Marinheiro de Santa;Simone Teixeira;ZAG;DEF;9;29;160000;L;;Brasil;70;100;;editado;2600
1734;D;br_D_marciliodias;br_D_marciliodias|marianavieira;Marinheiro de Santa;Marinheiro de Santa;Mariana Vieira;CA;ATT;9;25;170000;R;;Brasil;70;100;;editado;2600
1735;D;br_D_marciliodias;br_D_marciliodias|pipoca;Marinheiro de Santa;Marinheiro de Santa;Pipoca;GOL;GK;8;28;150000;R;;Brasil;70;100;;editado;2200
1736;D;br_D_marciliodias;br_D_marciliodias|cristinatavares;Marinheiro de Santa;Marinheiro de Santa;Cristina Tavares;LAD;DEF;8;26;150000;R;;Brasil;70;100;;editado;2200
1737;D;br_D_marciliodias;br_D_marciliodias|helenaribeiro;Marinheiro de Santa;Marinheiro de Santa;Helena Ribeiro;MEI;MID;8;22;140000;L;;Brasil;70;100;;editado;2200
1738;D;br_D_marciliodias;br_D_marciliodias|bruxinha;Marinheiro de Santa;Marinheiro de Santa;Bruxinha;CA;ATT;7;33;90000;R;;Brasil;70;100;;editado;1800
1739;D;br_D_marciliodias;br_D_marciliodias|sandraalmeida;Marinheiro de Santa;Marinheiro de Santa;Sandra Almeida;ZAG;DEF;7;21;110000;R;;Brasil;70;100;;editado;1800
1740;D;br_D_marciliodias;br_D_marciliodias|sabrinasilva;Marinheiro de Santa;Marinheiro de Santa;Sabrina Silva;VOL;MID;7;21;110000;R;;Brasil;70;100;;editado;1800
1741;D;br_D_marciliodias;br_D_marciliodias|luizamonteiro;Marinheiro de Santa;Marinheiro de Santa;Luíza Monteiro;PD;ATT;7;28;120000;R;;Brasil;70;100;;editado;1800
1742;D;br_D_nacional;br_D_nacional|danielasouza;Leão da Vila;Leão da Vila;Daniela Souza;LAD;DEF;12;23;280000;R;;Brasil;70;100;;editado;4200
1743;D;br_D_nacional;br_D_nacional|vivianemonteiro;Leão da Vila;Leão da Vila;Viviane Monteiro;ZAG;DEF;12;33;220000;R;;Brasil;70;100;;editado;4200
1744;D;br_D_nacional;br_D_nacional|robertanascimento;Leão da Vila;Leão da Vila;Roberta Nascimento;PE;ATT;12;30;260000;R;;Brasil;70;100;;editado;4200
1745;D;br_D_nacional;br_D_nacional|deboracosta;Leão da Vila;Leão da Vila;Débora Costa;ZAG;DEF;11;22;230000;R;;Brasil;70;100;;editado;3600
1746;D;br_D_nacional;br_D_nacional|thaistavares;Leão da Vila;Leão da Vila;Thaís Tavares;LAD;DEF;11;27;250000;R;;Brasil;70;100;;editado;3600
1747;D;br_D_nacional;br_D_nacional|formiga;Leão da Vila;Leão da Vila;Abelha;CA;ATT;11;29;230000;R;;Brasil;70;100;;editado;3600
1748;D;br_D_nacional;br_D_nacional|muralha;Leão da Vila;Leão da Vila;Barreira;CA;ATT;10;23;190000;R;;Brasil;70;100;;editado;3000
1749;D;br_D_nacional;br_D_nacional|flaviateixeira;Leão da Vila;Leão da Vila;Flávia Teixeira;PE;ATT;10;32;160000;R;;Brasil;70;100;;editado;3000
1750;D;br_D_nacional;br_D_nacional|talitasantos;Leão da Vila;Leão da Vila;Talita Santos;GOL;GK;9;30;150000;R;;Brasil;70;100;;editado;2600
1751;D;br_D_nacional;br_D_nacional|leticiavieira;Leão da Vila;Leão da Vila;Letícia Vieira;LAE;DEF;9;21;160000;R;;Brasil;70;100;;editado;2600
1752;D;br_D_nacional;br_D_nacional|talitateixeira;Leão da Vila;Leão da Vila;Talita Teixeira;MC;MID;9;26;170000;L;;Brasil;70;100;;editado;2600
1753;D;br_D_nacional;br_D_nacional|amandamartins;Leão da Vila;Leão da Vila;Amanda Martins;MEI;MID;9;27;180000;R;;Brasil;70;100;;editado;2600
1754;D;br_D_nacional;br_D_nacional|deniseteixeira;Leão da Vila;Leão da Vila;Denise Teixeira;VOL;MID;9;30;150000;R;;Brasil;70;100;;editado;2600
1755;D;br_D_nacional;br_D_nacional|priscilaalmeida;Leão da Vila;Leão da Vila;Priscila Almeida;CA;ATT;9;29;160000;R;;Brasil;70;100;;editado;2600
1756;D;br_D_nacional;br_D_nacional|micheleandrade;Leão da Vila;Leão da Vila;Michele Andrade;SA;ATT;9;27;180000;R;;Brasil;70;100;;editado;2600
1757;D;br_D_nacional;br_D_nacional|anavieira;Leão da Vila;Leão da Vila;Ana Vieira;GOL;GK;8;29;140000;R;;Brasil;70;100;;editado;2200
1758;D;br_D_nacional;br_D_nacional|marianabarbosa;Leão da Vila;Leão da Vila;Mariana Barbosa;ZAG;DEF;7;20;110000;L;;Brasil;70;100;;editado;1800
1759;D;br_D_nacional;br_D_nacional|elaineandrade;Leão da Vila;Leão da Vila;Elaine Andrade;VOL;MID;7;30;110000;R;;Brasil;70;100;;editado;1800
1760;D;br_D_nacional;br_D_nacional|jaquelinearaujo;Leão da Vila;Leão da Vila;Jaqueline Araújo;MEI;MID;7;21;110000;R;;Brasil;70;100;;editado;1800
1761;D;br_D_nacional;br_D_nacional|gabrielamachado;Leão da Vila;Leão da Vila;Gabriela Machado;MC;MID;7;23;120000;R;;Brasil;70;100;;editado;1800
1762;D;br_D_portuguesadedesportos;br_D_portuguesadedesportos|rafaelacavalcanti;Lusa Paulista;Lusa Paulista;Rafaela Cavalcanti;ZAG;DEF;12;20;260000;R;;Brasil;70;100;;editado;4200
1763;D;br_D_portuguesadedesportos;br_D_portuguesadedesportos|prisciladias;Lusa Paulista;Lusa Paulista;Priscila Dias;ZAG;DEF;12;31;250000;R;;Brasil;70;100;;editado;4200
1764;D;br_D_portuguesadedesportos;br_D_portuguesadedesportos|carolinapereira;Lusa Paulista;Lusa Paulista;Carolina Pereira;GOL;GK;11;20;220000;R;;Brasil;70;100;;editado;3600
1765;D;br_D_portuguesadedesportos;br_D_portuguesadedesportos|julianaxavier;Lusa Paulista;Lusa Paulista;Juliana Xavier;ZAG;DEF;11;31;210000;R;;Brasil;70;100;;editado;3600
1766;D;br_D_portuguesadedesportos;br_D_portuguesadedesportos|karinanascimento;Lusa Paulista;Lusa Paulista;Karina Nascimento;MEI;MID;11;21;220000;L;;Brasil;70;100;;editado;3600
1767;D;br_D_portuguesadedesportos;br_D_portuguesadedesportos|carolinafreitas;Lusa Paulista;Lusa Paulista;Carolina Freitas;CA;ATT;10;31;160000;R;;Brasil;70;100;;editado;3000
1768;D;br_D_portuguesadedesportos;br_D_portuguesadedesportos|patriciamartins;Lusa Paulista;Lusa Paulista;Patrícia Martins;PD;ATT;10;22;180000;R;;Brasil;70;100;;editado;3000
1769;D;br_D_portuguesadedesportos;br_D_portuguesadedesportos|eduardamonteiro;Lusa Paulista;Lusa Paulista;Eduarda Monteiro;PE;ATT;10;25;190000;L;;Brasil;70;100;;editado;3000
1770;D;br_D_portuguesadedesportos;br_D_portuguesadedesportos|natalianunes;Lusa Paulista;Lusa Paulista;Natália Nunes;SA;ATT;10;26;200000;L;;Brasil;70;100;;editado;3000
1771;D;br_D_portuguesadedesportos;br_D_portuguesadedesportos|rafaelaxavier;Lusa Paulista;Lusa Paulista;Rafaela Xavier;LAE;DEF;9;22;160000;R;;Brasil;70;100;;editado;2600
1772;D;br_D_portuguesadedesportos;br_D_portuguesadedesportos|francielesantos;Lusa Paulista;Lusa Paulista;Franciele Santos;LAD;DEF;9;28;170000;R;;Brasil;70;100;;editado;2600
1773;D;br_D_portuguesadedesportos;br_D_portuguesadedesportos|simonemelo;Lusa Paulista;Lusa Paulista;Simone Melo;CA;ATT;9;32;140000;R;;Brasil;70;100;;editado;2600
1774;D;br_D_portuguesadedesportos;br_D_portuguesadedesportos|larissapereira;Lusa Paulista;Lusa Paulista;Larissa Pereira;ZAG;DEF;8;22;140000;L;;Brasil;70;100;;editado;2200
1775;D;br_D_portuguesadedesportos;br_D_portuguesadedesportos|nataliasouza;Lusa Paulista;Lusa Paulista;Natália Souza;VOL;MID;8;25;150000;R;;Brasil;70;100;;editado;2200
1776;D;br_D_portuguesadedesportos;br_D_portuguesadedesportos|kellycavalcanti;Lusa Paulista;Lusa Paulista;Kelly Cavalcanti;VOL;MID;8;27;150000;L;;Brasil;70;100;;editado;2200
1777;D;br_D_portuguesadedesportos;br_D_portuguesadedesportos|patriciacavalcanti;Lusa Paulista;Lusa Paulista;Patrícia Cavalcanti;LAD;DEF;7;31;100000;R;;Brasil;70;100;;editado;1800
1778;D;br_D_portuguesadedesportos;br_D_portuguesadedesportos|yasmingomes;Lusa Paulista;Lusa Paulista;Yasmin Gomes;MC;MID;7;23;120000;R;;Brasil;70;100;;editado;1800
1779;D;br_D_portuguesadedesportos;br_D_portuguesadedesportos|rafaelamartins;Lusa Paulista;Lusa Paulista;Rafaela Martins;MC;MID;7;23;120000;R;;Brasil;70;100;;editado;1800
1780;D;br_D_portuguesadedesportos;br_D_portuguesadedesportos|ingridmoreira;Lusa Paulista;Lusa Paulista;Ingrid Moreira;GOL;GK;7;19;110000;R;;Brasil;70;100;;editado;1800
1781;D;br_D_portuguesadedesportos;br_D_portuguesadedesportos|priscilanunes;Lusa Paulista;Lusa Paulista;Priscila Nunes;MC;MID;6;19;90000;R;;Brasil;70;100;;editado;1400
1782;D;br_D_portuguesacarioca;br_D_portuguesacarioca|biancarodrigues;Lusa Carioca;Lusa Carioca;Bianca Rodrigues;ZAG;DEF;12;31;250000;R;;Brasil;70;100;;editado;4200
1783;D;br_D_portuguesacarioca;br_D_portuguesacarioca|beatrizsouza;Lusa Carioca;Lusa Carioca;Beatriz Souza;ZAG;DEF;12;20;260000;L;;Brasil;70;100;;editado;4200
1784;D;br_D_portuguesacarioca;br_D_portuguesacarioca|marianaguimaraes;Lusa Carioca;Lusa Carioca;Mariana Guimarães;MC;MID;12;28;290000;L;;Brasil;70;100;;editado;4200
1785;D;br_D_portuguesacarioca;br_D_portuguesacarioca|beatrizvieira;Lusa Carioca;Lusa Carioca;Beatriz Vieira;VOL;MID;12;28;290000;R;;Brasil;70;100;;editado;4200
1786;D;br_D_portuguesacarioca;br_D_portuguesacarioca|beatrizfarias;Lusa Carioca;Lusa Carioca;Beatriz Farias;MC;MID;11;22;230000;R;;Brasil;70;100;;editado;3600
1787;D;br_D_portuguesacarioca;br_D_portuguesacarioca|carlapeixoto;Lusa Carioca;Lusa Carioca;Carla Peixoto;SA;ATT;11;29;230000;R;;Brasil;70;100;;editado;3600
1788;D;br_D_portuguesacarioca;br_D_portuguesacarioca|vitoriapinto;Lusa Carioca;Lusa Carioca;Vitória Pinto;GOL;GK;10;31;160000;R;;Brasil;70;100;;editado;3000
1789;D;br_D_portuguesacarioca;br_D_portuguesacarioca|gislainesouza;Lusa Carioca;Lusa Carioca;Gislaine Souza;ZAG;DEF;10;22;180000;R;;Brasil;70;100;;editado;3000
1790;D;br_D_portuguesacarioca;br_D_portuguesacarioca|isabelafreitas;Lusa Carioca;Lusa Carioca;Isabela Freitas;ZAG;DEF;10;32;160000;R;;Brasil;70;100;;editado;3000
1791;D;br_D_portuguesacarioca;br_D_portuguesacarioca|gabrielasilva;Lusa Carioca;Lusa Carioca;Gabriela Silva;MEI;MID;10;25;190000;L;;Brasil;70;100;;editado;3000
1792;D;br_D_portuguesacarioca;br_D_portuguesacarioca|adriananascimento;Lusa Carioca;Lusa Carioca;Adriana Nascimento;CA;ATT;10;27;200000;R;;Brasil;70;100;;editado;3000
1793;D;br_D_portuguesacarioca;br_D_portuguesacarioca|giovanacarvalho;Lusa Carioca;Lusa Carioca;Giovana Carvalho;VOL;MID;9;28;170000;L;;Brasil;70;100;;editado;2600
1794;D;br_D_portuguesacarioca;br_D_portuguesacarioca|giovanarodrigues;Lusa Carioca;Lusa Carioca;Giovana Rodrigues;MEI;MID;9;25;170000;R;;Brasil;70;100;;editado;2600
1795;D;br_D_portuguesacarioca;br_D_portuguesacarioca|renatamonteiro;Lusa Carioca;Lusa Carioca;Renata Monteiro;CA;ATT;9;23;160000;L;;Brasil;70;100;;editado;2600
1796;D;br_D_portuguesacarioca;br_D_portuguesacarioca|simoneguimaraes;Lusa Carioca;Lusa Carioca;Simone Guimarães;LAD;DEF;8;24;140000;R;;Brasil;70;100;;editado;2200
1797;D;br_D_portuguesacarioca;br_D_portuguesacarioca|helenaguimaraes;Lusa Carioca;Lusa Carioca;Helena Guimarães;LAD;DEF;7;20;110000;R;;Brasil;70;100;;editado;1800
1798;D;br_D_portuguesacarioca;br_D_portuguesacarioca|rafaelasiqueira;Lusa Carioca;Lusa Carioca;Rafaela Siqueira;GOL;GK;7;21;110000;R;;Brasil;70;100;;editado;1800
1799;D;br_D_portuguesacarioca;br_D_portuguesacarioca|priscilarodrigues;Lusa Carioca;Lusa Carioca;Priscila Rodrigues;MC;MID;7;32;100000;R;;Brasil;70;100;;editado;1800
1800;D;br_D_portuguesacarioca;br_D_portuguesacarioca|nathaliamartins;Lusa Carioca;Lusa Carioca;Nathalia Martins;PD;ATT;7;30;110000;R;;Brasil;70;100;;editado;1800
1801;D;br_D_portuguesacarioca;br_D_portuguesacarioca|foguinho;Lusa Carioca;Lusa Carioca;Chama;PE;ATT;7;23;120000;L;;Brasil;70;100;;editado;1800
1802;D;br_D_saojose;br_D_saojose|nathaliateixeira;Águia do Vale;Águia do Vale;Nathalia Teixeira;GOL;GK;12;30;260000;L;;Brasil;70;100;;editado;4200
1803;D;br_D_saojose;br_D_saojose|analima;Águia do Vale;Águia do Vale;Ana Lima;ZAG;DEF;12;25;290000;L;;Brasil;70;100;;editado;4200
1804;D;br_D_saojose;br_D_saojose|nataliabezerra;Águia do Vale;Águia do Vale;Natália Bezerra;VOL;MID;12;30;260000;L;;Brasil;70;100;;editado;4200
1805;D;br_D_saojose;br_D_saojose|sabrinapeixoto;Águia do Vale;Águia do Vale;Sabrina Peixoto;GOL;GK;10;33;150000;L;;Brasil;70;100;;editado;3000
1806;D;br_D_saojose;br_D_saojose|pantera;Águia do Vale;Águia do Vale;Tigresa;LAE;DEF;10;30;170000;R;;Brasil;70;100;;editado;3000
1807;D;br_D_saojose;br_D_saojose|amandavieira;Águia do Vale;Águia do Vale;Amanda Vieira;ZAG;DEF;10;29;180000;R;;Brasil;70;100;;editado;3000
1808;D;br_D_saojose;br_D_saojose|guriazinha;Águia do Vale;Águia do Vale;Guriazinha;LAD;DEF;10;30;170000;L;;Brasil;70;100;;editado;3000
1809;D;br_D_saojose;br_D_saojose|cometa;Águia do Vale;Águia do Vale;Cometa;MC;MID;10;22;180000;R;;Brasil;70;100;;editado;3000
1810;D;br_D_saojose;br_D_saojose|alinesantos;Águia do Vale;Águia do Vale;Aline Santos;MEI;MID;10;24;190000;R;;Brasil;70;100;;editado;3000
1811;D;br_D_saojose;br_D_saojose|helenapinto;Águia do Vale;Águia do Vale;Helena Pinto;PE;ATT;10;23;190000;R;;Brasil;70;100;;editado;3000
1812;D;br_D_saojose;br_D_saojose|ingridpeixoto;Águia do Vale;Águia do Vale;Ingrid Peixoto;ZAG;DEF;9;33;130000;R;;Brasil;70;100;;editado;2600
1813;D;br_D_saojose;br_D_saojose|biancacosta;Águia do Vale;Águia do Vale;Bianca Costa;LAD;DEF;9;20;150000;R;;Brasil;70;100;;editado;2600
1814;D;br_D_saojose;br_D_saojose|amandarodrigues;Águia do Vale;Águia do Vale;Amanda Rodrigues;PD;ATT;9;24;170000;R;;Brasil;70;100;;editado;2600
1815;D;br_D_saojose;br_D_saojose|docinho;Águia do Vale;Águia do Vale;Docinho;CA;ATT;9;27;180000;R;;Brasil;70;100;;editado;2600
1816;D;br_D_saojose;br_D_saojose|marianamonteiro;Águia do Vale;Águia do Vale;Mariana Monteiro;SA;ATT;9;24;170000;L;;Brasil;70;100;;editado;2600
1817;D;br_D_saojose;br_D_saojose|patriciarocha;Águia do Vale;Águia do Vale;Patrícia Rocha;MEI;MID;8;28;150000;R;;Brasil;70;100;;editado;2200
1818;D;br_D_saojose;br_D_saojose|lorenasiqueira;Águia do Vale;Águia do Vale;Lorena Siqueira;MC;MID;7;20;110000;R;;Brasil;70;100;;editado;1800
1819;D;br_D_saojose;br_D_saojose|carlagomes;Águia do Vale;Águia do Vale;Carla Gomes;CA;ATT;7;22;120000;R;;Brasil;70;100;;editado;1800
1820;D;br_D_saojose;br_D_saojose|vivianenunes;Águia do Vale;Águia do Vale;Viviane Nunes;PE;ATT;7;30;110000;R;;Brasil;70;100;;editado;1800
1821;D;br_D_saojose;br_D_saojose|vanessacavalcanti;Águia do Vale;Águia do Vale;Vanessa Cavalcanti;CA;ATT;7;30;110000;L;;Brasil;70;100;;editado;1800
1822;D;br_D_treze;br_D_treze|leticiaxavier;Galo da Borborema;Galo da Borborema;Letícia Xavier;ZAG;DEF;12;20;260000;R;;Brasil;70;100;;editado;4200
1823;D;br_D_treze;br_D_treze|jaguara;Galo da Borborema;Galo da Borborema;Jaguara;GOL;GK;11;32;190000;R;;Brasil;70;100;;editado;3600
1824;D;br_D_treze;br_D_treze|jaquelinesouza;Galo da Borborema;Galo da Borborema;Jaqueline Souza;LAD;DEF;11;32;190000;L;;Brasil;70;100;;editado;3600
1825;D;br_D_treze;br_D_treze|flaviaguimaraes;Galo da Borborema;Galo da Borborema;Flávia Guimarães;ZAG;DEF;11;30;220000;R;;Brasil;70;100;;editado;3600
1826;D;br_D_treze;br_D_treze|giovanacardoso;Galo da Borborema;Galo da Borborema;Giovana Cardoso;VOL;MID;11;33;180000;R;;Brasil;70;100;;editado;3600
1827;D;br_D_treze;br_D_treze|nataliapinto;Galo da Borborema;Galo da Borborema;Natália Pinto;MC;MID;11;28;240000;R;;Brasil;70;100;;editado;3600
1828;D;br_D_treze;br_D_treze|deboraribeiro;Galo da Borborema;Galo da Borborema;Débora Ribeiro;CA;ATT;11;23;230000;R;;Brasil;70;100;;editado;3600
1829;D;br_D_treze;br_D_treze|alinegomes;Galo da Borborema;Galo da Borborema;Aline Gomes;PE;ATT;11;29;230000;L;;Brasil;70;100;;editado;3600
1830;D;br_D_treze;br_D_treze|karinamoreira;Galo da Borborema;Galo da Borborema;Karina Moreira;LAE;DEF;10;31;160000;R;;Brasil;70;100;;editado;3000
1831;D;br_D_treze;br_D_treze|nataliabarbosa;Galo da Borborema;Galo da Borborema;Natália Barbosa;ZAG;DEF;10;24;190000;R;;Brasil;70;100;;editado;3000
1832;D;br_D_treze;br_D_treze|vitoriacarvalho;Galo da Borborema;Galo da Borborema;Vitória Carvalho;MC;MID;10;23;190000;R;;Brasil;70;100;;editado;3000
1833;D;br_D_treze;br_D_treze|michelemonteiro;Galo da Borborema;Galo da Borborema;Michele Monteiro;CA;ATT;10;25;190000;L;;Brasil;70;100;;editado;3000
1834;D;br_D_treze;br_D_treze|yasminaraujo;Galo da Borborema;Galo da Borborema;Yasmin Araújo;ZAG;DEF;9;21;160000;R;;Brasil;70;100;;editado;2600
1835;D;br_D_treze;br_D_treze|anacavalcanti;Galo da Borborema;Galo da Borborema;Ana Cavalcanti;ZAG;DEF;9;27;180000;R;;Brasil;70;100;;editado;2600
1836;D;br_D_treze;br_D_treze|cristinateixeira;Galo da Borborema;Galo da Borborema;Cristina Teixeira;MEI;MID;9;30;150000;R;;Brasil;70;100;;editado;2600
1837;D;br_D_treze;br_D_treze|francieleguimaraes;Galo da Borborema;Galo da Borborema;Franciele Guimarães;MEI;MID;9;20;150000;R;;Brasil;70;100;;editado;2600
1838;D;br_D_treze;br_D_treze|larissamoreira;Galo da Borborema;Galo da Borborema;Larissa Moreira;GOL;GK;8;32;120000;R;;Brasil;70;100;;editado;2200
1839;D;br_D_treze;br_D_treze|francielemoreira;Galo da Borborema;Galo da Borborema;Franciele Moreira;VOL;MID;7;25;120000;R;;Brasil;70;100;;editado;1800
1840;D;br_D_treze;br_D_treze|valentinanascimento;Galo da Borborema;Galo da Borborema;Valentina Nascimento;VOL;MID;7;32;100000;R;;Brasil;70;100;;editado;1800
1841;D;br_D_treze;br_D_treze|isabelamelo;Galo da Borborema;Galo da Borborema;Isabela Melo;PD;ATT;7;27;130000;R;;Brasil;70;100;;editado;1800
1842;D;br_D_uberlandia;br_D_uberlandia|simoneoliveira;Alviverde Mineiro;Alviverde Mineiro;Simone Oliveira;ZAG;DEF;12;28;290000;R;;Brasil;70;100;;editado;4200
1843;D;br_D_uberlandia;br_D_uberlandia|vivianebezerra;Alviverde Mineiro;Alviverde Mineiro;Viviane Bezerra;LAE;DEF;12;23;280000;R;;Brasil;70;100;;editado;4200
1844;D;br_D_uberlandia;br_D_uberlandia|anaxavier;Alviverde Mineiro;Alviverde Mineiro;Ana Xavier;LAD;DEF;12;31;250000;R;;Brasil;70;100;;editado;4200
1845;D;br_D_uberlandia;br_D_uberlandia|gislainemonteiro;Alviverde Mineiro;Alviverde Mineiro;Gislaine Monteiro;MC;MID;12;21;270000;L;;Brasil;70;100;;editado;4200
1846;D;br_D_uberlandia;br_D_uberlandia|cristinamoreira;Alviverde Mineiro;Alviverde Mineiro;Cristina Moreira;MC;MID;12;23;280000;L;;Brasil;70;100;;editado;4200
1847;D;br_D_uberlandia;br_D_uberlandia|luizapeixoto;Alviverde Mineiro;Alviverde Mineiro;Luíza Peixoto;CA;ATT;12;29;270000;L;;Brasil;70;100;;editado;4200
1848;D;br_D_uberlandia;br_D_uberlandia|alinerodrigues;Alviverde Mineiro;Alviverde Mineiro;Aline Rodrigues;GOL;GK;11;23;230000;L;;Brasil;70;100;;editado;3600
1849;D;br_D_uberlandia;br_D_uberlandia|flaviamachado;Alviverde Mineiro;Alviverde Mineiro;Flávia Machado;VOL;MID;11;24;240000;R;;Brasil;70;100;;editado;3600
1850;D;br_D_uberlandia;br_D_uberlandia|cristinanunes;Alviverde Mineiro;Alviverde Mineiro;Cristina Nunes;PE;ATT;11;24;240000;R;;Brasil;70;100;;editado;3600
1851;D;br_D_uberlandia;br_D_uberlandia|patriciamoreira;Alviverde Mineiro;Alviverde Mineiro;Patrícia Moreira;LAD;DEF;10;24;190000;R;;Brasil;70;100;;editado;3000
1852;D;br_D_uberlandia;br_D_uberlandia|lorenabarbosa;Alviverde Mineiro;Alviverde Mineiro;Lorena Barbosa;ZAG;DEF;10;24;190000;R;;Brasil;70;100;;editado;3000
1853;D;br_D_uberlandia;br_D_uberlandia|sandrapinto;Alviverde Mineiro;Alviverde Mineiro;Sandra Pinto;VOL;MID;10;33;150000;R;;Brasil;70;100;;editado;3000
1854;D;br_D_uberlandia;br_D_uberlandia|fernandarocha;Alviverde Mineiro;Alviverde Mineiro;Fernanda Rocha;VOL;MID;10;22;180000;R;;Brasil;70;100;;editado;3000
1855;D;br_D_uberlandia;br_D_uberlandia|amandacosta;Alviverde Mineiro;Alviverde Mineiro;Amanda Costa;PD;ATT;10;21;180000;R;;Brasil;70;100;;editado;3000
1856;D;br_D_uberlandia;br_D_uberlandia|francieleferreira;Alviverde Mineiro;Alviverde Mineiro;Franciele Ferreira;MEI;MID;9;29;160000;R;;Brasil;70;100;;editado;2600
1857;D;br_D_uberlandia;br_D_uberlandia|flaviabezerra;Alviverde Mineiro;Alviverde Mineiro;Flávia Bezerra;CA;ATT;8;27;150000;L;;Brasil;70;100;;editado;2200
1858;D;br_D_uberlandia;br_D_uberlandia|encrenqueira;Alviverde Mineiro;Alviverde Mineiro;Encrenqueira;GOL;GK;7;26;130000;R;;Brasil;70;100;;editado;1800
1859;D;br_D_uberlandia;br_D_uberlandia|ingridaraujo;Alviverde Mineiro;Alviverde Mineiro;Ingrid Araújo;ZAG;DEF;7;29;120000;L;;Brasil;70;100;;editado;1800
1860;D;br_D_uberlandia;br_D_uberlandia|gislainecarvalho;Alviverde Mineiro;Alviverde Mineiro;Gislaine Carvalho;MEI;MID;7;27;130000;R;;Brasil;70;100;;editado;1800
1861;D;br_D_uberlandia;br_D_uberlandia|helenapeixoto;Alviverde Mineiro;Alviverde Mineiro;Helena Peixoto;SA;ATT;7;27;130000;R;;Brasil;70;100;;editado;1800
1862;D;br_D_veloclube;br_D_veloclube|gabrielatavares;Galo Rubro-Verde;Galo Rubro-Verde;Gabriela Tavares;ZAG;DEF;12;21;270000;L;;Brasil;70;100;;editado;4200
1863;D;br_D_veloclube;br_D_veloclube|adrianasouza;Galo Rubro-Verde;Galo Rubro-Verde;Adriana Souza;MEI;MID;12;29;270000;R;;Brasil;70;100;;editado;4200
1864;D;br_D_veloclube;br_D_veloclube|priscilamonteiro;Galo Rubro-Verde;Galo Rubro-Verde;Priscila Monteiro;PE;ATT;12;20;260000;R;;Brasil;70;100;;editado;4200
1865;D;br_D_veloclube;br_D_veloclube|yasminalmeida;Galo Rubro-Verde;Galo Rubro-Verde;Yasmin Almeida;ZAG;DEF;11;32;190000;R;;Brasil;70;100;;editado;3600
1866;D;br_D_veloclube;br_D_veloclube|camilapereira;Galo Rubro-Verde;Galo Rubro-Verde;Camila Pereira;ZAG;DEF;11;32;190000;R;;Brasil;70;100;;editado;3600
1867;D;br_D_veloclube;br_D_veloclube|talitasiqueira;Galo Rubro-Verde;Galo Rubro-Verde;Talita Siqueira;VOL;MID;11;24;240000;R;;Brasil;70;100;;editado;3600
1868;D;br_D_veloclube;br_D_veloclube|biancaferreira;Galo Rubro-Verde;Galo Rubro-Verde;Bianca Ferreira;MEI;MID;11;22;230000;R;;Brasil;70;100;;editado;3600
1869;D;br_D_veloclube;br_D_veloclube|mariateixeira;Galo Rubro-Verde;Galo Rubro-Verde;Maria Teixeira;PD;ATT;11;24;240000;R;;Brasil;70;100;;editado;3600
1870;D;br_D_veloclube;br_D_veloclube|fabianamartins;Galo Rubro-Verde;Galo Rubro-Verde;Fabiana Martins;PE;ATT;11;26;250000;R;;Brasil;70;100;;editado;3600
1871;D;br_D_veloclube;br_D_veloclube|jaquelinemachado;Galo Rubro-Verde;Galo Rubro-Verde;Jaqueline Machado;LAE;DEF;10;24;190000;R;;Brasil;70;100;;editado;3000
1872;D;br_D_veloclube;br_D_veloclube|fabianarodrigues;Galo Rubro-Verde;Galo Rubro-Verde;Fabiana Rodrigues;LAD;DEF;10;33;150000;R;;Brasil;70;100;;editado;3000
1873;D;br_D_veloclube;br_D_veloclube|ingridribeiro;Galo Rubro-Verde;Galo Rubro-Verde;Ingrid Ribeiro;SA;ATT;10;33;150000;R;;Brasil;70;100;;editado;3000
1874;D;br_D_veloclube;br_D_veloclube|marianabezerra;Galo Rubro-Verde;Galo Rubro-Verde;Mariana Bezerra;GOL;GK;9;21;160000;L;;Brasil;70;100;;editado;2600
1875;D;br_D_veloclube;br_D_veloclube|luanamonteiro;Galo Rubro-Verde;Galo Rubro-Verde;Luana Monteiro;LAD;DEF;9;32;140000;R;;Brasil;70;100;;editado;2600
1876;D;br_D_veloclube;br_D_veloclube|julianateixeira;Galo Rubro-Verde;Galo Rubro-Verde;Juliana Teixeira;CA;ATT;9;23;160000;R;;Brasil;70;100;;editado;2600
1877;D;br_D_veloclube;br_D_veloclube|jessicamelo;Galo Rubro-Verde;Galo Rubro-Verde;Jéssica Melo;CA;ATT;9;33;130000;R;;Brasil;70;100;;editado;2600
1878;D;br_D_veloclube;br_D_veloclube|nataliamartins;Galo Rubro-Verde;Galo Rubro-Verde;Natália Martins;ZAG;DEF;8;21;140000;R;;Brasil;70;100;;editado;2200
1879;D;br_D_veloclube;br_D_veloclube|lorenacosta;Galo Rubro-Verde;Galo Rubro-Verde;Lorena Costa;VOL;MID;8;24;140000;R;;Brasil;70;100;;editado;2200
1880;D;br_D_veloclube;br_D_veloclube|raquellima;Galo Rubro-Verde;Galo Rubro-Verde;Raquel Lima;GOL;GK;7;33;90000;L;;Brasil;70;100;;editado;1800
1881;D;br_D_veloclube;br_D_veloclube|anadias;Galo Rubro-Verde;Galo Rubro-Verde;Ana Dias;MC;MID;7;22;120000;R;;Brasil;70;100;;editado;1800
1882;D;br_D_xvdepiracicaba;br_D_xvdepiracicaba|thaisfarias;Quinzão Alvinegro;Quinzão Alvinegro;Thaís Farias;PD;ATT;12;30;260000;R;;Brasil;70;100;;editado;4200
1883;D;br_D_xvdepiracicaba;br_D_xvdepiracicaba|michelesantos;Quinzão Alvinegro;Quinzão Alvinegro;Michele Santos;CA;ATT;12;22;270000;R;;Brasil;70;100;;editado;4200
1884;D;br_D_xvdepiracicaba;br_D_xvdepiracicaba|gabrielacarvalho;Quinzão Alvinegro;Quinzão Alvinegro;Gabriela Carvalho;LAE;DEF;11;21;220000;L;;Brasil;70;100;;editado;3600
1885;D;br_D_xvdepiracicaba;br_D_xvdepiracicaba|tatianapinto;Quinzão Alvinegro;Quinzão Alvinegro;Tatiana Pinto;VOL;MID;11;26;250000;R;;Brasil;70;100;;editado;3600
1886;D;br_D_xvdepiracicaba;br_D_xvdepiracicaba|elainecosta;Quinzão Alvinegro;Quinzão Alvinegro;Elaine Costa;PE;ATT;11;20;220000;L;;Brasil;70;100;;editado;3600
1887;D;br_D_xvdepiracicaba;br_D_xvdepiracicaba|fera;Quinzão Alvinegro;Quinzão Alvinegro;Selvagem;VOL;MID;10;31;160000;R;;Brasil;70;100;;editado;3000
1888;D;br_D_xvdepiracicaba;br_D_xvdepiracicaba|alinemachado;Quinzão Alvinegro;Quinzão Alvinegro;Aline Machado;SA;ATT;10;26;200000;R;;Brasil;70;100;;editado;3000
1889;D;br_D_xvdepiracicaba;br_D_xvdepiracicaba|luizatavares;Quinzão Alvinegro;Quinzão Alvinegro;Luíza Tavares;PE;ATT;10;26;200000;R;;Brasil;70;100;;editado;3000
1890;D;br_D_xvdepiracicaba;br_D_xvdepiracicaba|luizafarias;Quinzão Alvinegro;Quinzão Alvinegro;Luíza Farias;ZAG;DEF;9;20;150000;R;;Brasil;70;100;;editado;2600
1891;D;br_D_xvdepiracicaba;br_D_xvdepiracicaba|cristinasantos;Quinzão Alvinegro;Quinzão Alvinegro;Cristina Santos;LAD;DEF;9;26;170000;L;;Brasil;70;100;;editado;2600
1892;D;br_D_xvdepiracicaba;br_D_xvdepiracicaba|sorriso;Quinzão Alvinegro;Quinzão Alvinegro;Sorriso;MEI;MID;9;28;170000;R;;Brasil;70;100;;editado;2600
1893;D;br_D_xvdepiracicaba;br_D_xvdepiracicaba|india;Quinzão Alvinegro;Quinzão Alvinegro;Índia;GOL;GK;8;23;140000;R;;Brasil;70;100;;editado;2200
1894;D;br_D_xvdepiracicaba;br_D_xvdepiracicaba|carolinacosta;Quinzão Alvinegro;Quinzão Alvinegro;Carolina Costa;ZAG;DEF;8;21;140000;R;;Brasil;70;100;;editado;2200
1895;D;br_D_xvdepiracicaba;br_D_xvdepiracicaba|marianasouza;Quinzão Alvinegro;Quinzão Alvinegro;Mariana Souza;ZAG;DEF;7;25;120000;R;;Brasil;70;100;;editado;1800
1896;D;br_D_xvdepiracicaba;br_D_xvdepiracicaba|fernandamartins;Quinzão Alvinegro;Quinzão Alvinegro;Fernanda Martins;MC;MID;7;24;120000;R;;Brasil;70;100;;editado;1800
1897;D;br_D_xvdepiracicaba;br_D_xvdepiracicaba|ingridsantos;Quinzão Alvinegro;Quinzão Alvinegro;Ingrid Santos;CA;ATT;7;23;120000;L;;Brasil;70;100;;editado;1800
1898;D;br_D_xvdepiracicaba;br_D_xvdepiracicaba|beatriztavares;Quinzão Alvinegro;Quinzão Alvinegro;Beatriz Tavares;MC;MID;7;21;110000;L;;Brasil;70;100;;editado;1800
1899;D;br_D_xvdepiracicaba;br_D_xvdepiracicaba|leticianunes;Quinzão Alvinegro;Quinzão Alvinegro;Letícia Nunes;GOL;GK;7;21;110000;R;;Brasil;70;100;;editado;1800
1900;D;br_D_xvdepiracicaba;br_D_xvdepiracicaba|raquelbarbosa;Quinzão Alvinegro;Quinzão Alvinegro;Raquel Barbosa;ZAG;DEF;6;24;100000;R;;Brasil;70;100;;editado;1400
1901;D;br_D_xvdepiracicaba;br_D_xvdepiracicaba|ligeirinha;Quinzão Alvinegro;Quinzão Alvinegro;Ligeirinha;MC;MID;6;21;90000;R;;Brasil;70;100;;editado;1400
