linha;serie;clube_id;jogador_chave;clube;clube_curto;jogador;posicao;setor;forca;idade;valor_brl;pe;numero;nacionalidade;moral;energia;homonimo;no_patch;salario_semanal
1;A;679;679|kevinviveros;Furacão do Sul;Furacão do Sul;Raimundo Lima;CA;ATT;81;28;74490000;R;9;Brasil;70;100;;editado;458000
2;A;679;679|bruninho;Furacão do Sul;Furacão do Sul;Lucas Barbosa;PD;ATT;78;19;53840000;L;48;Brasil;70;100;;editado;380000
3;A;679;679|lucasesquivel;Furacão do Sul;Furacão do Sul;Leandro Bezerra;LAE;DEF;78;33;45990000;L;37;Brasil;70;100;;editado;380000
4;A;679;679|juanportilla;Furacão do Sul;Furacão do Sul;Samuel Freitas;MC;MID;76;26;54980000;R;27;Brasil;70;100;;editado;340000
5;A;679;679|dudu;Furacão do Sul;Furacão do Sul;Matheus Melo;MEI;MID;76;28;53480000;L;53;Brasil;70;100;;editado;340000
6;A;679;679|brunozapelli;Furacão do Sul;Furacão do Sul;Vitor Barbosa;MEI;MID;75;34;35960000;R;10;Brasil;70;100;;editado;320000
7;A;679;679|gastonbenavidez;Furacão do Sul;Furacão do Sul;Gustavo Cavalcanti;LAD;DEF;74;21;43650000;R;29;Brasil;70;100;;editado;300000
8;A;679;679|arthurdias;Furacão do Sul;Furacão do Sul;Yuri Vieira;ZAG;DEF;73;31;37310000;L;4;Brasil;70;100;;editado;280000
9;A;679;679|chiqueti;Furacão do Sul;Furacão do Sul;José Pereira;MEI;MID;73;23;42190000;B;47;Brasil;70;100;;editado;280000
10;A;679;679|leoderik;Furacão do Sul;Furacão do Sul;Hugo Cardoso;LAE;DEF;71;25;37100000;L;6;Brasil;70;100;;editado;240000
11;A;679;679|gilberto;Furacão do Sul;Furacão do Sul;José Andrade;LAD;DEF;70;21;31180000;R;12;Brasil;70;100;;editado;220000
12;A;679;679|joaocruz;Furacão do Sul;Furacão do Sul;Paulo Farias;MC;MID;70;32;27120000;R;8;Brasil;70;100;;editado;220000
13;A;679;679|jorgerivaldo;Furacão do Sul;Furacão do Sul;Nathan Moreira;CA;ATT;70;34;23980000;R;7;Brasil;70;100;;editado;220000
14;A;679;679|mycael;Furacão do Sul;Furacão do Sul;Júlio Ferreira;GOL;GK;70;20;30550000;L;1;Brasil;70;100;;editado;220000
15;A;679;679|carlosteran;Furacão do Sul;Furacão do Sul;Fábio Monteiro;ZAG;DEF;70;33;25550000;R;22;Brasil;70;100;;editado;220000
16;A;679;679|gilbertojunior;Furacão do Sul;Furacão do Sul;Vitor Pinto;LAD;DEF;70;26;34360000;R;2;Brasil;70;100;;editado;220000
17;A;679;679|renanpeixoto;Furacão do Sul;Furacão do Sul;José Dias;CA;ATT;68;32;24490000;R;70;Brasil;70;100;;editado;202000
18;A;679;679|juanfelipeaguirre;Furacão do Sul;Furacão do Sul;Wesley Araújo;ZAG;DEF;68;27;31600000;R;33;Brasil;70;100;;editado;202000
19;A;679;679|isaac;Furacão do Sul;Furacão do Sul;Igor Moreira;PE;ATT;66;29;25660000;R;11;Brasil;70;100;;editado;184000
20;A;679;679|leo;Furacão do Sul;Furacão do Sul;Samuel Nascimento;ZAG;DEF;66;22;25640000;L;3;Brasil;70;100;;editado;184000
21;A;679;679|jadson;Furacão do Sul;Furacão do Sul;Alex Lima;MC;MID;65;25;25540000;R;16;Brasil;70;100;;editado;175000
22;A;679;679|felipinho;Furacão do Sul;Furacão do Sul;Adriano Ribeiro;MC;MID;65;20;23130000;L;5;Brasil;70;100;;editado;175000
23;A;679;679|leozinho;Furacão do Sul;Furacão do Sul;Lucas Carvalho;PD;ATT;63;32;17900000;L;21;Brasil;70;100;;editado;157000
24;A;679;679|alejandrogarcia;Furacão do Sul;Furacão do Sul;Antônio Carvalho;MC;MID;63;21;20580000;R;17;Brasil;70;100;;editado;157000
25;A;679;679|eduardo;Furacão do Sul;Furacão do Sul;Samuel Xavier;LAD;DEF;63;28;22060000;R;30;Brasil;70;100;;editado;157000
26;A;679;679|stivenmendoza;Furacão do Sul;Furacão do Sul;Tiago Rocha;PE;ATT;61;33;14380000;L;7;Brasil;70;100;;editado;139000
27;A;679;679|hayenpalacios;Furacão do Sul;Furacão do Sul;Thiago Rodrigues;LAD;DEF;60;34;12330000;R;37;Brasil;70;100;;editado;130000
28;A;679;679|romeobenitez;Furacão do Sul;Furacão do Sul;Douglas Guimarães;PE;ATT;60;21;16040000;R;33;Brasil;70;100;;editado;130000
29;A;679;679|santos;Furacão do Sul;Furacão do Sul;Vagner Batista;GOL;GK;59;22;15550000;R;23;Brasil;70;100;;editado;124800
30;A;679;679|danielaguilar;Furacão do Sul;Furacão do Sul;Paulo Pereira;PE;ATT;57;21;13630000;L;8;Brasil;70;100;;editado;114400
31;A;330;330|renanlodi;Alvinegro Mineiro;Alvinegro Mineiro;Kaique Araújo;LAE;DEF;81;28;74490000;L;16;Brasil;70;100;;editado;458000
32;A;330;330|mateocassierra;Alvinegro Mineiro;Alvinegro Mineiro;Adriano Nascimento;CA;ATT;79;20;58040000;R;9;Brasil;70;100;;editado;400000
33;A;330;330|victorhugo;Alvinegro Mineiro;Alvinegro Mineiro;Francisco Correia;MC;MID;78;24;59560000;L;30;Brasil;70;100;;editado;380000
34;A;330;330|tomascuello;Alvinegro Mineiro;Alvinegro Mineiro;Alex Monteiro;PE;ATT;77;33;43440000;R;28;Brasil;70;100;;editado;360000
35;A;330;330|alexsander;Alvinegro Mineiro;Alvinegro Mineiro;Dola;VOL;MID;77;27;59500000;L;5;Brasil;70;100;;editado;360000
36;A;330;330|natanael;Alvinegro Mineiro;Alvinegro Mineiro;Otávio Costa;LAD;DEF;75;32;40690000;R;2;Brasil;70;100;;editado;320000
37;A;330;330|gustavoscarpa;Alvinegro Mineiro;Alvinegro Mineiro;Júlio Silva;MEI;MID;75;24;49640000;L;10;Brasil;70;100;;editado;320000
38;A;330;330|alanfranco;Alvinegro Mineiro;Alvinegro Mineiro;Kaique Gomes;MC;MID;75;23;48680000;R;21;Brasil;70;100;;editado;320000
39;A;330;330|lyanco;Alvinegro Mineiro;Alvinegro Mineiro;Wesinho;ZAG;DEF;75;27;52500000;R;13;Brasil;70;100;;editado;320000
40;A;330;330|ruan;Alvinegro Mineiro;Alvinegro Mineiro;João Melo;ZAG;DEF;75;24;49640000;R;4;Brasil;70;100;;editado;320000
41;A;330;330|angelopreciado;Alvinegro Mineiro;Alvinegro Mineiro;Robson Araújo;LAD;DEF;74;30;42380000;R;23;Brasil;70;100;;editado;300000
42;A;330;330|alanminda;Alvinegro Mineiro;Alvinegro Mineiro;Otávio Carvalho;PD;ATT;73;33;33220000;R;27;Brasil;70;100;;editado;280000
43;A;330;330|tomasperez;Alvinegro Mineiro;Alvinegro Mineiro;Maicon Machado;VOL;MID;73;24;43020000;R;25;Brasil;70;100;;editado;280000
44;A;330;330|leoduarte;Alvinegro Mineiro;Alvinegro Mineiro;Felipe Dias;ZAG;DEF;71;32;29840000;R;15;Brasil;70;100;;editado;240000
45;A;330;330|igorgomes;Alvinegro Mineiro;Alvinegro Mineiro;Robinho Andrade;MEI;MID;71;19;32900000;R;17;Brasil;70;100;;editado;240000
46;A;330;330|reinier;Alvinegro Mineiro;Alvinegro Mineiro;Rafael Melo;MEI;MID;70;28;33420000;R;19;Brasil;70;100;;editado;220000
47;A;330;330|maycon;Alvinegro Mineiro;Alvinegro Mineiro;Júlio Machado;MC;MID;70;31;28700000;L;8;Brasil;70;100;;editado;220000
48;A;330;330|ivanroman;Alvinegro Mineiro;Alvinegro Mineiro;Cícero Almeida;ZAG;DEF;68;29;28760000;R;3;Brasil;70;100;;editado;202000
49;A;330;330|junioralonso;Alvinegro Mineiro;Alvinegro Mineiro;Paulo Costa;ZAG;DEF;68;31;25910000;L;6;Brasil;70;100;;editado;202000
50;A;330;330|patrick;Alvinegro Mineiro;Alvinegro Mineiro;Nathan Silva;VOL;MID;68;31;25910000;L;20;Brasil;70;100;;editado;202000
51;A;330;330|mamadycisse;Alvinegro Mineiro;Alvinegro Mineiro;Vinícius Cavalcanti;MC;MID;65;22;24090000;R;39;Brasil;70;100;;editado;175000
52;A;330;330|everson;Alvinegro Mineiro;Alvinegro Mineiro;Marcos Santos;GOL;GK;64;23;23000000;R;22;Brasil;70;100;;editado;166000
53;A;330;330|dudu;Alvinegro Mineiro;Alvinegro Mineiro;Valdir Araújo;PE;ATT;63;28;22060000;R;92;Brasil;70;100;;editado;157000
54;A;330;330|bernard;Alvinegro Mineiro;Alvinegro Mineiro;Robson Ferreira;PE;ATT;61;31;16150000;R;11;Brasil;70;100;;editado;139000
55;A;330;330|pedrocobra;Alvinegro Mineiro;Alvinegro Mineiro;Jean Lima;GOL;GK;61;26;19340000;R;46;Brasil;70;100;;editado;139000
56;A;330;330|cauasoares;Alvinegro Mineiro;Alvinegro Mineiro;Francisco Cavalcanti;SA;ATT;60;19;15380000;R;29;Brasil;70;100;;editado;130000
57;A;330;330|vitorhugo;Alvinegro Mineiro;Alvinegro Mineiro;Alan Ribeiro;ZAG;DEF;60;30;15570000;L;14;Brasil;70;100;;editado;130000
58;A;330;330|kauapascini;Alvinegro Mineiro;Alvinegro Mineiro;Samuel Santos;LAE;DEF;60;25;17350000;L;36;Brasil;70;100;;editado;130000
59;A;330;330|romulo;Alvinegro Mineiro;Alvinegro Mineiro;Wagner Vieira;ZAG;DEF;59;28;16330000;R;34;Brasil;70;100;;editado;124800
60;A;330;330|vitao;Alvinegro Mineiro;Alvinegro Mineiro;Douglas Lima;ZAG;DEF;57;26;15020000;R;40;Brasil;70;100;;editado;114400
61;A;10010;10010|lucianojuba;Tricolor Baiano;Tricolor Baiano;Wesley Machado;LAE;DEF;83;31;77080000;L;46;Brasil;70;100;;editado;534000
62;A;10010;10010|jeanlucas;Tricolor Baiano;Tricolor Baiano;Lucas Pinto;MC;MID;83;19;80330000;R;6;Brasil;70;100;;editado;534000
63;A;10010;10010|santiagoramosmingo;Tricolor Baiano;Tricolor Baiano;Wallace Monteiro;ZAG;DEF;82;21;76620000;L;21;Brasil;70;100;;editado;496000
64;A;10010;10010|erickpulga;Tricolor Baiano;Tricolor Baiano;Paulo Barbosa;PE;ATT;81;34;53430000;R;16;Brasil;70;100;;editado;458000
65;A;10010;10010|ruanpablo;Tricolor Baiano;Tricolor Baiano;Eduardo Silva;PE;ATT;79;19;56830000;B;52;Brasil;70;100;;editado;400000
66;A;10010;10010|caioalexandre;Tricolor Baiano;Tricolor Baiano;Júlio Barbosa;VOL;MID;78;28;60160000;R;8;Brasil;70;100;;editado;380000
67;A;10010;10010|rodrigonestor;Tricolor Baiano;Tricolor Baiano;Leonardo Guimarães;MC;MID;78;26;61850000;L;11;Brasil;70;100;;editado;380000
68;A;10010;10010|nicolasacevedo;Tricolor Baiano;Tricolor Baiano;Tiago Vieira;VOL;MID;77;23;55170000;R;26;Brasil;70;100;;editado;360000
69;A;10010;10010|cristianolivera;Tricolor Baiano;Tricolor Baiano;Samuel Vieira;PD;ATT;76;23;51930000;R;99;Brasil;70;100;;editado;340000
70;A;10010;10010|dell;Tricolor Baiano;Tricolor Baiano;Júlio Batista;CA;ATT;75;34;35960000;R;89;Brasil;70;100;;editado;320000
71;A;10010;10010|alejoveliz;Tricolor Baiano;Tricolor Baiano;Otávio Melo;CA;ATT;75;27;52500000;R;9;Brasil;70;100;;editado;320000
72;A;10010;10010|erick;Tricolor Baiano;Tricolor Baiano;Marcos Tavares;VOL;MID;75;23;48680000;R;14;Brasil;70;100;;editado;320000
73;A;10010;10010|iago;Tricolor Baiano;Tricolor Baiano;Emerson Bezerra;LAE;DEF;74;30;42380000;L;25;Brasil;70;100;;editado;300000
74;A;10010;10010|kanu;Tricolor Baiano;Tricolor Baiano;Matheus Teixeira;ZAG;DEF;73;19;38880000;R;4;Brasil;70;100;;editado;280000
75;A;10010;10010|michelaraujo;Tricolor Baiano;Tricolor Baiano;Lucas Siqueira;PD;ATT;71;26;37800000;L;15;Brasil;70;100;;editado;240000
76;A;10010;10010|mateosanabria;Tricolor Baiano;Tricolor Baiano;Anderson Gomes;PE;ATT;70;31;28700000;R;23;Brasil;70;100;;editado;220000
77;A;10010;10010|ronaldo;Tricolor Baiano;Tricolor Baiano;Fernando Monteiro;GOL;GK;70;26;34360000;R;1;Brasil;70;100;;editado;220000
78;A;10010;10010|romangomez;Tricolor Baiano;Tricolor Baiano;Robinho Monteiro;LAD;DEF;68;24;29880000;R;31;Brasil;70;100;;editado;202000
79;A;10010;10010|davidduarte;Tricolor Baiano;Tricolor Baiano;Leleco;ZAG;DEF;68;28;30180000;R;33;Brasil;70;100;;editado;202000
80;A;10010;10010|ademir;Tricolor Baiano;Tricolor Baiano;Alan Nascimento;PD;ATT;66;24;26660000;L;7;Brasil;70;100;;editado;184000
81;A;10010;10010|willianjose;Tricolor Baiano;Tricolor Baiano;Rafael Almeida;CA;ATT;66;21;25120000;R;12;Brasil;70;100;;editado;184000
82;A;10010;10010|evertonribeiro;Tricolor Baiano;Tricolor Baiano;Valdir Bezerra;MEI;MID;65;28;25310000;L;10;Brasil;70;100;;editado;175000
83;A;10010;10010|marcomoreno;Tricolor Baiano;Tricolor Baiano;Nathinho;ZAG;DEF;64;21;22090000;R;3;Brasil;70;100;;editado;166000
84;A;10010;10010|luizgustavo;Tricolor Baiano;Tricolor Baiano;Maicon Tavares;ZAG;DEF;61;33;14380000;L;43;Brasil;70;100;;editado;139000
85;A;10010;10010|marcosvictor;Tricolor Baiano;Tricolor Baiano;Wagner Dias;ZAG;DEF;59;27;17100000;R;44;Brasil;70;100;;editado;124800
86;A;10010;10010|zeguilherme;Tricolor Baiano;Tricolor Baiano;Diego Vieira;LAE;DEF;59;30;14790000;L;66;Brasil;70;100;;editado;124800
87;A;10010;10010|everaldo;Tricolor Baiano;Tricolor Baiano;Alex Cavalcanti;CA;ATT;58;32;12560000;R;27;Brasil;70;100;;editado;119600
88;A;10010;10010|rogergabriel;Tricolor Baiano;Tricolor Baiano;Matheus Souza;MEI;MID;57;20;13350000;B;80;Brasil;70;100;;editado;114400
89;A;10010;10010|fredigomes;Tricolor Baiano;Tricolor Baiano;Pedrão;ZAG;DEF;55;28;12890000;L;83;Brasil;70;100;;editado;104000
90;A;10010;10010|victor;Tricolor Baiano;Tricolor Baiano;Leandro Xavier;GOL;GK;54;20;11000000;R;61;Brasil;70;100;;editado;98800
91;A;537;537|danilo;Alvinegro Carioca;Alvinegro Carioca;Eduardo Costa;MC;MID;89;19;121350000;L;8;Brasil;70;100;;editado;762000
92;A;537;537|alvaromontoro;Alvinegro Carioca;Alvinegro Carioca;Marcos Pereira;PE;ATT;81;25;75160000;R;10;Brasil;70;100;;editado;458000
93;A;537;537|vitinho;Alvinegro Carioca;Alvinegro Carioca;Evertinho;LAD;DEF;80;25;67450000;R;2;Brasil;70;100;;editado;420000
94;A;537;537|cristianmedina;Alvinegro Carioca;Alvinegro Carioca;Danilo Bezerra;MC;MID;80;25;67450000;R;6;Brasil;70;100;;editado;420000
95;A;537;537|arthurcabral;Alvinegro Carioca;Alvinegro Carioca;Pedro Correia;CA;ATT;80;23;64910000;R;19;Brasil;70;100;;editado;420000
96;A;537;537|matheusmartins;Alvinegro Carioca;Alvinegro Carioca;Gabriel Araújo;PE;ATT;77;29;54140000;R;11;Brasil;70;100;;editado;360000
97;A;537;537|santiagorodriguez;Alvinegro Carioca;Alvinegro Carioca;Kaique Ribeiro;MEI;MID;77;19;50850000;R;23;Brasil;70;100;;editado;360000
98;A;537;537|nahuelferraresi;Alvinegro Carioca;Alvinegro Carioca;Robson Monteiro;ZAG;DEF;75;22;47730000;R;5;Brasil;70;100;;editado;320000
99;A;537;537|nathanfernandes;Alvinegro Carioca;Alvinegro Carioca;Márcio Barbosa;PD;ATT;75;32;40690000;R;16;Brasil;70;100;;editado;320000
100;A;537;537|juniorsantos;Alvinegro Carioca;Alvinegro Carioca;Duguinho;PD;ATT;73;28;43450000;R;17;Brasil;70;100;;editado;280000
101;A;537;537|newton;Alvinegro Carioca;Alvinegro Carioca;Márcio Correia;VOL;MID;73;32;35260000;R;28;Brasil;70;100;;editado;280000
102;A;537;537|alextelles;Alvinegro Carioca;Alvinegro Carioca;Denilson Freitas;LAE;DEF;72;23;38950000;L;13;Brasil;70;100;;editado;260000
103;A;537;537|leolinck;Alvinegro Carioca;Alvinegro Carioca;Fernando Batista;GOL;GK;71;23;35700000;R;24;Brasil;70;100;;editado;240000
104;A;537;537|patrickdepaula;Alvinegro Carioca;Alvinegro Carioca;Paulo Souza;VOL;MID;71;20;33600000;L;12;Brasil;70;100;;editado;240000
105;A;537;537|jordanbarrera;Alvinegro Carioca;Alvinegro Carioca;Paulo Peixoto;MEI;MID;71;26;37800000;R;14;Brasil;70;100;;editado;240000
106;A;537;537|kadirbarria;Alvinegro Carioca;Alvinegro Carioca;Lucas Almeida;CA;ATT;70;31;28700000;R;37;Brasil;70;100;;editado;220000
107;A;537;537|matheusnascimento;Alvinegro Carioca;Alvinegro Carioca;Rafael Santos;CA;ATT;70;25;33730000;R;38;Brasil;70;100;;editado;220000
108;A;537;537|mateoponte;Alvinegro Carioca;Alvinegro Carioca;Robinho Pinto;LAD;DEF;70;28;33420000;R;4;Brasil;70;100;;editado;220000
109;A;537;537|kaio;Alvinegro Carioca;Alvinegro Carioca;Tiago Teixeira;ZAG;DEF;69;23;30880000;R;31;Brasil;70;100;;editado;211000
110;A;537;537|diegohernandez;Alvinegro Carioca;Alvinegro Carioca;Ricardo Batista;PE;ATT;68;22;28730000;L;30;Brasil;70;100;;editado;202000
111;A;537;537|eliasmanoel;Alvinegro Carioca;Alvinegro Carioca;Wallacinho;CA;ATT;68;29;28760000;R;13;Brasil;70;100;;editado;202000
112;A;537;537|lucasvillalba;Alvinegro Carioca;Alvinegro Carioca;Kaique Freitas;PD;ATT;68;22;28730000;R;77;Brasil;70;100;;editado;202000
113;A;537;537|joaquincorrea;Alvinegro Carioca;Alvinegro Carioca;Sebastião Araújo;SA;ATT;68;23;29300000;R;30;Brasil;70;100;;editado;202000
114;A;537;537|wallacedavi;Alvinegro Carioca;Alvinegro Carioca;Carlos Ribeiro;VOL;MID;65;28;25310000;R;55;Brasil;70;100;;editado;175000
115;A;537;537|allan;Alvinegro Carioca;Alvinegro Carioca;Anderson Peixoto;VOL;MID;65;29;24120000;R;25;Brasil;70;100;;editado;175000
116;A;537;537|bastos;Alvinegro Carioca;Alvinegro Carioca;Júlio Andrade;ZAG;DEF;61;30;17040000;R;15;Brasil;70;100;;editado;139000
117;A;537;537|raul;Alvinegro Carioca;Alvinegro Carioca;Bruno Vieira;GOL;GK;59;21;15230000;R;1;Brasil;70;100;;editado;124800
118;A;537;537|cristhianloor;Alvinegro Carioca;Alvinegro Carioca;Antônio Bezerra;GOL;GK;58;19;13840000;R;40;Brasil;70;100;;editado;119600
119;A;537;537|anthony;Alvinegro Carioca;Alvinegro Carioca;Gabriel Ferreira;ZAG;DEF;57;30;13230000;L;26;Brasil;70;100;;editado;114400
120;A;537;537|huguinho;Alvinegro Carioca;Alvinegro Carioca;André Nascimento;VOL;MID;57;21;13630000;R;75;Brasil;70;100;;editado;114400
121;A;8793;8793|juninhocapixaba;Bragança;Bragança;Antônio Freitas;LAE;DEF;79;20;58040000;L;29;Brasil;70;100;;editado;400000
122;A;8793;8793|isidropitta;Bragança;Bragança;Douglas Nunes;CA;ATT;79;29;60520000;R;9;Brasil;70;100;;editado;400000
123;A;8793;8793|lucasbarbosa;Bragança;Bragança;Adriano Silva;PD;ATT;77;19;50850000;L;21;Brasil;70;100;;editado;360000
124;A;8793;8793|rodriguinho;Bragança;Bragança;Marcos Xavier;MEI;MID;77;26;58420000;R;20;Brasil;70;100;;editado;360000
125;A;8793;8793|fabinho;Bragança;Bragança;Vinícius Vieira;VOL;MID;76;29;50960000;R;5;Brasil;70;100;;editado;340000
126;A;8793;8793|ignaciososa;Bragança;Bragança;Pedro Monteiro;MC;MID;76;34;38360000;R;15;Brasil;70;100;;editado;340000
127;A;8793;8793|cleiton;Bragança;Bragança;Paulo Almeida;GOL;GK;76;23;51930000;R;1;Brasil;70;100;;editado;340000
128;A;8793;8793|gustavomarques;Bragança;Bragança;Bruno Teixeira;ZAG;DEF;76;32;43400000;R;4;Brasil;70;100;;editado;340000
129;A;8793;8793|vinicinho;Bragança;Bragança;Sebastião Dias;PE;ATT;74;29;44590000;R;17;Brasil;70;100;;editado;300000
130;A;8793;8793|guzmanrodriguez;Bragança;Bragança;Ricardo Pereira;ZAG;DEF;74;25;47220000;R;2;Brasil;70;100;;editado;300000
131;A;8793;8793|pedrohenrique;Bragança;Bragança;Hugo Batista;ZAG;DEF;74;29;44590000;R;14;Brasil;70;100;;editado;300000
132;A;8793;8793|agustinsantanna;Bragança;Bragança;Wagner Melo;LAD;DEF;74;31;40180000;R;23;Brasil;70;100;;editado;300000
133;A;8793;8793|gustavoneves;Bragança;Bragança;Nathan Nunes;MC;MID;74;34;33560000;R;22;Brasil;70;100;;editado;300000
134;A;8793;8793|ericramires;Bragança;Bragança;Anderson Dias;MC;MID;74;19;41870000;R;7;Brasil;70;100;;editado;300000
135;A;8793;8793|thiagoborbas;Bragança;Bragança;Otávio Teixeira;CA;ATT;74;34;33560000;R;41;Brasil;70;100;;editado;300000
136;A;8793;8793|henrymosquera;Bragança;Bragança;Jean Pereira;PE;ATT;74;28;46800000;R;30;Brasil;70;100;;editado;300000
137;A;8793;8793|vanderlan;Bragança;Bragança;Chiquinho;LAE;DEF;73;27;45500000;L;12;Brasil;70;100;;editado;280000
138;A;8793;8793|joseandreshurtado;Bragança;Bragança;Fábio Rocha;LAD;DEF;73;31;37310000;R;34;Brasil;70;100;;editado;280000
139;A;8793;8793|alix;Bragança;Bragança;Jonathan Oliveira;ZAG;DEF;73;31;37310000;R;4;Brasil;70;100;;editado;280000
140;A;8793;8793|joseherrera;Bragança;Bragança;Marcos Oliveira;PD;ATT;71;21;34300000;L;32;Brasil;70;100;;editado;240000
141;A;8793;8793|fernando;Bragança;Bragança;Bruno Nunes;CA;ATT;68;22;28730000;R;11;Brasil;70;100;;editado;202000
142;A;8793;8793|praxedes;Bragança;Bragança;Jonathan Freitas;MC;MID;66;20;24610000;L;25;Brasil;70;100;;editado;184000
143;A;8793;8793|ryanaugusto;Bragança;Bragança;Samuel Siqueira;LAD;DEF;65;26;26020000;R;52;Brasil;70;100;;editado;175000
144;A;8793;8793|ignaciolaquintana;Bragança;Bragança;Antônio Dias;PD;ATT;65;29;24120000;R;29;Brasil;70;100;;editado;175000
145;A;8793;8793|matheusfernandes;Bragança;Bragança;Denilson Bezerra;VOL;MID;65;19;22650000;R;35;Brasil;70;100;;editado;175000
146;A;8793;8793|bruninho;Bragança;Bragança;Marcos Rodrigues;MEI;MID;65;19;22650000;R;21;Brasil;70;100;;editado;175000
147;A;8793;8793|gabriel;Bragança;Bragança;Wagner Machado;VOL;MID;64;24;23450000;R;6;Brasil;70;100;;editado;166000
148;A;8793;8793|tiagovolpi;Bragança;Bragança;Emerson Cardoso;GOL;GK;64;33;18100000;R;18;Brasil;70;100;;editado;166000
149;A;8793;8793|eduardosasha;Bragança;Bragança;Denilson Farias;CA;ATT;63;21;20580000;R;8;Brasil;70;100;;editado;157000
150;A;8793;8793|eduardo;Bragança;Bragança;Cacá;ZAG;DEF;63;26;22680000;R;3;Brasil;70;100;;editado;157000
151;A;17776;17776|carvalheira;Chapecó FC;Chapecó FC;Igor Xavier;VOL;MID;71;31;31570000;L;99;Brasil;70;100;;editado;240000
152;A;17776;17776|camilo;Chapecó FC;Chapecó FC;Sebastião Gomes;VOL;MID;70;20;30550000;R;27;Brasil;70;100;;editado;220000
153;A;17776;17776|doma;Chapecó FC;Chapecó FC;Renato Guimarães;ZAG;DEF;66;33;20590000;R;3;Brasil;70;100;;editado;184000
154;A;17776;17776|italovargas;Chapecó FC;Chapecó FC;Anderson Freitas;PE;ATT;65;30;22920000;R;77;Brasil;70;100;;editado;175000
155;A;17776;17776|robertsantos;Chapecó FC;Chapecó FC;José Correia;MEI;MID;65;27;26500000;L;8;Brasil;70;100;;editado;175000
156;A;17776;17776|joaovitor;Chapecó FC;Chapecó FC;Ricardo Martins;MC;MID;64;31;20340000;R;5;Brasil;70;100;;editado;166000
157;A;17776;17776|enio;Chapecó FC;Chapecó FC;Antônio Andrade;PE;ATT;63;22;21000000;R;97;Brasil;70;100;;editado;157000
158;A;17776;17776|higormeritao;Chapecó FC;Chapecó FC;Danilo Martins;VOL;MID;63;27;23100000;L;22;Brasil;70;100;;editado;157000
159;A;17776;17776|mauriciogarcez;Chapecó FC;Chapecó FC;Zezinho;PE;ATT;63;29;21020000;R;31;Brasil;70;100;;editado;157000
160;A;17776;17776|victorcaetano;Chapecó FC;Chapecó FC;Diego Silva;ZAG;DEF;63;32;17900000;R;25;Brasil;70;100;;editado;157000
161;A;17776;17776|joaopaulo;Chapecó FC;Chapecó FC;Leandro Dias;ZAG;DEF;63;33;16860000;L;4;Brasil;70;100;;editado;157000
162;A;17776;17776|marcinho;Chapecó FC;Chapecó FC;Renato Ribeiro;PD;ATT;62;31;17550000;R;7;Brasil;70;100;;editado;148000
163;A;17776;17776|max;Chapecó FC;Chapecó FC;Vagner Silva;MEI;MID;61;22;17910000;L;35;Brasil;70;100;;editado;139000
164;A;17776;17776|mancha;Chapecó FC;Chapecó FC;Márcio Dias;LAE;DEF;60;22;16360000;L;6;Brasil;70;100;;editado;130000
165;A;17776;17776|brunomatias;Chapecó FC;Chapecó FC;Marcos Siqueira;MC;MID;60;27;18000000;R;16;Brasil;70;100;;editado;130000
166;A;17776;17776|anderson;Chapecó FC;Chapecó FC;Raimundo Vieira;GOL;GK;59;33;12480000;L;98;Brasil;70;100;;editado;124800
167;A;17776;17776|kevinramirez;Chapecó FC;Chapecó FC;Otávio Rocha;PE;ATT;59;26;16790000;L;94;Brasil;70;100;;editado;124800
168;A;17776;17776|brunoleonardo;Chapecó FC;Chapecó FC;Denilson Costa;ZAG;DEF;59;28;16330000;R;33;Brasil;70;100;;editado;124800
169;A;17776;17776|viniciusbalieiro;Chapecó FC;Chapecó FC;Emerson Pinto;VOL;MID;59;31;14020000;R;17;Brasil;70;100;;editado;124800
170;A;17776;17776|marcosvinicius;Chapecó FC;Chapecó FC;Alex Correia;LAD;DEF;59;20;14920000;R;2;Brasil;70;100;;editado;124800
171;A;17776;17776|netopessoa;Chapecó FC;Chapecó FC;Elias Monteiro;CA;ATT;58;24;15320000;L;18;Brasil;70;100;;editado;119600
172;A;17776;17776|kauanfaria;Chapecó FC;Chapecó FC;Anderson Araújo;ZAG;DEF;58;26;15910000;R;21;Brasil;70;100;;editado;119600
173;A;17776;17776|joaobom;Chapecó FC;Chapecó FC;Vitão;CA;ATT;58;33;11830000;R;40;Brasil;70;100;;editado;119600
174;A;17776;17776|everton;Chapecó FC;Chapecó FC;André Nunes;LAD;DEF;57;29;13920000;R;26;Brasil;70;100;;editado;114400
175;A;17776;17776|brunopacheco;Chapecó FC;Chapecó FC;Tiago Gomes;LAE;DEF;55;28;12890000;L;91;Brasil;70;100;;editado;104000
176;A;17776;17776|rafaelthyere;Chapecó FC;Chapecó FC;Douglas Machado;ZAG;DEF;55;28;12890000;R;15;Brasil;70;100;;editado;104000
177;A;17776;17776|rubens;Chapecó FC;Chapecó FC;Emerson Araújo;PD;ATT;55;33;9860000;L;70;Brasil;70;100;;editado;104000
178;A;17776;17776|matheusaurelio;Chapecó FC;Chapecó FC;Jean Dias;GOL;GK;55;25;13010000;R;30;Brasil;70;100;;editado;104000
179;A;17776;17776|davidantunes;Chapecó FC;Chapecó FC;Márcio Nunes;MC;MID;54;29;11470000;R;19;Brasil;70;100;;editado;98800
180;A;17776;17776|gustavotalles;Chapecó FC;Chapecó FC;Leonardo Pinto;LAD;DEF;53;20;10210000;R;23;Brasil;70;100;;editado;93600
181;A;199;199|yurialberto;Fiel Paulista;Fiel Paulista;Raimundo Melo;CA;ATT;87;33;91980000;R;9;Brasil;70;100;;editado;686000
182;A;199;199|brenobidon;Fiel Paulista;Fiel Paulista;Everton Rocha;MC;MID;86;30;102070000;L;7;Brasil;70;100;;editado;648000
183;A;199;199|andre;Fiel Paulista;Fiel Paulista;Matheus Vieira;MC;MID;84;21;90870000;R;49;Brasil;70;100;;editado;572000
184;A;199;199|rodrigogarro;Fiel Paulista;Fiel Paulista;Everton Bezerra;MEI;MID;82;29;78260000;L;8;Brasil;70;100;;editado;496000
185;A;199;199|hugosouza;Fiel Paulista;Fiel Paulista;Fabinho;GOL;GK;81;31;63960000;R;1;Brasil;70;100;;editado;458000
186;A;199;199|matheuzinho;Fiel Paulista;Fiel Paulista;Antônio Melo;LAD;DEF;79;32;51540000;R;2;Brasil;70;100;;editado;400000
187;A;199;199|guinegao;Fiel Paulista;Fiel Paulista;Gustavo Ferreira;CA;ATT;78;31;51660000;R;56;Brasil;70;100;;editado;380000
188;A;199;199|memphisdepay;Fiel Paulista;Fiel Paulista;Thiago Cardoso;CA;ATT;78;23;58420000;R;10;Brasil;70;100;;editado;380000
189;A;199;199|matheusbidu;Fiel Paulista;Fiel Paulista;Fábio Barbosa;LAE;DEF;78;19;53840000;L;21;Brasil;70;100;;editado;380000
190;A;199;199|dieguinho;Fiel Paulista;Fiel Paulista;Tavinho;PD;ATT;75;26;51550000;L;61;Brasil;70;100;;editado;320000
191;A;199;199|raniele;Fiel Paulista;Fiel Paulista;Otávio Pereira;VOL;MID;75;26;51550000;R;14;Brasil;70;100;;editado;320000
192;A;199;199|kaiocesar;Fiel Paulista;Fiel Paulista;Carlos Farias;PD;ATT;75;26;51550000;L;37;Brasil;70;100;;editado;320000
193;A;199;199|tchoca;Fiel Paulista;Fiel Paulista;Wellington Monteiro;ZAG;DEF;75;24;49640000;R;4;Brasil;70;100;;editado;320000
194;A;199;199|allan;Fiel Paulista;Fiel Paulista;Leandro Freitas;VOL;MID;71;29;35040000;L;29;Brasil;70;100;;editado;240000
195;A;199;199|pedroraul;Fiel Paulista;Fiel Paulista;Renato Nunes;CA;ATT;71;33;28100000;R;18;Brasil;70;100;;editado;240000
196;A;199;199|matheuspereira;Fiel Paulista;Fiel Paulista;Raimundo Martins;MC;MID;71;34;26370000;L;23;Brasil;70;100;;editado;240000
197;A;199;199|jesselingard;Fiel Paulista;Fiel Paulista;Deco;MEI;MID;70;32;27120000;R;77;Brasil;70;100;;editado;220000
198;A;199;199|pedromilans;Fiel Paulista;Fiel Paulista;Renato Santos;LAD;DEF;68;20;27580000;R;20;Brasil;70;100;;editado;202000
199;A;199;199|kayke;Fiel Paulista;Fiel Paulista;Fábio Oliveira;PE;ATT;68;28;30180000;R;31;Brasil;70;100;;editado;202000
200;A;199;199|alexsantana;Fiel Paulista;Fiel Paulista;Robson Guimarães;MC;MID;65;27;26500000;R;80;Brasil;70;100;;editado;175000
201;A;199;199|matheusdonelli;Fiel Paulista;Fiel Paulista;Denilson Araújo;GOL;GK;65;20;23130000;R;32;Brasil;70;100;;editado;175000
202;A;199;199|charles;Fiel Paulista;Fiel Paulista;Nathan Freitas;VOL;MID;64;25;23900000;R;35;Brasil;70;100;;editado;166000
203;A;199;199|vitinho;Fiel Paulista;Fiel Paulista;Alex Santos;PE;ATT;63;25;22260000;R;11;Brasil;70;100;;editado;157000
204;A;199;199|andrecarrillo;Fiel Paulista;Fiel Paulista;Yuri Freitas;MC;MID;63;29;21020000;R;19;Brasil;70;100;;editado;157000
205;A;199;199|andreramalho;Fiel Paulista;Fiel Paulista;Kaiquinho;ZAG;DEF;63;31;18940000;B;5;Brasil;70;100;;editado;157000
206;A;199;199|hugo;Fiel Paulista;Fiel Paulista;Wallace Cardoso;LAE;DEF;63;29;21020000;L;46;Brasil;70;100;;editado;157000
207;A;199;199|gustavohenrique;Fiel Paulista;Fiel Paulista;Denilson Correia;ZAG;DEF;63;30;19980000;R;13;Brasil;70;100;;editado;157000
208;A;199;199|felipelongo;Fiel Paulista;Fiel Paulista;Bruno Ribeiro;GOL;GK;60;23;16690000;R;40;Brasil;70;100;;editado;130000
209;A;199;199|gabrielpaulista;Fiel Paulista;Fiel Paulista;Fernando Carvalho;ZAG;DEF;60;22;16360000;R;3;Brasil;70;100;;editado;130000
210;A;199;199|fabrizioangileri;Fiel Paulista;Fiel Paulista;Yuri Costa;LAE;DEF;59;23;15860000;L;26;Brasil;70;100;;editado;124800
211;A;776;776|lucasronier;Curitiba FC;Curitiba FC;Thiago Martins;PD;ATT;77;29;54140000;L;11;Brasil;70;100;;editado;360000
212;A;776;776|pedromorisco;Curitiba FC;Curitiba FC;Ricardo Vieira;GOL;GK;76;20;48870000;R;1;Brasil;70;100;;editado;340000
213;A;776;776|jpchermont;Curitiba FC;Curitiba FC;Fernando Melo;LAD;DEF;75;21;46770000;R;44;Brasil;70;100;;editado;320000
214;A;776;776|joaquinlavega;Curitiba FC;Curitiba FC;André Ferreira;PE;ATT;75;20;45820000;L;7;Brasil;70;100;;editado;320000
215;A;776;776|brenolopes;Curitiba FC;Curitiba FC;Marcos Ribeiro;PE;ATT;73;27;45500000;R;77;Brasil;70;100;;editado;280000
216;A;776;776|jacy;Curitiba FC;Curitiba FC;Felipe Peixoto;ZAG;DEF;71;26;37800000;R;55;Brasil;70;100;;editado;240000
217;A;776;776|felipejonatan;Curitiba FC;Curitiba FC;Wesley Bezerra;LAE;DEF;70;30;30280000;L;6;Brasil;70;100;;editado;220000
218;A;776;776|sebastiangomez;Curitiba FC;Curitiba FC;Márcio Vieira;MC;MID;69;22;30270000;L;19;Brasil;70;100;;editado;211000
219;A;776;776|pedrorocha;Curitiba FC;Curitiba FC;Marcos Gomes;CA;ATT;68;20;27580000;R;32;Brasil;70;100;;editado;202000
220;A;776;776|tiagocoser;Curitiba FC;Curitiba FC;Renato Machado;ZAG;DEF;68;29;28760000;R;23;Brasil;70;100;;editado;202000
221;A;776;776|fernandosobral;Curitiba FC;Curitiba FC;Wallace Gomes;MC;MID;68;19;27000000;R;88;Brasil;70;100;;editado;202000
222;A;776;776|vinipaulista;Curitiba FC;Curitiba FC;Wellington Correia;VOL;MID;65;25;25540000;R;36;Brasil;70;100;;editado;175000
223;A;776;776|pedrorangel;Curitiba FC;Curitiba FC;Júlio Almeida;GOL;GK;65;30;22920000;R;22;Brasil;70;100;;editado;175000
224;A;776;776|renatomarques;Curitiba FC;Curitiba FC;Bruno Melo;CA;ATT;65;26;26020000;R;78;Brasil;70;100;;editado;175000
225;A;776;776|brianocampo;Curitiba FC;Curitiba FC;André Rodrigues;PE;ATT;65;24;25050000;R;9;Brasil;70;100;;editado;175000
226;A;776;776|fabinho;Curitiba FC;Curitiba FC;Jonathan Rocha;PD;ATT;65;29;24120000;L;28;Brasil;70;100;;editado;175000
227;A;776;776|wallisson;Curitiba FC;Curitiba FC;Antônio Souza;VOL;MID;64;31;20340000;R;8;Brasil;70;100;;editado;166000
228;A;776;776|rodrigorodrigues;Curitiba FC;Curitiba FC;Sebastião Machado;CA;ATT;60;34;12330000;R;99;Brasil;70;100;;editado;130000
229;A;776;776|keiller;Curitiba FC;Curitiba FC;Vitor Costa;GOL;GK;60;29;16380000;R;13;Brasil;70;100;;editado;130000
230;A;776;776|gustavo;Curitiba FC;Curitiba FC;Júlio Rodrigues;MEI;MID;60;21;16040000;R;39;Brasil;70;100;;editado;130000
231;A;776;776|tinga;Curitiba FC;Curitiba FC;Yuri Andrade;LAD;DEF;59;31;14020000;R;2;Brasil;70;100;;editado;124800
232;A;776;776|joaoalmeida;Curitiba FC;Curitiba FC;Cícero Rocha;LAE;DEF;59;34;11710000;L;16;Brasil;70;100;;editado;124800
233;A;776;776|geovanemeurer;Curitiba FC;Curitiba FC;Leonardo Siqueira;MC;MID;58;28;15470000;L;15;Brasil;70;100;;editado;119600
234;A;776;776|josue;Curitiba FC;Curitiba FC;Kaique Batista;MEI;MID;58;34;11100000;L;10;Brasil;70;100;;editado;119600
235;A;776;776|keno;Curitiba FC;Curitiba FC;Leandro Peixoto;PE;ATT;57;31;12550000;R;20;Brasil;70;100;;editado;114400
236;A;776;776|willianoliveira;Curitiba FC;Curitiba FC;Adriano Araújo;VOL;MID;57;33;11170000;R;29;Brasil;70;100;;editado;114400
237;A;776;776|brunomelo;Curitiba FC;Curitiba FC;Márcio Cardoso;LAE;DEF;55;27;13500000;L;26;Brasil;70;100;;editado;104000
238;A;776;776|eberth;Curitiba FC;Curitiba FC;Jean Gomes;CA;ATT;55;31;11070000;L;21;Brasil;70;100;;editado;104000
239;A;776;776|rodrigomoledo;Curitiba FC;Curitiba FC;André Costa;ZAG;DEF;49;23;7790000;R;4;Brasil;70;100;;editado;74000
240;A;776;776|maicon;Curitiba FC;Curitiba FC;Bruninho;ZAG;DEF;49;24;7940000;R;3;Brasil;70;100;;editado;74000
241;A;609;609|kaiojorge;Raposa Azul;Raposa Azul;Renato Barbosa;CA;ATT;87;29;114660000;R;19;Brasil;70;100;;editado;686000
242;A;609;609|gerson;Raposa Azul;Raposa Azul;Marcos Nascimento;MC;MID;85;28;105050000;L;11;Brasil;70;100;;editado;610000
243;A;609;609|matheuspereira;Raposa Azul;Raposa Azul;Toninho;MEI;MID;83;34;64390000;L;10;Brasil;70;100;;editado;534000
244;A;609;609|christian;Raposa Azul;Raposa Azul;Everton Teixeira;MC;MID;82;34;58910000;R;88;Brasil;70;100;;editado;496000
245;A;609;609|fabriciobruno;Raposa Azul;Raposa Azul;Jean Teixeira;ZAG;DEF;82;24;81310000;R;15;Brasil;70;100;;editado;496000
246;A;609;609|luissinisterra;Raposa Azul;Raposa Azul;Pedrinho;PE;ATT;81;31;63960000;R;17;Brasil;70;100;;editado;458000
247;A;609;609|kauaprates;Raposa Azul;Raposa Azul;Valdirzinho;LAE;DEF;81;22;70910000;L;36;Brasil;70;100;;editado;458000
248;A;609;609|kenyarroyo;Raposa Azul;Raposa Azul;Rafael Peixoto;PD;ATT;81;19;66650000;L;99;Brasil;70;100;;editado;458000
249;A;609;609|jonathanjesus;Raposa Azul;Raposa Azul;Tiago Santos;ZAG;DEF;79;23;61660000;R;34;Brasil;70;100;;editado;400000
250;A;609;609|matheushenrique;Raposa Azul;Raposa Azul;Tião;MC;MID;75;25;50590000;R;8;Brasil;70;100;;editado;320000
251;A;609;609|neiservillarreal;Raposa Azul;Raposa Azul;Denilson Siqueira;CA;ATT;75;24;49640000;R;22;Brasil;70;100;;editado;320000
252;A;609;609|gabrielrojas;Raposa Azul;Raposa Azul;Raiu;LAE;DEF;75;32;40690000;L;27;Brasil;70;100;;editado;320000
253;A;609;609|william;Raposa Azul;Raposa Azul;Tonzinho;LAD;DEF;73;30;39360000;R;12;Brasil;70;100;;editado;280000
254;A;609;609|matheuscunha;Raposa Azul;Raposa Azul;Denilson Rodrigues;GOL;GK;73;25;43850000;R;31;Brasil;70;100;;editado;280000
255;A;609;609|kaiquekenji;Raposa Azul;Raposa Azul;Yuka;PE;ATT;73;26;44670000;R;70;Brasil;70;100;;editado;280000
256;A;609;609|wanderson;Raposa Azul;Raposa Azul;Guguinho;PE;ATT;73;20;39710000;R;94;Brasil;70;100;;editado;280000
257;A;609;609|joaomarcelo;Raposa Azul;Raposa Azul;Tiago Pinto;ZAG;DEF;73;26;44670000;R;43;Brasil;70;100;;editado;280000
258;A;609;609|marquinhos;Raposa Azul;Raposa Azul;Maicon Gomes;PD;ATT;71;31;31570000;L;7;Brasil;70;100;;editado;240000
259;A;609;609|lucasromero;Raposa Azul;Raposa Azul;Denilson Dias;VOL;MID;71;33;28100000;R;29;Brasil;70;100;;editado;240000
260;A;609;609|kauamoraes;Raposa Azul;Raposa Azul;Adriano Santos;LAD;DEF;70;26;34360000;R;2;Brasil;70;100;;editado;220000
261;A;609;609|lucasvillalba;Raposa Azul;Raposa Azul;Vitor Gomes;ZAG;DEF;69;22;30270000;L;25;Brasil;70;100;;editado;211000
262;A;609;609|brunorodrigues;Raposa Azul;Raposa Azul;Raimundo Ribeiro;PE;ATT;66;21;25120000;R;9;Brasil;70;100;;editado;184000
263;A;609;609|japa;Raposa Azul;Raposa Azul;Cícero Cardoso;MC;MID;65;27;26500000;L;77;Brasil;70;100;;editado;175000
264;A;609;609|chicodacosta;Raposa Azul;Raposa Azul;Renato Pinto;CA;ATT;65;28;25310000;R;91;Brasil;70;100;;editado;175000
265;A;609;609|fabrizioperalta;Raposa Azul;Raposa Azul;Nathan Batista;MC;MID;63;33;16860000;R;36;Brasil;70;100;;editado;157000
266;A;609;609|leoaragao;Raposa Azul;Raposa Azul;Vinícius Freitas;GOL;GK;63;31;18940000;R;41;Brasil;70;100;;editado;157000
267;A;609;609|murilorhikman;Raposa Azul;Raposa Azul;Everton Guimarães;VOL;MID;60;22;16360000;R;35;Brasil;70;100;;editado;130000
268;A;609;609|otaviocosta;Raposa Azul;Raposa Azul;Adriano Bezerra;GOL;GK;60;25;17350000;R;81;Brasil;70;100;;editado;130000
269;A;609;609|lucassilva;Raposa Azul;Raposa Azul;Paulo Araújo;VOL;MID;59;28;16330000;R;16;Brasil;70;100;;editado;124800
270;A;609;609|cassio;Raposa Azul;Raposa Azul;Fernando Siqueira;GOL;GK;55;32;10460000;L;1;Brasil;70;100;;editado;104000
271;A;614;614|lucaspaqueta;Urubu da Gávea;Urubu da Gávea;Ricardinho;MEI;MID;89;34;97270000;L;20;Brasil;70;100;;editado;762000
272;A;614;614|pedro;Urubu da Gávea;Urubu da Gávea;Marcos Freitas;CA;ATT;86;29;107380000;R;9;Brasil;70;100;;editado;648000
273;A;614;614|samuellino;Urubu da Gávea;Urubu da Gávea;Thiago Teixeira;PE;ATT;84;30;88230000;R;16;Brasil;70;100;;editado;572000
274;A;614;614|giorgiandearrascaeta;Urubu da Gávea;Urubu da Gávea;Adriano Souza;MEI;MID;83;24;88870000;R;10;Brasil;70;100;;editado;534000
275;A;614;614|jorgecarrascal;Urubu da Gávea;Urubu da Gávea;Everton Cavalcanti;MEI;MID;83;22;85450000;R;15;Brasil;70;100;;editado;534000
276;A;614;614|leoortiz;Urubu da Gávea;Urubu da Gávea;Antônio Correia;ZAG;DEF;82;34;58910000;R;3;Brasil;70;100;;editado;496000
277;A;614;614|leopereira;Urubu da Gávea;Urubu da Gávea;Paulo Tavares;ZAG;DEF;82;20;75050000;L;4;Brasil;70;100;;editado;496000
278;A;614;614|everttonaraujo;Urubu da Gávea;Urubu da Gávea;Robson Dias;VOL;MID;81;32;60450000;R;52;Brasil;70;100;;editado;458000
279;A;614;614|agustinrossi;Urubu da Gávea;Urubu da Gávea;Douglas Pereira;GOL;GK;81;27;78000000;R;1;Brasil;70;100;;editado;458000
280;A;614;614|vitao;Urubu da Gávea;Urubu da Gávea;Cleiton Peixoto;ZAG;DEF;81;26;76580000;R;44;Brasil;70;100;;editado;458000
281;A;614;614|gonzaloplata;Urubu da Gávea;Urubu da Gávea;Samuka;PD;ATT;80;24;66180000;L;19;Brasil;70;100;;editado;420000
282;A;614;614|nicolasdelacruz;Urubu da Gávea;Urubu da Gávea;Sebastião Barbosa;MC;MID;79;30;57520000;R;18;Brasil;70;100;;editado;400000
283;A;614;614|everton;Urubu da Gávea;Urubu da Gávea;Everton Freitas;PE;ATT;78;29;57330000;R;11;Brasil;70;100;;editado;380000
284;A;614;614|luizaraujo;Urubu da Gávea;Urubu da Gávea;Eduardo Santos;PD;ATT;78;24;59560000;L;7;Brasil;70;100;;editado;380000
285;A;614;614|wallaceyan;Urubu da Gávea;Urubu da Gávea;Raimundo Oliveira;CA;ATT;76;27;56000000;R;64;Brasil;70;100;;editado;340000
286;A;614;614|emersonroyal;Urubu da Gávea;Urubu da Gávea;Marcos Pinto;LAD;DEF;76;32;43400000;R;22;Brasil;70;100;;editado;340000
287;A;614;614|andrew;Urubu da Gávea;Urubu da Gávea;Alexinho;GOL;GK;76;25;53960000;R;42;Brasil;70;100;;editado;340000
288;A;614;614|henriquemartins;Urubu da Gávea;Urubu da Gávea;Emerson Souza;MC;MID;76;20;48870000;R;;Brasil;70;100;;editado;340000
289;A;614;614|erickpulgar;Urubu da Gávea;Urubu da Gávea;Leléo;VOL;MID;75;20;45820000;R;5;Brasil;70;100;;editado;320000
290;A;614;614|lorran;Urubu da Gávea;Urubu da Gávea;Diego Moreira;MEI;MID;75;28;50140000;L;38;Brasil;70;100;;editado;320000
291;A;614;614|ayrtonlucas;Urubu da Gávea;Urubu da Gávea;Adrianinho;LAE;DEF;75;31;43050000;L;6;Brasil;70;100;;editado;320000
292;A;614;614|jorginho;Urubu da Gávea;Urubu da Gávea;Robinho Lima;VOL;MID;75;32;40690000;R;21;Brasil;70;100;;editado;320000
293;A;614;614|tiagopereira;Urubu da Gávea;Urubu da Gávea;Márcio Almeida;ZAG;DEF;75;19;44860000;R;;Brasil;70;100;;editado;320000
294;A;614;614|danilo;Urubu da Gávea;Urubu da Gávea;Lucas Peixoto;ZAG;DEF;70;19;29910000;R;13;Brasil;70;100;;editado;220000
295;A;614;614|guillermovarela;Urubu da Gávea;Urubu da Gávea;Kaique Costa;LAD;DEF;65;29;24120000;R;2;Brasil;70;100;;editado;175000
296;A;614;614|alexsandro;Urubu da Gávea;Urubu da Gávea;Samuel Moreira;LAE;DEF;65;29;24120000;L;26;Brasil;70;100;;editado;175000
297;A;614;614|saulniguez;Urubu da Gávea;Urubu da Gávea;Marcos Costa;MC;MID;65;28;25310000;L;8;Brasil;70;100;;editado;175000
298;A;614;614|joaosouza;Urubu da Gávea;Urubu da Gávea;Thiago Guimarães;ZAG;DEF;63;32;17900000;R;27;Brasil;70;100;;editado;157000
299;A;614;614|brunohenrique;Urubu da Gávea;Urubu da Gávea;José Gomes;CA;ATT;63;31;18940000;R;27;Brasil;70;100;;editado;157000
300;A;614;614|dyogoalves;Urubu da Gávea;Urubu da Gávea;Maicon Nascimento;GOL;GK;59;23;15860000;R;49;Brasil;70;100;;editado;124800
301;A;2462;2462|martinelli;Guerreiros FC;Guerreiros FC;Lucas Souza;VOL;MID;84;29;92820000;R;8;Brasil;70;100;;editado;572000
302;A;2462;2462|hercules;Guerreiros FC;Guerreiros FC;Pedro Peixoto;MC;MID;84;22;92730000;R;35;Brasil;70;100;;editado;572000
303;A;2462;2462|johnkennedy;Guerreiros FC;Guerreiros FC;Igor Teixeira;CA;ATT;80;30;60550000;R;9;Brasil;70;100;;editado;420000
304;A;2462;2462|jeffersonsavarino;Guerreiros FC;Guerreiros FC;Márcio Andrade;MEI;MID;79;26;65290000;R;11;Brasil;70;100;;editado;400000
305;A;2462;2462|agustincanobbio;Guerreiros FC;Guerreiros FC;Pedro Nascimento;PD;ATT;79;19;56830000;R;17;Brasil;70;100;;editado;400000
306;A;2462;2462|rodrigocastillo;Guerreiros FC;Guerreiros FC;Emerson Rodrigues;CA;ATT;77;33;43440000;R;19;Brasil;70;100;;editado;360000
307;A;2462;2462|guilhermearana;Guerreiros FC;Guerreiros FC;Pedro Santos;LAE;DEF;77;32;46110000;L;13;Brasil;70;100;;editado;360000
308;A;2462;2462|facundobernal;Guerreiros FC;Guerreiros FC;Jean Santos;VOL;MID;77;22;54090000;R;5;Brasil;70;100;;editado;360000
309;A;2462;2462|riquelme;Guerreiros FC;Guerreiros FC;André Santos;PD;ATT;77;33;43440000;L;28;Brasil;70;100;;editado;360000
310;A;2462;2462|kevinserna;Guerreiros FC;Guerreiros FC;Marcinho;PD;ATT;76;20;48870000;R;90;Brasil;70;100;;editado;340000
311;A;2462;2462|lucianoacosta;Guerreiros FC;Guerreiros FC;Emerson Machado;MEI;MID;76;26;54980000;R;32;Brasil;70;100;;editado;340000
312;A;2462;2462|juanpablofreytes;Guerreiros FC;Guerreiros FC;Ricardo Nunes;ZAG;DEF;76;34;38360000;L;22;Brasil;70;100;;editado;340000
313;A;2462;2462|julianmillan;Guerreiros FC;Guerreiros FC;Antônio Lima;ZAG;DEF;74;34;33560000;L;29;Brasil;70;100;;editado;300000
314;A;2462;2462|yefersonsoteldo;Guerreiros FC;Guerreiros FC;Francisco Tavares;PE;ATT;74;34;33560000;R;7;Brasil;70;100;;editado;300000
315;A;2462;2462|jemmes;Guerreiros FC;Guerreiros FC;Denilson Andrade;ZAG;DEF;73;30;39360000;R;3;Brasil;70;100;;editado;280000
316;A;2462;2462|ignacio;Guerreiros FC;Guerreiros FC;Everton Monteiro;ZAG;DEF;70;26;34360000;R;4;Brasil;70;100;;editado;220000
317;A;2462;2462|nonato;Guerreiros FC;Guerreiros FC;Felipão;MC;MID;70;23;32450000;R;16;Brasil;70;100;;editado;220000
318;A;2462;2462|guga;Guerreiros FC;Guerreiros FC;Wallace Lima;LAD;DEF;70;27;35000000;R;23;Brasil;70;100;;editado;220000
319;A;2462;2462|igorrabello;Guerreiros FC;Guerreiros FC;João Vieira;ZAG;DEF;67;33;21830000;R;21;Brasil;70;100;;editado;193000
320;A;2462;2462|otavio;Guerreiros FC;Guerreiros FC;Emerson Correia;VOL;MID;66;31;23120000;R;94;Brasil;70;100;;editado;184000
321;A;2462;2462|davidterans;Guerreiros FC;Guerreiros FC;Vitor Peixoto;MEI;MID;65;21;23610000;L;3;Brasil;70;100;;editado;175000
322;A;2462;2462|hulk;Guerreiros FC;Guerreiros FC;Raimundo Almeida;CA;ATT;65;21;23610000;L;7;Brasil;70;100;;editado;175000
323;A;2462;2462|alisson;Guerreiros FC;Guerreiros FC;Elias Tavares;MC;MID;63;25;22260000;R;25;Brasil;70;100;;editado;157000
324;A;2462;2462|thiagosilva;Guerreiros FC;Guerreiros FC;Carlos Santos;ZAG;DEF;60;34;12330000;R;3;Brasil;70;100;;editado;130000
325;A;2462;2462|germancano;Guerreiros FC;Guerreiros FC;Adriano Cavalcanti;CA;ATT;60;33;13140000;R;14;Brasil;70;100;;editado;130000
326;A;2462;2462|vitoreudes;Guerreiros FC;Guerreiros FC;Samuel Bezerra;GOL;GK;59;25;16480000;R;98;Brasil;70;100;;editado;124800
327;A;2462;2462|rene;Guerreiros FC;Guerreiros FC;Fernando Tavares;LAE;DEF;59;22;15550000;L;6;Brasil;70;100;;editado;124800
328;A;2462;2462|juliofidelis;Guerreiros FC;Guerreiros FC;Sebá;LAD;DEF;57;26;15020000;R;46;Brasil;70;100;;editado;114400
329;A;2462;2462|ganso;Guerreiros FC;Guerreiros FC;Antônio Martins;MEI;MID;57;28;14610000;L;10;Brasil;70;100;;editado;114400
330;A;2462;2462|marcelopitaluga;Guerreiros FC;Guerreiros FC;Sebastião Cardoso;GOL;GK;54;20;11000000;R;27;Brasil;70;100;;editado;98800
331;A;210;210|gabrielmec;Tricolor Gaúcho;Tricolor Gaúcho;Igor Costa;MEI;MID;84;33;74460000;B;37;Brasil;70;100;;editado;572000
332;A;210;210|juannardoni;Tricolor Gaúcho;Tricolor Gaúcho;José Peixoto;MC;MID;80;28;66850000;R;5;Brasil;70;100;;editado;420000
333;A;210;210|tete;Tricolor Gaúcho;Tricolor Gaúcho;Ricardo Gomes;PD;ATT;80;24;66180000;L;21;Brasil;70;100;;editado;420000
334;A;210;210|francisamuzu;Tricolor Gaúcho;Tricolor Gaúcho;Eduardo Guimarães;PE;ATT;80;22;63640000;R;9;Brasil;70;100;;editado;420000
335;A;210;210|carlosvinicius;Tricolor Gaúcho;Tricolor Gaúcho;Kaique Machado;CA;ATT;78;31;51660000;L;95;Brasil;70;100;;editado;380000
336;A;210;210|leonelperez;Tricolor Gaúcho;Tricolor Gaúcho;Robinho Rodrigues;VOL;MID;77;20;51930000;R;33;Brasil;70;100;;editado;360000
337;A;210;210|ericknoriega;Tricolor Gaúcho;Tricolor Gaúcho;Rafael Araújo;VOL;MID;76;21;49890000;R;19;Brasil;70;100;;editado;340000
338;A;210;210|gustavomartins;Tricolor Gaúcho;Tricolor Gaúcho;Leandro Cardoso;ZAG;DEF;75;27;52500000;R;53;Brasil;70;100;;editado;320000
339;A;210;210|marlon;Tricolor Gaúcho;Tricolor Gaúcho;Gabo;LAE;DEF;75;34;35960000;L;23;Brasil;70;100;;editado;320000
340;A;210;210|mathiasvillasanti;Tricolor Gaúcho;Tricolor Gaúcho;Vitor Batista;VOL;MID;75;22;47730000;R;20;Brasil;70;100;;editado;320000
341;A;210;210|miguelmonsalve;Tricolor Gaúcho;Tricolor Gaúcho;Lucão;MEI;MID;74;30;42380000;R;11;Brasil;70;100;;editado;300000
342;A;210;210|joseenamorado;Tricolor Gaúcho;Tricolor Gaúcho;Alex Guimarães;PD;ATT;73;25;43850000;R;99;Brasil;70;100;;editado;280000
343;A;210;210|wagnerleonardo;Tricolor Gaúcho;Tricolor Gaúcho;Douglas Souza;ZAG;DEF;73;21;40540000;L;3;Brasil;70;100;;editado;280000
344;A;210;210|riquelme;Tricolor Gaúcho;Tricolor Gaúcho;Nathan Pereira;MEI;MID;70;33;25550000;R;65;Brasil;70;100;;editado;220000
345;A;210;210|pedrogabriel;Tricolor Gaúcho;Tricolor Gaúcho;Gustavo Batista;LAE;DEF;70;34;23980000;L;54;Brasil;70;100;;editado;220000
346;A;210;210|caiopaulista;Tricolor Gaúcho;Tricolor Gaúcho;Kaique Farias;LAE;DEF;70;23;32450000;L;38;Brasil;70;100;;editado;220000
347;A;210;210|cristianpavon;Tricolor Gaúcho;Tricolor Gaúcho;Ricardo Dias;LAD;DEF;69;32;25810000;R;7;Brasil;70;100;;editado;211000
348;A;210;210|gabrielgrando;Tricolor Gaúcho;Tricolor Gaúcho;João Peixoto;GOL;GK;68;33;23070000;R;12;Brasil;70;100;;editado;202000
349;A;210;210|joaopedro;Tricolor Gaúcho;Tricolor Gaúcho;Rodrigo Santos;LAD;DEF;68;33;23070000;R;18;Brasil;70;100;;editado;202000
350;A;210;210|martinbraithwaite;Tricolor Gaúcho;Tricolor Gaúcho;João Siqueira;CA;ATT;65;22;24090000;R;22;Brasil;70;100;;editado;175000
351;A;210;210|adriel;Tricolor Gaúcho;Tricolor Gaúcho;Everton Barbosa;GOL;GK;64;33;18100000;R;36;Brasil;70;100;;editado;166000
352;A;210;210|fabianbalbuena;Tricolor Gaúcho;Tricolor Gaúcho;Vinícius Peixoto;ZAG;DEF;64;24;23450000;R;2;Brasil;70;100;;editado;166000
353;A;210;210|dodi;Tricolor Gaúcho;Tricolor Gaúcho;Denilsinho;VOL;MID;63;34;15820000;R;17;Brasil;70;100;;editado;157000
354;A;210;210|weverton;Tricolor Gaúcho;Tricolor Gaúcho;Bruno Tavares;GOL;GK;63;22;21000000;R;1;Brasil;70;100;;editado;157000
355;A;210;210|tiaguinho;Tricolor Gaúcho;Tricolor Gaúcho;Rafa;MC;MID;60;24;17020000;B;39;Brasil;70;100;;editado;130000
356;A;210;210|roger;Tricolor Gaúcho;Tricolor Gaúcho;Wellington Martins;PD;ATT;59;19;14610000;L;47;Brasil;70;100;;editado;124800
357;A;210;210|willian;Tricolor Gaúcho;Tricolor Gaúcho;Wesley Barbosa;PE;ATT;59;26;16790000;R;10;Brasil;70;100;;editado;124800
358;A;210;210|walterkannemann;Tricolor Gaúcho;Tricolor Gaúcho;Emerson Siqueira;ZAG;DEF;58;24;15320000;L;4;Brasil;70;100;;editado;119600
359;A;210;210|gabrielmenegon;Tricolor Gaúcho;Tricolor Gaúcho;Maicon Costa;GOL;GK;55;23;12520000;R;31;Brasil;70;100;;editado;104000
360;A;210;210|luiseduardo;Tricolor Gaúcho;Tricolor Gaúcho;Bruno Lima;ZAG;DEF;55;24;12760000;R;43;Brasil;70;100;;editado;104000
361;A;6600;6600|alexandrobernabei;Campeão do Povo;Campeão do Povo;Robinho Rocha;LAE;DEF;79;32;51540000;L;26;Brasil;70;100;;editado;400000
362;A;6600;6600|johancarbonero;Campeão do Povo;Campeão do Povo;Emerson Moreira;PE;ATT;77;27;59500000;R;7;Brasil;70;100;;editado;360000
363;A;6600;6600|brunogomes;Campeão do Povo;Campeão do Povo;Maicon Lima;LAD;DEF;77;33;43440000;R;15;Brasil;70;100;;editado;360000
364;A;6600;6600|kayky;Campeão do Povo;Campeão do Povo;Cleiton Bezerra;PD;ATT;76;26;54980000;L;11;Brasil;70;100;;editado;340000
365;A;6600;6600|vitinho;Campeão do Povo;Campeão do Povo;Everton Costa;PE;ATT;76;25;53960000;R;39;Brasil;70;100;;editado;340000
366;A;6600;6600|victorgabriel;Campeão do Povo;Campeão do Povo;Renato Cavalcanti;ZAG;DEF;76;24;52950000;L;41;Brasil;70;100;;editado;340000
367;A;6600;6600|rodrigovillagra;Campeão do Povo;Campeão do Povo;Anderson Martins;VOL;MID;74;30;42380000;R;5;Brasil;70;100;;editado;300000
368;A;6600;6600|matheusbahia;Campeão do Povo;Campeão do Povo;Everton Correia;LAE;DEF;73;19;38880000;L;6;Brasil;70;100;;editado;280000
369;A;6600;6600|anthoni;Campeão do Povo;Campeão do Povo;Francisco Vieira;GOL;GK;73;27;45500000;R;12;Brasil;70;100;;editado;280000
370;A;6600;6600|alerrandro;Campeão do Povo;Campeão do Povo;Maicon Correia;CA;ATT;73;27;45500000;R;9;Brasil;70;100;;editado;280000
371;A;6600;6600|thiagomaia;Campeão do Povo;Campeão do Povo;Sebastião Oliveira;VOL;MID;71;21;34300000;L;29;Brasil;70;100;;editado;240000
372;A;6600;6600|braianaguirre;Campeão do Povo;Campeão do Povo;Duda;LAD;DEF;71;28;36770000;R;35;Brasil;70;100;;editado;240000
373;A;6600;6600|alanrodriguez;Campeão do Povo;Campeão do Povo;Wellington Costa;MC;MID;71;32;29840000;R;14;Brasil;70;100;;editado;240000
374;A;6600;6600|alanpatrick;Campeão do Povo;Campeão do Povo;Pedro Martins;MEI;MID;70;32;27120000;R;10;Brasil;70;100;;editado;220000
375;A;6600;6600|ronaldo;Campeão do Povo;Campeão do Povo;Dedé;VOL;MID;70;26;34360000;R;16;Brasil;70;100;;editado;220000
376;A;6600;6600|sergiorochet;Campeão do Povo;Campeão do Povo;Antônio Siqueira;GOL;GK;69;34;22810000;R;1;Brasil;70;100;;editado;211000
377;A;6600;6600|brunotabata;Campeão do Povo;Campeão do Povo;Bruno Gomes;PD;ATT;68;28;30180000;L;17;Brasil;70;100;;editado;202000
378;A;6600;6600|henriquemenke;Campeão do Povo;Campeão do Povo;Jean Bezerra;GOL;GK;68;26;31030000;R;28;Brasil;70;100;;editado;202000
379;A;6600;6600|allex;Campeão do Povo;Campeão do Povo;Vinícius Xavier;MEI;MID;65;25;25540000;L;31;Brasil;70;100;;editado;175000
380;A;6600;6600|paulinhopaula;Campeão do Povo;Campeão do Povo;Huguinho;MC;MID;65;22;24090000;R;27;Brasil;70;100;;editado;175000
381;A;6600;6600|raykkonen;Campeão do Povo;Campeão do Povo;Igor Lima;CA;ATT;65;33;19340000;R;48;Brasil;70;100;;editado;175000
382;A;6600;6600|felixtorres;Campeão do Povo;Campeão do Povo;Cleiton Batista;ZAG;DEF;65;24;25050000;R;4;Brasil;70;100;;editado;175000
383;A;6600;6600|clayton;Campeão do Povo;Campeão do Povo;Digão;ZAG;DEF;63;21;20580000;R;20;Brasil;70;100;;editado;157000
384;A;6600;6600|juninho;Campeão do Povo;Campeão do Povo;Andersinho;ZAG;DEF;63;19;19740000;L;18;Brasil;70;100;;editado;157000
385;A;6600;6600|richard;Campeão do Povo;Campeão do Povo;Wagner Cardoso;VOL;MID;60;32;13950000;R;36;Brasil;70;100;;editado;130000
386;A;6600;6600|yagonoal;Campeão do Povo;Campeão do Povo;Robinho Santos;MEI;MID;60;23;16690000;R;2;Brasil;70;100;;editado;130000
387;A;6600;6600|brunohenrique;Campeão do Povo;Campeão do Povo;Elias Silva;MC;MID;57;31;12550000;R;8;Brasil;70;100;;editado;114400
388;A;6600;6600|benjamin;Campeão do Povo;Campeão do Povo;Tiago Batista;VOL;MID;51;22;9000000;R;28;Brasil;70;100;;editado;83200
389;A;6600;6600|diegoesser;Campeão do Povo;Campeão do Povo;Vagner Pinto;GOL;GK;51;27;9900000;L;32;Brasil;70;100;;editado;83200
390;A;6600;6600|gabrielmercado;Campeão do Povo;Campeão do Povo;Antônio Nunes;ZAG;DEF;49;29;7640000;R;25;Brasil;70;100;;editado;74000
391;A;3876;3876|antoniogaleano;Amarelinho do Interior;Amarelinho do Interior;Gustavo Tavares;PD;ATT;74;32;37980000;R;27;Brasil;70;100;;editado;300000
392;A;3876;3876|negueba;Amarelinho do Interior;Amarelinho do Interior;Matheus Siqueira;PD;ATT;73;24;43020000;R;11;Brasil;70;100;;editado;280000
393;A;3876;3876|alesson;Amarelinho do Interior;Amarelinho do Interior;Paulo Andrade;PE;ATT;71;29;35040000;R;77;Brasil;70;100;;editado;240000
394;A;3876;3876|willianmachado;Amarelinho do Interior;Amarelinho do Interior;Samuel Batista;ZAG;DEF;70;24;33090000;L;3;Brasil;70;100;;editado;220000
395;A;3876;3876|denilson;Amarelinho do Interior;Amarelinho do Interior;André Teixeira;MC;MID;70;28;33420000;R;8;Brasil;70;100;;editado;220000
396;A;3876;3876|igorformiga;Amarelinho do Interior;Amarelinho do Interior;Juca;LAD;DEF;70;23;32450000;R;32;Brasil;70;100;;editado;220000
397;A;3876;3876|netomoura;Amarelinho do Interior;Amarelinho do Interior;Thiago Melo;VOL;MID;70;32;27120000;R;25;Brasil;70;100;;editado;220000
398;A;3876;3876|nathanfogaca;Amarelinho do Interior;Amarelinho do Interior;Francisco Oliveira;CA;ATT;68;34;21650000;R;9;Brasil;70;100;;editado;202000
399;A;3876;3876|edsoncarioca;Amarelinho do Interior;Amarelinho do Interior;Vinícius Teixeira;CA;ATT;68;33;23070000;R;40;Brasil;70;100;;editado;202000
400;A;3876;3876|josealdo;Amarelinho do Interior;Amarelinho do Interior;Anderson Rocha;MC;MID;68;27;31600000;B;21;Brasil;70;100;;editado;202000
401;A;3876;3876|joaovictor;Amarelinho do Interior;Amarelinho do Interior;Diego Correia;ZAG;DEF;68;19;27000000;R;34;Brasil;70;100;;editado;202000
402;A;3876;3876|lucasoliveira;Amarelinho do Interior;Amarelinho do Interior;Otávio Souza;ZAG;DEF;65;25;25540000;R;2;Brasil;70;100;;editado;175000
403;A;3876;3876|evertongaldino;Amarelinho do Interior;Amarelinho do Interior;Tiago Lima;PD;ATT;65;31;21730000;L;17;Brasil;70;100;;editado;175000
404;A;3876;3876|andreluis;Amarelinho do Interior;Amarelinho do Interior;Bruno Rodrigues;CA;ATT;65;34;18150000;R;99;Brasil;70;100;;editado;175000
405;A;3876;3876|shaylon;Amarelinho do Interior;Amarelinho do Interior;Gustavo Araújo;MEI;MID;65;20;23130000;L;7;Brasil;70;100;;editado;175000
406;A;3876;3876|tiquinhosoares;Amarelinho do Interior;Amarelinho do Interior;Yuri Bezerra;CA;ATT;63;23;21420000;R;29;Brasil;70;100;;editado;157000
407;A;3876;3876|rodrigues;Amarelinho do Interior;Amarelinho do Interior;Everton Machado;ZAG;DEF;63;29;21020000;R;97;Brasil;70;100;;editado;157000
408;A;3876;3876|paulomartins;Amarelinho do Interior;Amarelinho do Interior;Paulo Santos;MC;MID;62;20;18680000;R;;Brasil;70;100;;editado;148000
409;A;3876;3876|eduardo;Amarelinho do Interior;Amarelinho do Interior;Anderson Nunes;MEI;MID;61;26;19340000;R;33;Brasil;70;100;;editado;139000
410;A;3876;3876|carloseduardo;Amarelinho do Interior;Amarelinho do Interior;Vinícius Nunes;PD;ATT;60;25;17350000;R;96;Brasil;70;100;;editado;130000
411;A;3876;3876|gabrielpires;Amarelinho do Interior;Amarelinho do Interior;Leonardo Teixeira;VOL;MID;59;23;15860000;L;18;Brasil;70;100;;editado;124800
412;A;3876;3876|reinaldo;Amarelinho do Interior;Amarelinho do Interior;Leonardo Barbosa;LAE;DEF;58;21;14430000;L;6;Brasil;70;100;;editado;119600
413;A;3876;3876|victorluis;Amarelinho do Interior;Amarelinho do Interior;Alex Farias;LAE;DEF;57;31;12550000;L;12;Brasil;70;100;;editado;114400
414;A;3876;3876|danielborges;Amarelinho do Interior;Amarelinho do Interior;Léo;LAD;DEF;57;28;14610000;R;20;Brasil;70;100;;editado;114400
415;A;3876;3876|chicokim;Amarelinho do Interior;Amarelinho do Interior;Francisco Ferreira;MEI;MID;52;23;10010000;R;10;Brasil;70;100;;editado;88400
416;A;3876;3876|walter;Amarelinho do Interior;Amarelinho do Interior;Thiago Correia;GOL;GK;52;22;9820000;R;22;Brasil;70;100;;editado;88400
417;A;3876;3876|luizfilipe;Amarelinho do Interior;Amarelinho do Interior;Ricardo Araújo;PD;ATT;49;33;6130000;R;31;Brasil;70;100;;editado;74000
418;A;3876;3876|thomazella;Amarelinho do Interior;Amarelinho do Interior;Jean Costa;GOL;GK;48;29;7100000;R;90;Brasil;70;100;;editado;70000
419;A;3876;3876|alexmuralha;Amarelinho do Interior;Amarelinho do Interior;Gabriel Rodrigues;GOL;GK;47;34;4930000;R;23;Brasil;70;100;;editado;66000
420;A;3876;3876|georgemy;Amarelinho do Interior;Amarelinho do Interior;Wagner Guimarães;GOL;GK;45;19;5130000;R;1;Brasil;70;100;;editado;58000
449;A;1023;1023|erickbele;Sociedade Esportiva Palmeiras;Palmeiras;Fábio Nascimento;MEI;MID;65;34;18150000;L;10;Brasil;70;100;;editado;175000
425;A;1023;1023|mauricio;Sociedade Esportiva Palmeiras;Palmeiras;Maicon Freitas;MEI;MID;84;33;74460000;L;18;Brasil;70;100;;editado;572000
432;A;1023;1023|carlosmiguel;Sociedade Esportiva Palmeiras;Palmeiras;Samuel Correia;GOL;GK;78;33;45990000;L;1;Brasil;70;100;;editado;380000
438;A;1023;1023|luighi;Sociedade Esportiva Palmeiras;Palmeiras;Wellington Bezerra;CA;ATT;75;33;38320000;R;31;Brasil;70;100;;editado;320000
443;A;1023;1023|lucasevangelista;Sociedade Esportiva Palmeiras;Palmeiras;Alex Bezerra;MC;MID;75;33;38320000;L;30;Brasil;70;100;;editado;320000
437;A;1023;1023|alexanderbarboza;Sociedade Esportiva Palmeiras;Palmeiras;Carlos Melo;ZAG;DEF;76;32;43400000;L;10;Brasil;70;100;;editado;340000
441;A;1023;1023|naves;Sociedade Esportiva Palmeiras;Palmeiras;Antônio Guimarães;ZAG;DEF;75;32;40690000;R;19;Brasil;70;100;;editado;320000
434;A;1023;1023|khellven;Sociedade Esportiva Palmeiras;Palmeiras;Tiago Nascimento;LAD;DEF;77;30;51470000;R;12;Brasil;70;100;;editado;360000
424;A;1023;1023|allan;Sociedade Esportiva Palmeiras;Palmeiras;Gabriel Teixeira;PD;ATT;86;29;107380000;L;40;Brasil;70;100;;editado;648000
433;A;1023;1023|emilianomartinez;Sociedade Esportiva Palmeiras;Palmeiras;André Cavalcanti;VOL;MID;78;29;57330000;R;32;Brasil;70;100;;editado;380000
448;A;1023;1023|riquelmefillipi;Sociedade Esportiva Palmeiras;Palmeiras;Vagner Pereira;PE;ATT;65;29;24120000;R;7;Brasil;70;100;;editado;175000
428;A;1023;1023|joaquinpiquerez;Sociedade Esportiva Palmeiras;Palmeiras;Vitor Machado;LAE;DEF;82;28;82130000;L;22;Brasil;70;100;;editado;496000
427;A;1023;1023|andreaspereira;Sociedade Esportiva Palmeiras;Palmeiras;Otávio Guimarães;MC;MID;83;27;94000000;R;8;Brasil;70;100;;editado;534000
431;A;1023;1023|paulinho;Sociedade Esportiva Palmeiras;Palmeiras;Anderson Oliveira;SA;ATT;80;27;70000000;R;10;Brasil;70;100;;editado;420000
445;A;1023;1023|arthurgabriel;Sociedade Esportiva Palmeiras;Palmeiras;Vinícius Souza;LAE;DEF;73;27;45500000;L;56;Brasil;70;100;;editado;280000
450;A;1023;1023|luispacheco;Sociedade Esportiva Palmeiras;Palmeiras;Carlos Machado;VOL;MID;60;27;18000000;R;17;Brasil;70;100;;editado;130000
442;A;1023;1023|luisbenedetti;Sociedade Esportiva Palmeiras;Palmeiras;Emerson Ferreira;ZAG;DEF;75;26;51550000;L;43;Brasil;70;100;;editado;320000
423;A;1023;1023|flacolopez;Sociedade Esportiva Palmeiras;Palmeiras;Matheus Silva;CA;ATT;87;25;121420000;L;42;Brasil;70;100;;editado;686000
447;A;1023;1023|felipeanderson;Sociedade Esportiva Palmeiras;Palmeiras;Felipe Nascimento;PE;ATT;68;25;30450000;R;7;Brasil;70;100;;editado;202000
430;A;1023;1023|ramonsosa;Sociedade Esportiva Palmeiras;Palmeiras;André Rocha;SA;ATT;81;24;73750000;R;19;Brasil;70;100;;editado;458000
436;A;1023;1023|murilo;Sociedade Esportiva Palmeiras;Palmeiras;Vinícius Farias;ZAG;DEF;76;24;52950000;R;26;Brasil;70;100;;editado;340000
446;A;1023;1023|kaiquepereira;Sociedade Esportiva Palmeiras;Palmeiras;Gustavo Farias;GOL;GK;70;24;33090000;R;6;Brasil;70;100;;editado;220000
439;A;1023;1023|jefte;Sociedade Esportiva Palmeiras;Palmeiras;Paulinho;LAE;DEF;75;23;48680000;L;6;Brasil;70;100;;editado;320000
444;A;1023;1023|gustavogomez;Sociedade Esportiva Palmeiras;Palmeiras;Wesley Peixoto;ZAG;DEF;74;23;45440000;R;15;Brasil;70;100;;editado;300000
435;A;1023;1023|marlonfreitas;Sociedade Esportiva Palmeiras;Palmeiras;Cico;VOL;MID;77;22;54090000;R;17;Brasil;70;100;;editado;360000
440;A;1023;1023|brunofuchs;Sociedade Esportiva Palmeiras;Palmeiras;Cícero Batista;ZAG;DEF;75;21;46770000;R;3;Brasil;70;100;;editado;320000
426;A;1023;1023|jhonarias;Sociedade Esportiva Palmeiras;Palmeiras;Gabriel Correia;PD;ATT;84;20;89020000;R;11;Brasil;70;100;;editado;572000
429;A;1023;1023|agustingiay;Sociedade Esportiva Palmeiras;Palmeiras;Alex Oliveira;LAD;DEF;81;20;68070000;R;4;Brasil;70;100;;editado;458000
451;A;1023;1023|larson;Sociedade Esportiva Palmeiras;Palmeiras;Sebastião Martins;MC;MID;59;20;14920000;R;48;Brasil;70;100;;editado;124800
422;A;1023;1023|vitorroque;Sociedade Esportiva Palmeiras;Palmeiras;Vagner Teixeira;CA;ATT;90;19;128180000;R;9;Brasil;70;100;;editado;800000
452;A;10997;10997|leonelpicco;Azulão do Norte;Azulão do Norte;Anderson Tavares;VOL;MID;73;28;43450000;R;14;Brasil;70;100;;editado;280000
453;A;10997;10997|gabrieltaliari;Azulão do Norte;Azulão do Norte;Cícero Andrade;CA;ATT;69;33;24310000;R;19;Brasil;70;100;;editado;211000
454;A;10997;10997|joaolucas;Azulão do Norte;Azulão do Norte;Emerson Barbosa;LAD;DEF;68;25;30450000;R;28;Brasil;70;100;;editado;202000
455;A;10997;10997|braiancufre;Azulão do Norte;Azulão do Norte;João Souza;LAE;DEF;66;25;27170000;L;24;Brasil;70;100;;editado;184000
456;A;10997;10997|ivan;Azulão do Norte;Azulão do Norte;José Xavier;GOL;GK;65;32;20540000;R;97;Brasil;70;100;;editado;175000
457;A;10997;10997|zewelison;Azulão do Norte;Azulão do Norte;Jean Vieira;VOL;MID;65;23;24570000;R;28;Brasil;70;100;;editado;175000
458;A;10997;10997|vitorbueno;Azulão do Norte;Azulão do Norte;Renato Batista;MEI;MID;65;34;18150000;R;15;Brasil;70;100;;editado;175000
459;A;10997;10997|matheusalexandre;Azulão do Norte;Azulão do Norte;Leonardo Cardoso;LAD;DEF;64;28;23680000;R;2;Brasil;70;100;;editado;166000
460;A;10997;10997|carlinhos;Azulão do Norte;Azulão do Norte;Eliazinho;CA;ATT;64;22;22550000;R;9;Brasil;70;100;;editado;166000
461;A;10997;10997|jaja;Azulão do Norte;Azulão do Norte;Sebastião Guimarães;PE;ATT;63;22;21000000;R;37;Brasil;70;100;;editado;157000
462;A;10997;10997|tchamba;Azulão do Norte;Azulão do Norte;Wesley Almeida;ZAG;DEF;63;29;21020000;L;18;Brasil;70;100;;editado;157000
463;A;10997;10997|kaykyalmeida;Azulão do Norte;Azulão do Norte;Douglas Gomes;ZAG;DEF;63;32;17900000;L;27;Brasil;70;100;;editado;157000
464;A;10997;10997|jaderson;Azulão do Norte;Azulão do Norte;Valdir Farias;PE;ATT;63;28;22060000;L;10;Brasil;70;100;;editado;157000
465;A;10997;10997|davidbraga;Azulão do Norte;Azulão do Norte;Vagner Peixoto;VOL;MID;62;33;15620000;L;26;Brasil;70;100;;editado;148000
466;A;10997;10997|patrick;Azulão do Norte;Azulão do Norte;Marcos Nunes;MC;MID;61;31;16150000;L;8;Brasil;70;100;;editado;139000
467;A;10997;10997|yagopikachu;Azulão do Norte;Azulão do Norte;Matheus Rodrigues;PD;ATT;61;22;17910000;R;22;Brasil;70;100;;editado;139000
468;A;10997;10997|rafaelmonti;Azulão do Norte;Azulão do Norte;Igorzinho;CA;ATT;61;19;16830000;R;71;Brasil;70;100;;editado;139000
469;A;10997;10997|marcelinho;Azulão do Norte;Azulão do Norte;Gustavo Souza;LAD;DEF;61;27;19700000;R;79;Brasil;70;100;;editado;139000
470;A;10997;10997|alefmanga;Azulão do Norte;Azulão do Norte;Matheus Xavier;PE;ATT;61;29;17930000;R;11;Brasil;70;100;;editado;139000
471;A;10997;10997|zericardo;Azulão do Norte;Azulão do Norte;Wesley Costa;VOL;MID;60;21;16040000;R;55;Brasil;70;100;;editado;130000
472;A;10997;10997|mayk;Azulão do Norte;Azulão do Norte;Márcio Nascimento;LAE;DEF;60;24;17020000;L;98;Brasil;70;100;;editado;130000
473;A;10997;10997|gabrielpoveda;Azulão do Norte;Azulão do Norte;Eduardo Ferreira;CA;ATT;60;23;16690000;R;99;Brasil;70;100;;editado;130000
474;A;10997;10997|edsonfernando;Azulão do Norte;Azulão do Norte;Leonardo Ribeiro;VOL;MID;60;30;15570000;R;18;Brasil;70;100;;editado;130000
475;A;10997;10997|thalisson;Azulão do Norte;Azulão do Norte;Fábio Peixoto;ZAG;DEF;59;19;14610000;R;3;Brasil;70;100;;editado;124800
476;A;10997;10997|leoandrade;Azulão do Norte;Azulão do Norte;Tiagão;ZAG;DEF;58;31;13280000;L;5;Brasil;70;100;;editado;119600
477;A;10997;10997|francocatarozzi;Azulão do Norte;Azulão do Norte;Samuel Barbosa;MC;MID;58;32;12560000;L;23;Brasil;70;100;;editado;119600
478;A;10997;10997|giovannipavani;Azulão do Norte;Azulão do Norte;Sebastião Rodrigues;MC;MID;58;22;14730000;R;7;Brasil;70;100;;editado;119600
479;A;10997;10997|cristiantassano;Azulão do Norte;Azulão do Norte;Jonathan Correia;ZAG;DEF;58;25;15610000;R;17;Brasil;70;100;;editado;119600
480;A;10997;10997|marllon;Azulão do Norte;Azulão do Norte;Emerson Santos;ZAG;DEF;58;20;14140000;R;13;Brasil;70;100;;editado;119600
481;A;10997;10997|ygorvinhas;Azulão do Norte;Azulão do Norte;Francisco Guimarães;GOL;GK;45;21;5350000;R;94;Brasil;70;100;;editado;58000
482;A;221;221|gabrielbrazao;Vila Praiana;Vila Praiana;Júlio Vieira;GOL;GK;82;27;86000000;R;77;Brasil;70;100;;editado;496000
483;A;221;221|benjaminrollheiser;Vila Praiana;Vila Praiana;Leandro Moreira;PD;ATT;80;31;57400000;L;32;Brasil;70;100;;editado;420000
484;A;221;221|gabrielbontempo;Vila Praiana;Vila Praiana;Rafael Costa;MC;MID;80;20;61090000;R;49;Brasil;70;100;;editado;420000
485;A;221;221|neymar;Vila Praiana;Vila Praiana;Lucas Ferreira;MEI;MID;79;28;63510000;R;10;Brasil;70;100;;editado;400000
486;A;221;221|gabrielmenino;Vila Praiana;Vila Praiana;Fernando Nascimento;MC;MID;78;24;59560000;R;25;Brasil;70;100;;editado;380000
487;A;221;221|alvarobarreal;Vila Praiana;Vila Praiana;Wallace Araújo;PE;ATT;78;33;45990000;L;22;Brasil;70;100;;editado;380000
488;A;221;221|robinhojunior;Vila Praiana;Vila Praiana;Igor Souza;PD;ATT;76;31;45920000;B;7;Brasil;70;100;;editado;340000
489;A;221;221|miguelito;Vila Praiana;Vila Praiana;Wagner Oliveira;MEI;MID;76;21;49890000;L;30;Brasil;70;100;;editado;340000
490;A;221;221|lucasverissimo;Vila Praiana;Vila Praiana;Francisco Teixeira;ZAG;DEF;75;19;44860000;R;4;Brasil;70;100;;editado;320000
491;A;221;221|rony;Vila Praiana;Vila Praiana;Emerson Almeida;CA;ATT;75;27;52500000;R;11;Brasil;70;100;;editado;320000
492;A;221;221|viniciuslira;Vila Praiana;Vila Praiana;Robson Teixeira;LAE;DEF;75;28;50140000;L;3;Brasil;70;100;;editado;320000
493;A;221;221|adonisfrias;Vila Praiana;Vila Praiana;Valdir Rocha;ZAG;DEF;73;32;35260000;R;98;Brasil;70;100;;editado;280000
494;A;221;221|zeivaldo;Vila Praiana;Vila Praiana;Leandro Andrade;ZAG;DEF;70;23;32450000;R;2;Brasil;70;100;;editado;220000
495;A;221;221|moises;Vila Praiana;Vila Praiana;Jonathan Vieira;PE;ATT;70;31;28700000;R;21;Brasil;70;100;;editado;220000
496;A;221;221|igorvinicius;Vila Praiana;Vila Praiana;João Martins;LAD;DEF;70;22;31820000;R;18;Brasil;70;100;;editado;220000
497;A;221;221|joaopaulo;Vila Praiana;Vila Praiana;Vitor Farias;GOL;GK;70;33;25550000;R;23;Brasil;70;100;;editado;220000
498;A;221;221|alexisduarte;Vila Praiana;Vila Praiana;Rafael Vieira;ZAG;DEF;69;23;30880000;R;37;Brasil;70;100;;editado;211000
499;A;221;221|mayke;Vila Praiana;Vila Praiana;Júlio Farias;LAD;DEF;68;23;29300000;R;12;Brasil;70;100;;editado;202000
500;A;221;221|lautarodiaz;Vila Praiana;Vila Praiana;Eduardo Farias;CA;ATT;68;34;21650000;R;19;Brasil;70;100;;editado;202000
501;A;221;221|zerafael;Vila Praiana;Vila Praiana;Nathan Farias;MC;MID;68;34;21650000;R;6;Brasil;70;100;;editado;202000
502;A;221;221|christianoliva;Vila Praiana;Vila Praiana;Vagner Ribeiro;VOL;MID;67;27;29900000;R;28;Brasil;70;100;;editado;193000
503;A;221;221|billalbrahimi;Vila Praiana;Vila Praiana;Adriano Melo;PD;ATT;65;22;24090000;L;25;Brasil;70;100;;editado;175000
504;A;221;221|thaciano;Vila Praiana;Vila Praiana;Pedro Melo;MEI;MID;65;34;18150000;R;16;Brasil;70;100;;editado;175000
505;A;221;221|gustavocaballero;Vila Praiana;Vila Praiana;João Machado;PE;ATT;65;24;25050000;R;2;Brasil;70;100;;editado;175000
506;A;221;221|willianarao;Vila Praiana;Vila Praiana;Márcio Carvalho;VOL;MID;63;26;22680000;R;15;Brasil;70;100;;editado;157000
507;A;221;221|gonzaloescobar;Vila Praiana;Vila Praiana;André Melo;LAE;DEF;63;30;19980000;L;31;Brasil;70;100;;editado;157000
508;A;221;221|luanperes;Vila Praiana;Vila Praiana;Everton Siqueira;ZAG;DEF;63;21;20580000;L;14;Brasil;70;100;;editado;157000
509;A;221;221|joaoschmidt;Vila Praiana;Vila Praiana;Nathan Tavares;VOL;MID;63;19;19740000;L;5;Brasil;70;100;;editado;157000
510;A;221;221|joaoananias;Vila Praiana;Vila Praiana;Alex Carvalho;ZAG;DEF;60;30;15570000;L;26;Brasil;70;100;;editado;130000
511;A;221;221|gustavinho;Vila Praiana;Vila Praiana;Cleiton Teixeira;VOL;MID;60;29;16380000;R;48;Brasil;70;100;;editado;130000
512;A;585;585|marcosantonio;Morumbi FC;Morumbi FC;Vinizinho;MC;MID;82;27;86000000;R;8;Brasil;70;100;;editado;496000
513;A;585;585|artur;Morumbi FC;Morumbi FC;Wesley Rocha;PD;ATT;79;31;54530000;L;37;Brasil;70;100;;editado;400000
514;A;585;585|damianbobadilla;Morumbi FC;Morumbi FC;Wagner Santos;MC;MID;77;22;54090000;R;16;Brasil;70;100;;editado;360000
515;A;585;585|pablomaia;Morumbi FC;Morumbi FC;Denilson Teixeira;VOL;MID;76;32;43400000;R;29;Brasil;70;100;;editado;340000
516;A;585;585|ryanfrancisco;Morumbi FC;Morumbi FC;Elias Carvalho;CA;ATT;75;25;50590000;L;49;Brasil;70;100;;editado;320000
517;A;585;585|alanfranco;Morumbi FC;Morumbi FC;Leonardo Santos;ZAG;DEF;75;23;48680000;R;28;Brasil;70;100;;editado;320000
518;A;585;585|ferreirinha;Morumbi FC;Morumbi FC;Raimundo Nascimento;PE;ATT;75;24;49640000;R;11;Brasil;70;100;;editado;320000
519;A;585;585|gonzalotapia;Morumbi FC;Morumbi FC;Leozinho;CA;ATT;74;33;35770000;R;14;Brasil;70;100;;editado;300000
520;A;585;585|enzodiaz;Morumbi FC;Morumbi FC;Wesley Martins;LAE;DEF;73;24;43020000;L;13;Brasil;70;100;;editado;280000
521;A;585;585|lucca;Morumbi FC;Morumbi FC;Otávio Martins;PE;ATT;73;28;43450000;R;45;Brasil;70;100;;editado;280000
522;A;585;585|cauly;Morumbi FC;Morumbi FC;Elias Siqueira;MEI;MID;73;22;41360000;B;80;Brasil;70;100;;editado;280000
523;A;585;585|andresilva;Morumbi FC;Morumbi FC;Ricardo Bezerra;CA;ATT;73;34;31170000;L;17;Brasil;70;100;;editado;280000
524;A;585;585|victorsa;Morumbi FC;Morumbi FC;Diego Pinto;PE;ATT;71;21;34300000;B;44;Brasil;70;100;;editado;240000
525;A;585;585|lucasmoura;Morumbi FC;Morumbi FC;Yuri Lima;PD;ATT;70;24;33090000;R;7;Brasil;70;100;;editado;220000
526;A;585;585|wendell;Morumbi FC;Morumbi FC;Jean Andrade;LAE;DEF;68;33;23070000;L;18;Brasil;70;100;;editado;202000
527;A;585;585|jonathancalleri;Morumbi FC;Morumbi FC;Vagner Ferreira;CA;ATT;68;20;27580000;R;9;Brasil;70;100;;editado;202000
528;A;585;585|carloscoronel;Morumbi FC;Morumbi FC;Bruno Ferreira;GOL;GK;68;33;23070000;R;31;Brasil;70;100;;editado;202000
529;A;585;585|maik;Morumbi FC;Morumbi FC;Gabriel Martins;LAD;DEF;68;27;31600000;R;42;Brasil;70;100;;editado;202000
530;A;585;585|luciano;Morumbi FC;Morumbi FC;Emersinho;CA;ATT;67;25;28810000;L;10;Brasil;70;100;;editado;193000
531;A;585;585|danielzinho;Morumbi FC;Morumbi FC;Wagner Lima;MC;MID;65;25;25540000;R;94;Brasil;70;100;;editado;175000
532;A;585;585|luan;Morumbi FC;Morumbi FC;Maicon Peixoto;VOL;MID;65;32;20540000;R;33;Brasil;70;100;;editado;175000
533;A;585;585|tete;Morumbi FC;Morumbi FC;Carlos Almeida;PE;ATT;65;24;25050000;B;34;Brasil;70;100;;editado;175000
534;A;585;585|felipenegrucci;Morumbi FC;Morumbi FC;Ricardo Pinto;VOL;MID;65;24;25050000;R;30;Brasil;70;100;;editado;175000
535;A;585;585|joaomoreira;Morumbi FC;Morumbi FC;Alan Machado;LAD;DEF;65;22;24090000;R;15;Brasil;70;100;;editado;175000
536;A;585;585|sabino;Morumbi FC;Morumbi FC;Hugo Carvalho;ZAG;DEF;65;33;19340000;L;35;Brasil;70;100;;editado;175000
537;A;585;585|rafaeltoloi;Morumbi FC;Morumbi FC;Emerson Vieira;ZAG;DEF;63;20;20160000;R;2;Brasil;70;100;;editado;157000
538;A;585;585|matheusbelem;Morumbi FC;Morumbi FC;Leonardo Batista;ZAG;DEF;63;30;19980000;L;37;Brasil;70;100;;editado;157000
539;A;585;585|lucasramon;Morumbi FC;Morumbi FC;Rafael Lima;LAD;DEF;63;23;21420000;R;19;Brasil;70;100;;editado;157000
540;A;585;585|cedricsoares;Morumbi FC;Morumbi FC;Alan Cardoso;LAD;DEF;60;30;15570000;R;21;Brasil;70;100;;editado;130000
541;A;585;585|rafael;Morumbi FC;Morumbi FC;Renato Oliveira;GOL;GK;59;30;14790000;L;23;Brasil;70;100;;editado;124800
542;A;978;978|andresgomez;Cruz-Maltino;Cruz-Maltino;Vinícius Barbosa;PE;ATT;81;20;68070000;R;11;Brasil;70;100;;editado;458000
543;A;978;978|cuiabano;Cruz-Maltino;Cruz-Maltino;Pedro Ferreira;LAE;DEF;81;29;70980000;L;66;Brasil;70;100;;editado;458000
544;A;978;978|robertrenan;Cruz-Maltino;Cruz-Maltino;Fábio Bezerra;ZAG;DEF;81;24;73750000;L;30;Brasil;70;100;;editado;458000
545;A;978;978|carloscuesta;Cruz-Maltino;Cruz-Maltino;Gustavo Nunes;ZAG;DEF;79;27;66500000;R;46;Brasil;70;100;;editado;400000
546;A;978;978|nunomoreira;Cruz-Maltino;Cruz-Maltino;Fábio Lima;PD;ATT;78;26;61850000;R;17;Brasil;70;100;;editado;380000
547;A;978;978|leojardim;Cruz-Maltino;Cruz-Maltino;Vitor Oliveira;GOL;GK;78;19;53840000;R;1;Brasil;70;100;;editado;380000
548;A;978;978|paulohenrique;Cruz-Maltino;Cruz-Maltino;Elias Peixoto;LAD;DEF;77;22;54090000;R;96;Brasil;70;100;;editado;360000
549;A;978;978|lucaspiton;Cruz-Maltino;Cruz-Maltino;Nathan Pinto;LAE;DEF;77;22;54090000;L;6;Brasil;70;100;;editado;360000
550;A;978;978|cauanbarros;Cruz-Maltino;Cruz-Maltino;Eduardo Correia;VOL;MID;76;26;54980000;R;88;Brasil;70;100;;editado;340000
551;A;978;978|marinohinestroza;Cruz-Maltino;Cruz-Maltino;Gabriel Gomes;PD;ATT;76;32;43400000;R;18;Brasil;70;100;;editado;340000
552;A;978;978|brenner;Cruz-Maltino;Cruz-Maltino;Raimundo Batista;CA;ATT;75;29;47780000;R;20;Brasil;70;100;;editado;320000
553;A;978;978|johanrojas;Cruz-Maltino;Cruz-Maltino;Felipe Correia;MEI;MID;74;27;49000000;R;10;Brasil;70;100;;editado;300000
554;A;978;978|claudiospinelli;Cruz-Maltino;Cruz-Maltino;Wagner Silva;CA;ATT;73;26;44670000;R;77;Brasil;70;100;;editado;280000
555;A;978;978|adson;Cruz-Maltino;Cruz-Maltino;Bruno Martins;PD;ATT;71;19;32900000;L;28;Brasil;70;100;;editado;240000
556;A;978;978|jp;Cruz-Maltino;Cruz-Maltino;Carlos Peixoto;MC;MID;70;33;25550000;B;98;Brasil;70;100;;editado;220000
557;A;978;978|joseluisrodriguez;Cruz-Maltino;Cruz-Maltino;Adriano Xavier;LAD;DEF;68;30;27330000;R;2;Brasil;70;100;;editado;202000
558;A;978;978|david;Cruz-Maltino;Cruz-Maltino;Jean Freitas;PE;ATT;68;24;29880000;R;7;Brasil;70;100;;editado;202000
559;A;978;978|thiagomendes;Cruz-Maltino;Cruz-Maltino;Pipo;VOL;MID;67;23;27730000;R;23;Brasil;70;100;;editado;193000
560;A;978;978|mateuscarvalho;Cruz-Maltino;Cruz-Maltino;Vitor Moreira;VOL;MID;66;34;19320000;L;85;Brasil;70;100;;editado;184000
561;A;978;978|alansaldivia;Cruz-Maltino;Cruz-Maltino;Thiago Gomes;ZAG;DEF;66;26;27690000;R;4;Brasil;70;100;;editado;184000
562;A;978;978|loideaugusto;Cruz-Maltino;Cruz-Maltino;Fábio Farias;PD;ATT;66;21;25120000;R;7;Brasil;70;100;;editado;184000
563;A;978;978|lucasfreitas;Cruz-Maltino;Cruz-Maltino;Wesley Tavares;ZAG;DEF;65;29;24120000;L;43;Brasil;70;100;;editado;175000
564;A;978;978|hugomoura;Cruz-Maltino;Cruz-Maltino;Wellington Freitas;VOL;MID;65;20;23130000;R;25;Brasil;70;100;;editado;175000
565;A;978;978|danielfuzato;Cruz-Maltino;Cruz-Maltino;Denilson Nunes;GOL;GK;64;22;22550000;R;13;Brasil;70;100;;editado;166000
566;A;978;978|jair;Cruz-Maltino;Cruz-Maltino;Alex Andrade;VOL;MID;63;20;20160000;R;8;Brasil;70;100;;editado;157000
567;A;978;978|tchetche;Cruz-Maltino;Cruz-Maltino;Bruno Barbosa;MC;MID;63;20;20160000;B;3;Brasil;70;100;;editado;157000
568;A;978;978|riquelme;Cruz-Maltino;Cruz-Maltino;Cícero Rodrigues;LAE;DEF;63;33;16860000;L;25;Brasil;70;100;;editado;157000
569;A;978;978|paulinho;Cruz-Maltino;Cruz-Maltino;Igor Melo;LAE;DEF;61;27;19700000;L;27;Brasil;70;100;;editado;139000
570;A;978;978|lukaszuccarello;Cruz-Maltino;Cruz-Maltino;José Machado;MEI;MID;59;30;14790000;R;17;Brasil;70;100;;editado;124800
571;A;978;978|jvfonseca;Cruz-Maltino;Cruz-Maltino;Paulo Rocha;LAD;DEF;49;29;7640000;R;60;Brasil;70;100;;editado;74000
572;A;2125;2125|luancandido;Rubro-Negro Baiano;Rubro-Negro Baiano;Jean Barbosa;LAE;DEF;73;33;33220000;L;36;Brasil;70;100;;editado;280000
573;A;2125;2125|matheuzinho;Rubro-Negro Baiano;Rubro-Negro Baiano;André Batista;MEI;MID;73;32;35260000;L;10;Brasil;70;100;;editado;280000
574;A;2125;2125|lucasarcanjo;Rubro-Negro Baiano;Rubro-Negro Baiano;Matheus Carvalho;GOL;GK;71;19;32900000;R;1;Brasil;70;100;;editado;240000
575;A;2125;2125|baralhas;Rubro-Negro Baiano;Rubro-Negro Baiano;Anderson Farias;VOL;MID;71;20;33600000;R;44;Brasil;70;100;;editado;240000
576;A;2125;2125|walace;Rubro-Negro Baiano;Rubro-Negro Baiano;Jean Monteiro;VOL;MID;71;33;28100000;R;28;Brasil;70;100;;editado;240000
577;A;2125;2125|erick;Rubro-Negro Baiano;Rubro-Negro Baiano;Hugo Farias;PD;ATT;71;23;35700000;L;33;Brasil;70;100;;editado;240000
578;A;2125;2125|ramon;Rubro-Negro Baiano;Rubro-Negro Baiano;Raimundo Farias;LAE;DEF;70;34;23980000;L;13;Brasil;70;100;;editado;220000
579;A;2125;2125|diegotarzia;Rubro-Negro Baiano;Rubro-Negro Baiano;Júlio Carvalho;PE;ATT;70;25;33730000;L;12;Brasil;70;100;;editado;220000
580;A;2125;2125|aitorcantalapiedra;Rubro-Negro Baiano;Rubro-Negro Baiano;Zeca;MEI;MID;69;26;32690000;L;17;Brasil;70;100;;editado;211000
581;A;2125;2125|riccieli;Rubro-Negro Baiano;Rubro-Negro Baiano;Thiago Pinto;ZAG;DEF;69;25;32090000;R;5;Brasil;70;100;;editado;211000
582;A;2125;2125|claudinho;Rubro-Negro Baiano;Rubro-Negro Baiano;Douglas Correia;LAD;DEF;69;33;24310000;R;2;Brasil;70;100;;editado;211000
583;A;2125;2125|caca;Rubro-Negro Baiano;Rubro-Negro Baiano;André Peixoto;ZAG;DEF;68;32;24490000;R;25;Brasil;70;100;;editado;202000
584;A;2125;2125|nathanmendes;Rubro-Negro Baiano;Rubro-Negro Baiano;Anderson Bezerra;LAD;DEF;68;20;27580000;R;45;Brasil;70;100;;editado;202000
585;A;2125;2125|pedrohenrique;Rubro-Negro Baiano;Rubro-Negro Baiano;Maiquinho;CA;ATT;68;29;28760000;L;9;Brasil;70;100;;editado;202000
586;A;2125;2125|emmanuelmartinez;Rubro-Negro Baiano;Rubro-Negro Baiano;Nathan Melo;MEI;MID;66;19;24100000;R;6;Brasil;70;100;;editado;184000
587;A;2125;2125|rubenismael;Rubro-Negro Baiano;Rubro-Negro Baiano;Julinho;VOL;MID;66;23;26150000;R;16;Brasil;70;100;;editado;184000
588;A;2125;2125|rene;Rubro-Negro Baiano;Rubro-Negro Baiano;Jeaninho;PE;ATT;65;22;24090000;R;29;Brasil;70;100;;editado;175000
589;A;2125;2125|renatokayzer;Rubro-Negro Baiano;Rubro-Negro Baiano;Carlos Lima;CA;ATT;65;30;22920000;R;79;Brasil;70;100;;editado;175000
590;A;2125;2125|fabri;Rubro-Negro Baiano;Rubro-Negro Baiano;Eduardo Martins;CA;ATT;64;26;24350000;R;23;Brasil;70;100;;editado;166000
591;A;2125;2125|lucasbraga;Rubro-Negro Baiano;Rubro-Negro Baiano;Yuri Pereira;PE;ATT;64;25;23900000;R;3;Brasil;70;100;;editado;166000
592;A;2125;2125|mateussilva;Rubro-Negro Baiano;Rubro-Negro Baiano;Robinho Ribeiro;LAD;DEF;63;26;22680000;R;98;Brasil;70;100;;editado;157000
593;A;2125;2125|jamerson;Rubro-Negro Baiano;Rubro-Negro Baiano;Wagner Monteiro;LAE;DEF;63;29;21020000;L;83;Brasil;70;100;;editado;157000
594;A;2125;2125|eduribeiro;Rubro-Negro Baiano;Rubro-Negro Baiano;Valdir Lima;ZAG;DEF;63;21;20580000;R;43;Brasil;70;100;;editado;157000
595;A;2125;2125|lucassilva;Rubro-Negro Baiano;Rubro-Negro Baiano;Francisco Ribeiro;PD;ATT;63;28;22060000;R;20;Brasil;70;100;;editado;157000
596;A;2125;2125|renzolopez;Rubro-Negro Baiano;Rubro-Negro Baiano;Marcos Almeida;CA;ATT;62;24;20230000;R;31;Brasil;70;100;;editado;148000
597;A;2125;2125|dudu;Rubro-Negro Baiano;Rubro-Negro Baiano;Robinho Barbosa;VOL;MID;61;28;18810000;L;21;Brasil;70;100;;editado;139000
598;A;2125;2125|caiquegoncalves;Rubro-Negro Baiano;Rubro-Negro Baiano;Tiaguinho;VOL;MID;60;29;16380000;R;95;Brasil;70;100;;editado;130000
599;A;2125;2125|zevitor;Rubro-Negro Baiano;Rubro-Negro Baiano;Felipe Pereira;MC;MID;60;21;16040000;R;88;Brasil;70;100;;editado;130000
600;A;2125;2125|gabriel;Rubro-Negro Baiano;Rubro-Negro Baiano;Thiago Lima;GOL;GK;59;24;16170000;R;22;Brasil;70;100;;editado;124800
601;A;2125;2125|kikesaverio;Rubro-Negro Baiano;Rubro-Negro Baiano;Carlos Souza;PE;ATT;59;28;16330000;B;19;Brasil;70;100;;editado;124800
602;B;br_B_2863;br_B_2863|gonzalomastriani;Coelho Mineiro;Coelho Mineiro;Jhon Gómez;CA;ATT;37;33;2260000;L;17;Uruguay;70;100;;editado;35800
603;B;br_B_2863;br_B_2863|lucasosa;Coelho Mineiro;Coelho Mineiro;Dudu;ZAG;DEF;35;32;1940000;L;;Argentina;70;100;;editado;31000
604;B;br_B_2863;br_B_2863|dalberthenriquechagasestevao;Coelho Mineiro;Coelho Mineiro;Wellington Oliveira;LAE;DEF;34;32;1800000;L;29;Brazil;70;100;;editado;29200
605;B;br_B_2863;br_B_2863|nathanraphaelpelaecardoso;Coelho Mineiro;Coelho Mineiro;Otávio Nunes;ZAG;DEF;33;31;1750000;R;3;Brazil;70;100;;editado;27400
606;B;br_B_2863;br_B_2863|yagosouzadesantana;Coelho Mineiro;Coelho Mineiro;Vitor Lima;MEI;MID;33;20;1870000;R;10;Brazil;70;100;;editado;27400
607;B;br_B_2863;br_B_2863|yarlenfaustinoaugusto;Coelho Mineiro;Coelho Mineiro;Emer;PD;ATT;33;20;1870000;R;67;Brazil;70;100;;editado;27400
608;B;br_B_2863;br_B_2863|matiassegovia;Coelho Mineiro;Coelho Mineiro;Miguel Salazar;PD;ATT;33;23;1980000;L;77;Paraguay;70;100;;editado;27400
609;B;br_B_2863;br_B_2863|leandrosantosdonascimento;Coelho Mineiro;Coelho Mineiro;Fábio Dias;LAD;DEF;32;27;1960000;R;22;Brazil;70;100;;editado;25600
610;B;br_B_2863;br_B_2863|alexdasilva;Coelho Mineiro;Coelho Mineiro;Fernando Peixoto;LAD;DEF;32;32;1520000;R;15;Brazil;70;100;;editado;25600
611;B;br_B_2863;br_B_2863|valdemirdeoliveirasoares;Coelho Mineiro;Coelho Mineiro;Carlos Dias;VOL;MID;32;29;1780000;R;97;Brazil;70;100;;editado;25600
612;B;br_B_2863;br_B_2863|felipeamaralcasarindamasceno;Coelho Mineiro;Coelho Mineiro;Fábio Andrade;MC;MID;32;23;1820000;R;8;Brazil;70;100;;editado;25600
613;B;br_B_2863;br_B_2863|fernandoelizari;Coelho Mineiro;Coelho Mineiro;Andrés Pérez;MEI;MID;32;35;1250000;R;5;Argentina;70;100;;editado;25600
614;B;br_B_2863;br_B_2863|luizgustavoalmeidapinto;Coelho Mineiro;Coelho Mineiro;Jão;GOL;GK;31;33;1300000;R;1;Brazil;70;100;;editado;23800
615;B;br_B_2863;br_B_2863|ricardocesardantasdasilva;Coelho Mineiro;Coelho Mineiro;Marciel;ZAG;DEF;31;33;1300000;R;45;Brazil;70;100;;editado;23800
616;B;br_B_2863;br_B_2863|manoelmessiassilvacarvalho;Coelho Mineiro;Coelho Mineiro;Jota;ZAG;DEF;31;36;1060000;R;26;Brazil;70;100;;editado;23800
617;B;br_B_2863;br_B_2863|alexandreegea;Coelho Mineiro;Coelho Mineiro;Vagner Vieira;VOL;MID;31;36;1060000;R;16;Brazil;70;100;;editado;23800
618;B;br_B_2863;br_B_2863|williangomesdesiqueira;Coelho Mineiro;Coelho Mineiro;Vinícius Correia;SA;ATT;31;39;820000;R;9;Brazil;70;100;;editado;23800
619;B;br_B_2863;br_B_2863|jhonnycardinotipedro;Coelho Mineiro;Coelho Mineiro;Pedro Freitas;LAD;DEF;30;24;1510000;R;42;Brazil;70;100;;editado;22000
620;B;br_B_2863;br_B_2863|tobiasostchega;Coelho Mineiro;Coelho Mineiro;Maximiliano Rojas;LAE;DEF;29;27;1480000;L;;Argentina;70;100;;editado;20600
621;B;br_B_2863;br_B_2863|paulovictorferreiradejesus;Coelho Mineiro;Coelho Mineiro;Robinho Bezerra;PE;ATT;29;25;1430000;L;20;Brazil;70;100;;editado;20600
622;B;br_B_2863;br_B_2863|rodrigopineiro;Coelho Mineiro;Coelho Mineiro;Agustín Viveros;PD;ATT;29;27;1480000;R;;Uruguay;70;100;;editado;20600
623;B;br_B_2863;br_B_2863|brenohenriqueneresteixeira;Coelho Mineiro;Coelho Mineiro;Wagner Peixoto;CA;ATT;29;24;1400000;L;99;Brazil;70;100;;editado;20600
624;B;br_B_2863;br_B_2863|italogustavodeaquinobrito;Coelho Mineiro;Coelho Mineiro;Denilson Machado;GOL;GK;27;20;1080000;R;52;Brazil;70;100;;editado;17800
625;B;br_B_2863;br_B_2863|thauanwillianjesussilva;Coelho Mineiro;Coelho Mineiro;Sebastião Peixoto;PD;ATT;27;22;1130000;L;11;Brazil;70;100;;editado;17800
626;B;br_B_2863;br_B_2863|guilhermeparedepinheiro;Coelho Mineiro;Coelho Mineiro;Denilson Nascimento;PD;ATT;27;30;1070000;R;7;Brazil;70;100;;editado;17800
627;B;br_B_64918;br_B_64918|lucasbelezi;Esquadrão de Aço;Esquadrão de Aço;Raimundo Siqueira;ZAG;DEF;36;23;2600000;R;;Brazil;70;100;;editado;33400
628;B;br_B_64918;br_B_64918|luanpolligomes;Esquadrão de Aço;Esquadrão de Aço;Leandro Pinto;GOL;GK;34;33;1690000;R;;Brazil;70;100;;editado;29200
629;B;br_B_64918;br_B_64918|josecarloscracconeto;Esquadrão de Aço;Esquadrão de Aço;Wesley Batista;LAD;DEF;34;32;1800000;R;;Brazil;70;100;;editado;29200
630;B;br_B_64918;br_B_64918|leonardoalveschufranco;Esquadrão de Aço;Esquadrão de Aço;Wagner Freitas;PE;ATT;34;26;2280000;L;;Brazil;70;100;;editado;29200
631;B;br_B_64918;br_B_64918|ronaldotavares;Esquadrão de Aço;Esquadrão de Aço;Miguel Carvalho;CA;ATT;34;28;2220000;R;;Portugal;70;100;;editado;29200
632;B;br_B_64918;br_B_64918|kauanrodriguesdasilva;Esquadrão de Aço;Esquadrão de Aço;Cícero Dias;MC;MID;33;21;1910000;R;;Brazil;70;100;;editado;27400
633;B;br_B_64918;br_B_64918|dixonvera;Esquadrão de Aço;Esquadrão de Aço;Édison Mendoza;PE;ATT;33;23;1980000;R;;Ecuador;70;100;;editado;27400
634;B;br_B_64918;br_B_64918|ianluccasbaroniboetto;Esquadrão de Aço;Esquadrão de Aço;Hugo Xavier;VOL;MID;32;23;1820000;R;;Brazil;70;100;;editado;25600
635;B;br_B_64918;br_B_64918|diogobatistadesouza;Esquadrão de Aço;Esquadrão de Aço;Vinícius Oliveira;LAD;DEF;31;22;1620000;R;;Brazil;70;100;;editado;23800
636;B;br_B_64918;br_B_64918|yagosantosdeandrade;Esquadrão de Aço;Esquadrão de Aço;Marcos Batista;MC;MID;31;23;1650000;L;;Brazil;70;100;;editado;23800
637;B;br_B_64918;br_B_64918|joaovictorbroadmoreiraguimaraes;Esquadrão de Aço;Esquadrão de Aço;Valdir Gomes;MC;MID;31;22;1620000;R;;Brazil;70;100;;editado;23800
638;B;br_B_64918;br_B_64918|gustavocesarmendoncagravino;Esquadrão de Aço;Esquadrão de Aço;Robson Andrade;MEI;MID;31;24;1680000;L;;Brazil;70;100;;editado;23800
639;B;br_B_64918;br_B_64918|ruanlucasdeassis;Esquadrão de Aço;Esquadrão de Aço;Rafael Nunes;PD;ATT;31;22;1620000;R;;Brazil;70;100;;editado;23800
640;B;br_B_64918;br_B_64918|kauangabrielcordeirolindes;Esquadrão de Aço;Esquadrão de Aço;Danilo Batista;MEI;MID;30;22;1450000;R;;Brazil;70;100;;editado;22000
641;B;br_B_64918;br_B_64918|jhonatanluizdasiqueira;Esquadrão de Aço;Esquadrão de Aço;Vitor Cardoso;GOL;GK;29;35;950000;R;;Brazil;70;100;;editado;20600
642;B;br_B_64918;br_B_64918|jhonatanpaulodasilva;Esquadrão de Aço;Esquadrão de Aço;Vitor Andrade;ZAG;DEF;29;27;1480000;R;;Brazil;70;100;;editado;20600
643;B;br_B_64918;br_B_64918|philipesampaio;Esquadrão de Aço;Esquadrão de Aço;Maicon Siqueira;ZAG;DEF;29;31;1210000;R;;Brazil;70;100;;editado;20600
644;B;br_B_64918;br_B_64918|rodrigosilvanascimento;Esquadrão de Aço;Esquadrão de Aço;Taves;LAE;DEF;29;22;1350000;L;;Brazil;70;100;;editado;20600
645;B;br_B_64918;br_B_64918|douglasdasilvasantos;Esquadrão de Aço;Esquadrão de Aço;Elias Farias;LAD;DEF;29;26;1450000;R;;Brazil;70;100;;editado;20600
646;B;br_B_64918;br_B_64918|giancabezas;Esquadrão de Aço;Esquadrão de Aço;Édison Gómez;MC;MID;29;23;1370000;L;;Colombia;70;100;;editado;20600
647;B;br_B_64918;br_B_64918|joaoadrianosadealmeida;Esquadrão de Aço;Esquadrão de Aço;Renato Vieira;PD;ATT;28;23;1260000;L;;Brazil;70;100;;editado;19200
648;B;br_B_64918;br_B_64918|otaviobrunodossantos;Esquadrão de Aço;Esquadrão de Aço;Douglas Andrade;PD;ATT;27;23;1150000;L;;Brazil;70;100;;editado;17800
649;B;br_B_64918;br_B_64918|wilintonaponza;Esquadrão de Aço;Esquadrão de Aço;Joaquín Flores;CA;ATT;27;26;1220000;R;;Colombia;70;100;;editado;17800
650;B;br_B_64918;br_B_64918|samuelotusanya;Esquadrão de Aço;Esquadrão de Aço;Chukwuemeka Furtado;CA;ATT;27;22;1130000;L;;Nigeria;70;100;;editado;17800
651;B;br_B_64918;br_B_64918|gabrieldasilvamoyses;Esquadrão de Aço;Esquadrão de Aço;Wallace Oliveira;CA;ATT;27;23;1150000;L;;Brazil;70;100;;editado;17800
652;B;br_B_15172;br_B_15172|gustavocoutinhosilvalopes;Dragão Goiano;Dragão Goiano;Igor Guimarães;CA;ATT;36;27;2800000;R;;Brazil;70;100;;editado;33400
653;B;br_B_15172;br_B_15172|natafelipedeamorimsantos;Dragão Goiano;Dragão Goiano;Elias Dias;ZAG;DEF;34;25;2240000;R;;Brazil;70;100;;editado;29200
654;B;br_B_15172;br_B_15172|guilhermelopesdealmeida;Dragão Goiano;Dragão Goiano;Gustavo Teixeira;LAE;DEF;34;24;2190000;L;;Brazil;70;100;;editado;29200
655;B;br_B_15172;br_B_15172|adrianomartinsdafonseca;Dragão Goiano;Dragão Goiano;Adriano Cardoso;ZAG;DEF;33;29;1950000;R;;Brazil;70;100;;editado;27400
656;B;br_B_15172;br_B_15172|juniorbarreto;Dragão Goiano;Dragão Goiano;Wilson Vargas;ZAG;DEF;33;28;2040000;R;;Paraguay;70;100;;editado;27400
657;B;br_B_15172;br_B_15172|matheussalgueiropains;Dragão Goiano;Dragão Goiano;Yuri Pinto;VOL;MID;33;26;2100000;R;;Brazil;70;100;;editado;27400
658;B;br_B_15172;br_B_15172|marronydasilvaliberatosilveira;Dragão Goiano;Dragão Goiano;Paulo Xavier;PD;ATT;33;27;2140000;L;;Brazil;70;100;;editado;27400
659;B;br_B_15172;br_B_15172|guilhermeromao;Dragão Goiano;Dragão Goiano;Alex Nascimento;LAE;DEF;32;28;1870000;L;;Brazil;70;100;;editado;25600
660;B;br_B_15172;br_B_15172|jadergentil;Dragão Goiano;Dragão Goiano;Pedro Cardoso;PE;ATT;32;22;1780000;R;;Brazil;70;100;;editado;25600
661;B;br_B_15172;br_B_15172|brunojosedesouza;Dragão Goiano;Dragão Goiano;Wagner Siqueira;PD;ATT;32;28;1870000;R;;Brazil;70;100;;editado;25600
662;B;br_B_15172;br_B_15172|paulovitorfagundesdosanjos;Dragão Goiano;Dragão Goiano;Rodrigo Siqueira;GOL;GK;31;37;980000;R;;Brazil;70;100;;editado;23800
663;B;br_B_15172;br_B_15172|geovanebatistadefaria;Dragão Goiano;Dragão Goiano;Raimundo Pereira;VOL;MID;31;37;980000;R;;Brazil;70;100;;editado;23800
664;B;br_B_15172;br_B_15172|guilhermecostamarques;Dragão Goiano;Dragão Goiano;Thiago Ferreira;MEI;MID;31;35;1140000;L;;Brazil;70;100;;editado;23800
665;B;br_B_15172;br_B_15172|danielalvesdelima;Dragão Goiano;Dragão Goiano;Yurizinho;CA;ATT;30;21;1430000;R;;Brazil;70;100;;editado;22000
666;B;br_B_15172;br_B_15172|ewerthondiogenesdasilva;Dragão Goiano;Dragão Goiano;Carlão;LAD;DEF;29;25;1430000;R;;Brazil;70;100;;editado;20600
667;B;br_B_15172;br_B_15172|leandrovilelasalesteixeira;Dragão Goiano;Dragão Goiano;Raimundo Costa;VOL;MID;29;31;1210000;R;;Brazil;70;100;;editado;20600
668;B;br_B_15172;br_B_15172|igorhenriquemartinsmachado;Dragão Goiano;Dragão Goiano;Tonico;MC;MID;29;34;1010000;R;;Brazil;70;100;;editado;20600
669;B;br_B_15172;br_B_15172|joaovictorvazlopespinto;Dragão Goiano;Dragão Goiano;Fernando Costa;PD;ATT;29;25;1430000;R;;Brazil;70;100;;editado;20600
670;B;br_B_15172;br_B_15172|leonardogomesdasilvajaco;Dragão Goiano;Dragão Goiano;Adriano Teixeira;CA;ATT;29;21;1320000;L;;Brazil;70;100;;editado;20600
671;B;br_B_15172;br_B_15172|leonardodemedeirosguimaraesrosa;Dragão Goiano;Dragão Goiano;Diego Oliveira;GOL;GK;27;24;1170000;R;;Brazil;70;100;;editado;17800
672;B;br_B_15172;br_B_15172|redneyemanueldejesusassis;Dragão Goiano;Dragão Goiano;Wesley Vieira;MEI;MID;27;24;1170000;L;;Brazil;70;100;;editado;17800
673;B;br_B_15172;br_B_15172|guilhermehenriquedeoliveiramorais;Dragão Goiano;Dragão Goiano;Daninho;PE;ATT;27;19;1060000;R;;Brazil;70;100;;editado;17800
674;B;br_B_15172;br_B_15172|leonardosantiagobarcelar;Dragão Goiano;Dragão Goiano;Jean Almeida;PD;ATT;27;27;1240000;L;;Brazil;70;100;;editado;17800
675;B;br_B_15172;br_B_15172|gabrielaraujolima;Dragão Goiano;Dragão Goiano;Francisco Nunes;PD;ATT;27;21;1100000;L;;Portugal;70;100;;editado;17800
676;B;br_B_15172;br_B_15172|geovanydossantossoares;Dragão Goiano;Dragão Goiano;Gustavo Nascimento;CA;ATT;27;25;1190000;R;;Brazil;70;100;;editado;17800
677;B;br_B_2035;br_B_2035|josericardobarbosaribeirodrumond;Azurra Catarinense;Azurra Catarinense;João Rodrigues;VOL;MID;34;30;2010000;R;77;Brazil;70;100;;editado;29200
678;B;br_B_2035;br_B_2035|wendersonoliveiradonascimento;Azurra Catarinense;Azurra Catarinense;Antônio Costa;MC;MID;34;27;2320000;R;95;Brazil;70;100;;editado;29200
679;B;br_B_2035;br_B_2035|danielpenha;Azurra Catarinense;Azurra Catarinense;Emerson Dias;MEI;MID;33;27;2140000;L;14;Brazil;70;100;;editado;27400
680;B;br_B_2035;br_B_2035|thayllonroberthdossantosrebelo;Azurra Catarinense;Azurra Catarinense;Weslinho;PD;ATT;33;19;1830000;L;43;Brazil;70;100;;editado;27400
681;B;br_B_2035;br_B_2035|wesleydaviddeoliveiraandrade;Azurra Catarinense;Azurra Catarinense;Sebastião Souza;LAD;DEF;32;26;1920000;R;52;Brazil;70;100;;editado;25600
682;B;br_B_2035;br_B_2035|paulovitormonteiro;Azurra Catarinense;Azurra Catarinense;Eduardo Cavalcanti;VOL;MID;32;21;1750000;R;25;Brazil;70;100;;editado;25600
683;B;br_B_2035;br_B_2035|guilhermeaquinovargasdossantos;Azurra Catarinense;Azurra Catarinense;Nathan Cavalcanti;ZAG;DEF;31;22;1620000;R;15;Brazil;70;100;;editado;23800
684;B;br_B_2035;br_B_2035|mateusquaresmacorreia;Azurra Catarinense;Azurra Catarinense;Leandro Guimarães;LAE;DEF;30;29;1460000;L;66;Brazil;70;100;;editado;22000
685;B;br_B_2035;br_B_2035|igorjosebohn;Azurra Catarinense;Azurra Catarinense;Otávio Almeida;GOL;GK;29;30;1280000;R;1;Brazil;70;100;;editado;20600
686;B;br_B_2035;br_B_2035|otavioaugustodepaulapassos;Azurra Catarinense;Azurra Catarinense;Sebastião Silva;GOL;GK;29;33;1080000;R;21;Brazil;70;100;;editado;20600
687;B;br_B_2035;br_B_2035|jeffersonmacielbento;Azurra Catarinense;Azurra Catarinense;Cleiton Dias;ZAG;DEF;29;23;1370000;R;38;Brazil;70;100;;editado;20600
688;B;br_B_2035;br_B_2035|wallisonnunessilva;Azurra Catarinense;Azurra Catarinense;Kaique Lima;LAD;DEF;29;24;1400000;R;2;Brazil;70;100;;editado;20600
689;B;br_B_2035;br_B_2035|romildodelpiage;Azurra Catarinense;Azurra Catarinense;Sebastião Batista;MC;MID;29;26;1450000;R;5;Brazil;70;100;;editado;20600
690;B;br_B_2035;br_B_2035|hyancarvalhomachadosilva;Azurra Catarinense;Azurra Catarinense;Cícero Araújo;MC;MID;29;22;1350000;R;18;Brazil;70;100;;editado;20600
691;B;br_B_2035;br_B_2035|luizhenriquearaujosilva;Azurra Catarinense;Azurra Catarinense;Robson Carvalho;MEI;MID;29;27;1480000;L;8;Brazil;70;100;;editado;20600
692;B;br_B_2035;br_B_2035|jeanlucasfigueiredo;Azurra Catarinense;Azurra Catarinense;Matheus Peixoto;MEI;MID;29;31;1210000;R;10;Brazil;70;100;;editado;20600
693;B;br_B_2035;br_B_2035|leonardogamalhodesouza;Azurra Catarinense;Azurra Catarinense;Danilo Barbosa;CA;ATT;29;40;670000;R;9;Brazil;70;100;;editado;20600
694;B;br_B_2035;br_B_2035|joaovictoroliveiradossantos;Azurra Catarinense;Azurra Catarinense;Cícero Ribeiro;PE;ATT;28;21;1210000;R;11;Brazil;70;100;;editado;19200
695;B;br_B_2035;br_B_2035|gabrielpereirasimples;Azurra Catarinense;Azurra Catarinense;Wagner Batista;ZAG;DEF;27;21;1100000;R;4;Brazil;70;100;;editado;17800
696;B;br_B_2035;br_B_2035|jamersondossantosnascimento;Azurra Catarinense;Azurra Catarinense;Paulo Gomes;VOL;MID;27;19;1060000;R;16;Brazil;70;100;;editado;17800
697;B;br_B_2035;br_B_2035|viniciusgugeldasilva;Azurra Catarinense;Azurra Catarinense;Everton Farias;VOL;MID;27;19;1060000;R;19;Brazil;70;100;;editado;17800
698;B;br_B_2035;br_B_2035|josearturpedrodasilva;Azurra Catarinense;Azurra Catarinense;Samuel Nunes;MC;MID;27;24;1170000;R;27;Brazil;70;100;;editado;17800
699;B;br_B_2035;br_B_2035|juansousarochaleandro;Azurra Catarinense;Azurra Catarinense;José Costa;PE;ATT;27;21;1100000;R;17;Brazil;70;100;;editado;17800
700;B;br_B_2035;br_B_2035|isaiaspereiradasilva;Azurra Catarinense;Azurra Catarinense;Igão;PE;ATT;27;21;1100000;R;20;Brazil;70;100;;editado;17800
701;B;br_B_2035;br_B_2035|renanrodriguesdasilvadiasjunior;Azurra Catarinense;Azurra Catarinense;Denilson Santos;PD;ATT;27;22;1130000;R;;Brazil;70;100;;editado;17800
702;B;br_B_9030;br_B_9030|evertonmorellicasimiro;Tricolor de Ribeirão;Tricolor de Ribeirão;Robinho Gomes;MC;MID;35;28;2390000;R;8;Brazil;70;100;;editado;31000
703;B;br_B_9030;br_B_9030|leandromaciel;Tricolor de Ribeirão;Tricolor de Ribeirão;Cristian Sánchez;VOL;MID;33;30;1850000;R;5;Argentina;70;100;;editado;27400
704;B;br_B_9030;br_B_9030|matheusdesalescabral;Tricolor de Ribeirão;Tricolor de Ribeirão;Vagner Nascimento;VOL;MID;33;31;1750000;R;16;Brazil;70;100;;editado;27400
705;B;br_B_9030;br_B_9030|rafaelgustavomeneghelgava;Tricolor de Ribeirão;Tricolor de Ribeirão;Fernando Almeida;MEI;MID;33;33;1560000;R;10;Brazil;70;100;;editado;27400
706;B;br_B_9030;br_B_9030|wallacefortunadossantos;Tricolor de Ribeirão;Tricolor de Ribeirão;Marcos Carvalho;ZAG;DEF;32;31;1610000;R;13;Brazil;70;100;;editado;25600
707;B;br_B_9030;br_B_9030|patrickbrey;Tricolor de Ribeirão;Tricolor de Ribeirão;Denilson Batista;LAE;DEF;32;29;1780000;L;6;Brazil;70;100;;editado;25600
708;B;br_B_9030;br_B_9030|arthurcaikedonascimentocruz;Tricolor de Ribeirão;Tricolor de Ribeirão;Danilo Melo;PE;ATT;32;34;1340000;R;18;Brazil;70;100;;editado;25600
709;B;br_B_9030;br_B_9030|kelvingiacobealvesdossantos;Tricolor de Ribeirão;Tricolor de Ribeirão;Carlos Costa;PD;ATT;32;28;1870000;R;7;Brazil;70;100;;editado;25600
710;B;br_B_9030;br_B_9030|guilhermemarianobarbosa;Tricolor de Ribeirão;Tricolor de Ribeirão;Tiago Guimarães;ZAG;DEF;29;26;1450000;R;15;Brazil;70;100;;editado;20600
711;B;br_B_9030;br_B_9030|felipevieiraaugusto;Tricolor de Ribeirão;Tricolor de Ribeirão;Jean Rocha;LAE;DEF;29;27;1480000;L;26;Brazil;70;100;;editado;20600
712;B;br_B_9030;br_B_9030|gabrieldesouzainocencio;Tricolor de Ribeirão;Tricolor de Ribeirão;Jonathan Guimarães;LAD;DEF;29;31;1210000;R;22;Brazil;70;100;;editado;20600
713;B;br_B_9030;br_B_9030|josehugosousadossantos;Tricolor de Ribeirão;Tricolor de Ribeirão;Danilo Andrade;PE;ATT;29;26;1450000;R;30;Brazil;70;100;;editado;20600
714;B;br_B_9030;br_B_9030|jeffersonvasconcelosbrazdasilva;Tricolor de Ribeirão;Tricolor de Ribeirão;Jonathan Xavier;PE;ATT;29;30;1280000;R;11;Brazil;70;100;;editado;20600
715;B;br_B_9030;br_B_9030|luizguilhermevieiradasilva;Tricolor de Ribeirão;Tricolor de Ribeirão;Eduardo Bezerra;CA;ATT;29;23;1370000;L;21;Brazil;70;100;;editado;20600
716;B;br_B_9030;br_B_9030|pedrohenriquesouzadonascimento;Tricolor de Ribeirão;Tricolor de Ribeirão;Wellington Xavier;LAD;DEF;28;19;1160000;R;31;Brazil;70;100;;editado;19200
717;B;br_B_9030;br_B_9030|joaovitorhipolitocosta;Tricolor de Ribeirão;Tricolor de Ribeirão;Rafinha;MC;MID;28;21;1210000;R;;Brazil;70;100;;editado;19200
718;B;br_B_9030;br_B_9030|jordanestevesdacostadaniel;Tricolor de Ribeirão;Tricolor de Ribeirão;Jonathan Tavares;GOL;GK;27;28;1180000;R;12;Brazil;70;100;;editado;17800
719;B;br_B_9030;br_B_9030|brennofaroklippel;Tricolor de Ribeirão;Tricolor de Ribeirão;Matheus Batista;GOL;GK;27;23;1150000;R;25;Brazil;70;100;;editado;17800
720;B;br_B_9030;br_B_9030|yurifelipesantosdaconceicao;Tricolor de Ribeirão;Tricolor de Ribeirão;Bruno Guimarães;MC;MID;27;20;1080000;R;20;Brazil;70;100;;editado;17800
721;B;br_B_9030;br_B_9030|marciocarlospestanadutra;Tricolor de Ribeirão;Tricolor de Ribeirão;Wagner Almeida;PE;ATT;27;27;1240000;R;19;Brazil;70;100;;editado;17800
722;B;br_B_9030;br_B_9030|wesleypinheirosantos;Tricolor de Ribeirão;Tricolor de Ribeirão;Lucas Bezerra;PE;ATT;27;25;1190000;R;23;Brazil;70;100;;editado;17800
723;B;br_B_9030;br_B_9030|hygorclebergarciasilva;Tricolor de Ribeirão;Tricolor de Ribeirão;Ricardo Teixeira;CA;ATT;27;33;910000;R;9;Brazil;70;100;;editado;17800
724;B;br_B_9030;br_B_9030|guilhermedequeirozgoncalves;Tricolor de Ribeirão;Tricolor de Ribeirão;Francisco Bezerra;CA;ATT;27;36;740000;R;17;Brazil;70;100;;editado;17800
725;B;br_B_9030;br_B_9030|kauadossantosfreire;Tricolor de Ribeirão;Tricolor de Ribeirão;Adriano Moreira;CA;ATT;27;19;1060000;R;;Brazil;70;100;;editado;17800
726;B;br_B_9030;br_B_9030|thalleseduardogomesferreiradosramos;Tricolor de Ribeirão;Tricolor de Ribeirão;Danilo Pinto;CA;ATT;27;21;1100000;R;32;Brazil;70;100;;editado;17800
727;B;br_B_2029;br_B_2029|viniciusnelsondesouzazanocelo;Vovô Cearense;Vovô Cearense;Carlos Monteiro;VOL;MID;37;25;2990000;R;25;Brazil;70;100;;editado;35800
728;B;br_B_2029;br_B_2029|wendeldasilvacosta;Vovô Cearense;Vovô Cearense;Diego Bezerra;CA;ATT;37;25;2990000;R;9;Brazil;70;100;;editado;35800
729;B;br_B_2029;br_B_2029|matheusleonardosalescardoso;Vovô Cearense;Vovô Cearense;Jonatinho;MEI;MID;36;28;2670000;R;98;Brazil;70;100;;editado;33400
730;B;br_B_2029;br_B_2029|matheusdearaujoandrade;Vovô Cearense;Vovô Cearense;Adriano Oliveira;MEI;MID;36;24;2650000;R;8;Brazil;70;100;;editado;33400
731;B;br_B_2029;br_B_2029|gustavopradoalves;Vovô Cearense;Vovô Cearense;Ricardo Carvalho;PD;ATT;36;21;2490000;R;30;Brazil;70;100;;editado;33400
732;B;br_B_2029;br_B_2029|renzolopez;Vovô Cearense;Vovô Cearense;Joaquín Pérez;CA;ATT;36;32;2170000;R;;Uruguay;70;100;;editado;33400
733;B;br_B_2029;br_B_2029|luizotaviodasilvasantos;Vovô Cearense;Vovô Cearense;Leonardo Araújo;ZAG;DEF;35;33;1820000;R;4;Brazil;70;100;;editado;31000
734;B;br_B_2029;br_B_2029|juanmatheusalanonascimento;Vovô Cearense;Vovô Cearense;Kaique Guimarães;PD;ATT;35;29;2280000;R;10;Brazil;70;100;;editado;31000
735;B;br_B_2029;br_B_2029|brunoferreiraventuradiniz;Vovô Cearense;Vovô Cearense;Valdir Moreira;GOL;GK;32;32;1520000;R;94;Brazil;70;100;;editado;25600
736;B;br_B_2029;br_B_2029|savioantonioalves;Vovô Cearense;Vovô Cearense;Elias Santos;LAE;DEF;32;31;1610000;L;;Brazil;70;100;;editado;25600
737;B;br_B_2029;br_B_2029|rafaelramos;Vovô Cearense;Vovô Cearense;Vasco Pinto;LAD;DEF;32;31;1610000;R;2;Portugal;70;100;;editado;25600
738;B;br_B_2029;br_B_2029|viniciusgoesbarbosadesouza;Vovô Cearense;Vovô Cearense;Bruno Cardoso;MEI;MID;32;35;1250000;R;29;Brazil;70;100;;editado;25600
739;B;br_B_2029;br_B_2029|luccaholandasampaiotavares;Vovô Cearense;Vovô Cearense;Robson Nascimento;CA;ATT;32;23;1820000;R;99;Brazil;70;100;;editado;25600
740;B;br_B_2029;br_B_2029|juliocesaralvesgoncalves;Vovô Cearense;Vovô Cearense;Robson Pereira;ZAG;DEF;31;22;1620000;R;18;Brazil;70;100;;editado;23800
741;B;br_B_2029;br_B_2029|fernandoaugustopereirabuenojunior;Vovô Cearense;Vovô Cearense;Emerson Costa;LAE;DEF;31;26;1750000;L;17;Brazil;70;100;;editado;23800
742;B;br_B_2029;br_B_2029|lucasmugni;Vovô Cearense;Vovô Cearense;Nicolás Duarte;MEI;MID;31;34;1220000;L;11;Argentina;70;100;;editado;23800
743;B;br_B_2029;br_B_2029|bryanborgesmascarenhas;Vovô Cearense;Vovô Cearense;Kaique Xavier;LAD;DEF;30;29;1460000;R;31;Brazil;70;100;;editado;22000
744;B;br_B_2029;br_B_2029|ederferreiragraminho;Vovô Cearense;Vovô Cearense;Gabriel Siqueira;ZAG;DEF;29;31;1210000;R;33;Brazil;70;100;;editado;20600
745;B;br_B_2029;br_B_2029|melquisedequecostadeoliveira;Vovô Cearense;Vovô Cearense;Dieguinho;MEI;MID;29;19;1260000;L;40;Brazil;70;100;;editado;20600
746;B;br_B_2029;br_B_2029|jorgemeurerbartholdy;Vovô Cearense;Vovô Cearense;Dri;GOL;GK;27;25;1190000;R;23;Brazil;70;100;;editado;17800
747;B;br_B_2029;br_B_2029|pedrogilmardesousaamorimneto;Vovô Cearense;Vovô Cearense;Leonardo Andrade;ZAG;DEF;27;20;1080000;R;63;Brazil;70;100;;editado;17800
748;B;br_B_2029;br_B_2029|richardsonfernandesdossantos;Vovô Cearense;Vovô Cearense;Adriano Gomes;VOL;MID;27;34;850000;R;26;Brazil;70;100;;editado;17800
749;B;br_B_2029;br_B_2029|joaogabrielsantosbatista;Vovô Cearense;Vovô Cearense;Douglas Batista;VOL;MID;27;20;1080000;R;81;Brazil;70;100;;editado;17800
750;B;br_B_2029;br_B_2029|giuliogabrieldasilva;Vovô Cearense;Vovô Cearense;Raimundo Monteiro;PE;ATT;27;21;1100000;R;35;Brazil;70;100;;editado;17800
751;B;br_B_2029;br_B_2029|kauazieglerdasilva;Vovô Cearense;Vovô Cearense;Ricardo Cavalcanti;CA;ATT;27;20;1080000;R;90;Brazil;70;100;;editado;17800
752;B;br_B_11449;br_B_11449|danielsampaiosimoes;Galo de Alagoas;Galo de Alagoas;Samuel Rodrigues;MEI;MID;36;30;2420000;R;10;Brazil;70;100;;editado;33400
753;B;br_B_11449;br_B_11449|patrickdeluccachavesdeoliveira;Galo de Alagoas;Galo de Alagoas;Ricardo Souza;VOL;MID;34;26;2280000;R;45;Brazil;70;100;;editado;29200
754;B;br_B_11449;br_B_11449|henrimarinhodossantos;Galo de Alagoas;Galo de Alagoas;Marquinhos;ZAG;DEF;34;24;2190000;R;44;Brazil;70;100;;editado;29200
755;B;br_B_11449;br_B_11449|diogoheredadasilva;Galo de Alagoas;Galo de Alagoas;Robinho Pereira;LAD;DEF;34;27;2320000;R;32;Brazil;70;100;;editado;29200
756;B;br_B_11449;br_B_11449|thiagofernandesrodrigues;Galo de Alagoas;Galo de Alagoas;Eduardo Rocha;PD;ATT;34;25;2240000;L;17;Brazil;70;100;;editado;29200
757;B;br_B_11449;br_B_11449|mikaelfilipevianadesousa;Galo de Alagoas;Galo de Alagoas;Wesley Freitas;CA;ATT;34;27;2320000;L;28;Brazil;70;100;;editado;29200
758;B;br_B_11449;br_B_11449|luizphellypelucianosilva;Galo de Alagoas;Galo de Alagoas;Jonathan Santos;CA;ATT;34;32;1800000;R;19;Brazil;70;100;;editado;29200
759;B;br_B_11449;br_B_11449|lucaslovat;Galo de Alagoas;Galo de Alagoas;Pedro Souza;LAE;DEF;33;29;1950000;L;36;Brazil;70;100;;editado;27400
760;B;br_B_11449;br_B_11449|guilhermeestrella;Galo de Alagoas;Galo de Alagoas;Cleiton Ferreira;MEI;MID;33;21;1910000;R;14;Brazil;70;100;;editado;27400
761;B;br_B_11449;br_B_11449|matheusalbinocarneiro;Galo de Alagoas;Galo de Alagoas;Gustavo Cardoso;GOL;GK;32;31;1610000;L;12;Brazil;70;100;;editado;25600
762;B;br_B_11449;br_B_11449|crystopherribeirooliveira;Galo de Alagoas;Galo de Alagoas;José Monteiro;MC;MID;32;28;1870000;R;8;Brazil;70;100;;editado;25600
763;B;br_B_11449;br_B_11449|douglasbaggiodeoliveiracosta;Galo de Alagoas;Galo de Alagoas;Danilo Souza;PD;ATT;32;31;1610000;R;7;Brazil;70;100;;editado;25600
764;B;br_B_11449;br_B_11449|matheussimonetebressanelli;Galo de Alagoas;Galo de Alagoas;Kaique Andrade;ZAG;DEF;31;33;1300000;R;22;Brazil;70;100;;editado;23800
765;B;br_B_11449;br_B_11449|geovanedasilvadesouzamontanari;Galo de Alagoas;Galo de Alagoas;Marcos Melo;MC;MID;31;27;1780000;L;18;Brazil;70;100;;editado;23800
766;B;br_B_11449;br_B_11449|pedrohenriquedecastrosilva;Galo de Alagoas;Galo de Alagoas;Otávio Pinto;MC;MID;31;33;1300000;R;21;Brazil;70;100;;editado;23800
767;B;br_B_11449;br_B_11449|fabioaugustoschirmann;Galo de Alagoas;Galo de Alagoas;André Machado;ZAG;DEF;30;29;1460000;R;27;Brazil;70;100;;editado;22000
768;B;br_B_11449;br_B_11449|reversonvaluarthpaivasilva;Galo de Alagoas;Galo de Alagoas;Vaguinho;LAE;DEF;30;29;1460000;L;6;Brazil;70;100;;editado;22000
769;B;br_B_11449;br_B_11449|adailsonfreirepereiradasilva;Galo de Alagoas;Galo de Alagoas;Wallace Xavier;PD;ATT;30;29;1460000;R;97;Brazil;70;100;;editado;22000
770;B;br_B_11449;br_B_11449|luizgustavonovaespalhares;Galo de Alagoas;Galo de Alagoas;Paulo Batista;VOL;MID;29;28;1410000;R;50;Brazil;70;100;;editado;20600
771;B;br_B_11449;br_B_11449|guilhermenunesrodrigues;Galo de Alagoas;Galo de Alagoas;Bruno Cavalcanti;PE;ATT;29;25;1430000;R;11;Brazil;70;100;;editado;20600
772;B;br_B_11449;br_B_11449|kevinpetersondossantossilva;Galo de Alagoas;Galo de Alagoas;Cleiton Lima;LAD;DEF;27;28;1180000;R;2;Brazil;70;100;;editado;17800
773;B;br_B_11449;br_B_11449|joaobatistadacruzsantosneto;Galo de Alagoas;Galo de Alagoas;Lucas Correia;CA;ATT;27;23;1150000;L;9;Brazil;70;100;;editado;17800
774;B;br_B_11449;br_B_11449|fabiohenriquesouzasantana;Galo de Alagoas;Galo de Alagoas;Leonardo Machado;GOL;GK;26;23;1040000;R;23;Brazil;70;100;;editado;16400
775;B;br_B_11449;br_B_11449|leonardodecampos;Galo de Alagoas;Galo de Alagoas;Otávio Lima;LAE;DEF;26;34;770000;L;77;Brazil;70;100;;editado;16400
776;B;br_B_11449;br_B_11449|luisviniciusnunescavalcante;Galo de Alagoas;Galo de Alagoas;Vinícius Pinto;PD;ATT;26;27;1120000;L;20;Brazil;70;100;;editado;16400
777;B;br_B_7178;br_B_7178|jhonatarobertalvesdasilva;Onda Amarela;Onda Amarela;Emerson Teixeira;PD;ATT;37;26;3040000;R;10;Brazil;70;100;;editado;35800
778;B;br_B_7178;br_B_7178|marcelohermes;Onda Amarela;Onda Amarela;Vinícius Andrade;LAE;DEF;35;31;2050000;L;22;Brazil;70;100;;editado;31000
779;B;br_B_7178;br_B_7178|joseromariosilvadesouza;Onda Amarela;Onda Amarela;Robson Santos;PD;ATT;35;32;1940000;R;11;Brazil;70;100;;editado;31000
780;B;br_B_7178;br_B_7178|airtonmoraesmichellon;Onda Amarela;Onda Amarela;Kaique Teixeira;GOL;GK;34;32;1800000;R;32;Brazil;70;100;;editado;29200
781;B;br_B_7178;br_B_7178|cesarhenriquemartins;Onda Amarela;Onda Amarela;Igor Barbosa;ZAG;DEF;34;33;1690000;R;37;Brazil;70;100;;editado;29200
782;B;br_B_7178;br_B_7178|willeanbernardowillemen;Onda Amarela;Onda Amarela;Wesley Moreira;LAD;DEF;34;29;2110000;R;97;Brazil;70;100;;editado;29200
783;B;br_B_7178;br_B_7178|sandryrobertosantosgoes;Onda Amarela;Onda Amarela;Raimundo Silva;VOL;MID;34;23;2150000;R;38;Brazil;70;100;;editado;29200
784;B;br_B_7178;br_B_7178|ronalddossantoslopes;Onda Amarela;Onda Amarela;Antônio Ferreira;VOL;MID;34;29;2110000;R;;Brazil;70;100;;editado;29200
785;B;br_B_7178;br_B_7178|caueviniciusdossantos;Onda Amarela;Onda Amarela;Joãozinho;CA;ATT;33;23;1980000;R;88;Brazil;70;100;;editado;27400
786;B;br_B_7178;br_B_7178|alissonmachadodossantos;Onda Amarela;Onda Amarela;Bruno Freitas;GOL;GK;32;31;1610000;R;1;Brazil;70;100;;editado;25600
787;B;br_B_7178;br_B_7178|leonardomanahernandes;Onda Amarela;Onda Amarela;Cícero Cavalcanti;LAD;DEF;32;22;1780000;R;2;Brazil;70;100;;editado;25600
788;B;br_B_7178;br_B_7178|marcioalmeidadeoliveira;Onda Amarela;Onda Amarela;Maicon Cardoso;LAD;DEF;32;30;1700000;R;6;Brazil;70;100;;editado;25600
789;B;br_B_7178;br_B_7178|eduardojacintodebiasi;Onda Amarela;Onda Amarela;Paulo Martins;VOL;MID;32;29;1780000;R;5;Brazil;70;100;;editado;25600
790;B;br_B_7178;br_B_7178|diegogoncalves;Onda Amarela;Onda Amarela;Adriano Andrade;PE;ATT;32;31;1610000;R;77;Brazil;70;100;;editado;25600
791;B;br_B_7178;br_B_7178|yurijonathan;Onda Amarela;Onda Amarela;Jeanzinho;CA;ATT;32;28;1870000;R;;Brazil;70;100;;editado;25600
792;B;br_B_7178;br_B_7178|brunofabianoalvesnascimento;Onda Amarela;Onda Amarela;Igor Siqueira;ZAG;DEF;31;35;1140000;R;34;Brazil;70;100;;editado;23800
793;B;br_B_7178;br_B_7178|lucianocastandasilva;Onda Amarela;Onda Amarela;Tiago Tavares;ZAG;DEF;31;36;1060000;L;4;Brazil;70;100;;editado;23800
794;B;br_B_7178;br_B_7178|guilhermeteixeiralobo;Onda Amarela;Onda Amarela;Rafael Carvalho;MC;MID;31;26;1750000;R;8;Brazil;70;100;;editado;23800
795;B;br_B_7178;br_B_7178|romulootero;Onda Amarela;Onda Amarela;Yerson Rojas;MEI;MID;31;33;1300000;R;91;Venezuela;70;100;;editado;23800
796;B;br_B_7178;br_B_7178|joaocarlosbarroslopes;Onda Amarela;Onda Amarela;Rafael Barbosa;PD;ATT;30;25;1540000;R;21;Brazil;70;100;;editado;22000
797;B;br_B_7178;br_B_7178|jeancarlosdesouzairmer;Onda Amarela;Onda Amarela;Alan Teixeira;VOL;MID;29;31;1210000;R;41;Brazil;70;100;;editado;20600
798;B;br_B_7178;br_B_7178|nicolasgodinhojohann;Onda Amarela;Onda Amarela;Jonathan Siqueira;CA;ATT;29;36;880000;R;9;Brazil;70;100;;editado;20600
799;B;br_B_7178;br_B_7178|fellipemateusdesenaaraujo;Onda Amarela;Onda Amarela;José Batista;MEI;MID;27;35;790000;L;7;Brazil;70;100;;editado;17800
800;B;br_B_7178;br_B_7178|wagnerdasilvasouza;Onda Amarela;Onda Amarela;Lucas Araújo;PE;ATT;27;36;740000;R;13;Brazil;70;100;;editado;17800
801;B;br_B_7178;br_B_7178|thaleslourencorodrigues;Onda Amarela;Onda Amarela;Douglas Moreira;CA;ATT;27;19;1060000;L;19;Brazil;70;100;;editado;17800
802;B;br_B_28022;br_B_28022|joaopedrovilardipinto;Dourado do Pantanal;Dourado do Pantanal;Lucas Guimarães;MC;MID;36;28;2670000;R;8;Brazil;70;100;;editado;33400
803;B;br_B_28022;br_B_28022|derikgeanseverinolacerda;Dourado do Pantanal;Dourado do Pantanal;Rafael Cavalcanti;CA;ATT;36;26;2750000;L;22;Brazil;70;100;;editado;33400
804;B;br_B_28022;br_B_28022|pedrohenriquealvesdealmeida;Dourado do Pantanal;Dourado do Pantanal;Rafael Ribeiro;CA;ATT;36;29;2550000;L;96;Brazil;70;100;;editado;33400
805;B;br_B_28022;br_B_28022|raullogoncalves;Dourado do Pantanal;Dourado do Pantanal;Kaique Martins;VOL;MID;35;30;2160000;R;30;Brazil;70;100;;editado;31000
806;B;br_B_28022;br_B_28022|joaobasso;Dourado do Pantanal;Dourado do Pantanal;Lucas Cavalcanti;ZAG;DEF;34;29;2110000;R;13;Brazil;70;100;;editado;29200
807;B;br_B_28022;br_B_28022|alanempereur;Dourado do Pantanal;Dourado do Pantanal;Samuel Farias;ZAG;DEF;34;32;1800000;L;33;Brazil;70;100;;editado;29200
808;B;br_B_28022;br_B_28022|rodrigoantoniorodrigues;Dourado do Pantanal;Dourado do Pantanal;Guga;CA;ATT;33;26;2100000;R;27;Brazil;70;100;;editado;27400
809;B;br_B_28022;br_B_28022|marcelocarne;Dourado do Pantanal;Dourado do Pantanal;Gustavão;GOL;GK;32;36;1170000;R;31;Brazil;70;100;;editado;25600
810;B;br_B_28022;br_B_28022|marlonmatheuslopesdonascimento;Dourado do Pantanal;Dourado do Pantanal;Cleiton Siqueira;LAE;DEF;32;32;1520000;L;6;Brazil;70;100;;editado;25600
811;B;br_B_28022;br_B_28022|marcosjuniorlimadossantos;Dourado do Pantanal;Dourado do Pantanal;Vitor Guimarães;MEI;MID;32;33;1430000;R;23;Brazil;70;100;;editado;25600
812;B;br_B_28022;br_B_28022|hernandesrodriguesdasilva;Dourado do Pantanal;Dourado do Pantanal;Gustavo Gomes;PE;ATT;32;26;1920000;R;10;Brazil;70;100;;editado;25600
813;B;br_B_28022;br_B_28022|elielchrystianpereirasilva;Dourado do Pantanal;Dourado do Pantanal;Leandro Carvalho;PE;ATT;32;23;1820000;R;11;Brazil;70;100;;editado;25600
814;B;br_B_28022;br_B_28022|raylanreisferreira;Dourado do Pantanal;Dourado do Pantanal;Cicinho;LAD;DEF;29;26;1450000;R;37;Brazil;70;100;;editado;20600
815;B;br_B_28022;br_B_28022|calebeoliveiracosta;Dourado do Pantanal;Dourado do Pantanal;Bruno Almeida;VOL;MID;29;23;1370000;R;5;Brazil;70;100;;editado;20600
816;B;br_B_28022;br_B_28022|luizotavioalvesmarcolino;Dourado do Pantanal;Dourado do Pantanal;Maicon Bezerra;VOL;MID;29;29;1350000;R;97;Brazil;70;100;;editado;20600
817;B;br_B_28022;br_B_28022|davidmigueldesouzaarcanjo;Dourado do Pantanal;Dourado do Pantanal;Matheus Tavares;MEI;MID;29;19;1260000;R;88;Brazil;70;100;;editado;20600
818;B;br_B_28022;br_B_28022|mateussantos;Dourado do Pantanal;Dourado do Pantanal;Nathan Nascimento;PD;ATT;29;27;1480000;L;19;Brazil;70;100;;editado;20600
819;B;br_B_28022;br_B_28022|viniciuspeixototrindadedasilva;Dourado do Pantanal;Dourado do Pantanal;Yuri Tavares;CA;ATT;29;22;1350000;L;29;Brazil;70;100;;editado;20600
820;B;br_B_28022;br_B_28022|pedrohenriquemelosantos;Dourado do Pantanal;Dourado do Pantanal;Robson Farias;GOL;GK;27;20;1080000;R;78;Brazil;70;100;;editado;17800
821;B;br_B_28022;br_B_28022|tarcisiolopesdioniziomuniz;Dourado do Pantanal;Dourado do Pantanal;Bruno Dias;LAE;DEF;27;22;1130000;L;59;Brazil;70;100;;editado;17800
822;B;br_B_28022;br_B_28022|wesleydiasclaudino;Dourado do Pantanal;Dourado do Pantanal;Tiago Bezerra;VOL;MID;27;31;1020000;R;;Brazil;70;100;;editado;17800
823;B;br_B_28022;br_B_28022|joaovitoraraujodasilva;Dourado do Pantanal;Dourado do Pantanal;Gabriel Farias;VOL;MID;27;21;1100000;R;49;Brazil;70;100;;editado;17800
824;B;br_B_28022;br_B_28022|kauancristtyancabraldocarmo;Dourado do Pantanal;Dourado do Pantanal;Marcão;PE;ATT;27;20;1080000;R;41;Brazil;70;100;;editado;17800
825;B;br_B_28022;br_B_28022|jadsonalvesdelima;Dourado do Pantanal;Dourado do Pantanal;José Almeida;PD;ATT;27;20;1080000;R;;Brazil;70;100;;editado;17800
826;B;br_B_28022;br_B_28022|jeandiasdacosta;Dourado do Pantanal;Dourado do Pantanal;Gabriel Rocha;PD;ATT;27;35;790000;R;77;Brazil;70;100;;editado;17800
827;B;br_B_10870;br_B_10870|gabrielfuentes;Tricolor de Aço;Tricolor de Aço;Juan Benítez;LAE;DEF;37;29;2820000;L;18;Colombia;70;100;;editado;35800
828;B;br_B_10870;br_B_10870|mailtondossantosdesa;Tricolor de Aço;Tricolor de Aço;Yuri Carvalho;LAD;DEF;37;28;2960000;R;22;Brazil;70;100;;editado;35800
829;B;br_B_10870;br_B_10870|ryangustavodelima;Tricolor de Aço;Tricolor de Aço;Robão;VOL;MID;37;23;2870000;L;37;Brazil;70;100;;editado;35800
830;B;br_B_10870;br_B_10870|ronaldcardosofalkoski;Tricolor de Aço;Tricolor de Aço;Marcos Araújo;VOL;MID;37;23;2870000;R;8;Brazil;70;100;;editado;35800
831;B;br_B_10870;br_B_10870|luizfernandomoraesdossantos;Tricolor de Aço;Tricolor de Aço;Wesley Monteiro;PE;ATT;37;29;2820000;R;32;Brazil;70;100;;editado;35800
832;B;br_B_10870;br_B_10870|vitorsamuelferreiraarantes;Tricolor de Aço;Tricolor de Aço;Gabriel Andrade;PD;ATT;37;25;2990000;L;11;Brazil;70;100;;editado;35800
833;B;br_B_10870;br_B_10870|juanmiritello;Tricolor de Aço;Tricolor de Aço;Kevin Rojas;CA;ATT;37;27;3100000;R;9;Argentina;70;100;;editado;35800
834;B;br_B_10870;br_B_10870|calebegoncalvesferreiradasilva;Tricolor de Aço;Tricolor de Aço;Leonardo Melo;MEI;MID;36;26;2750000;L;;Brazil;70;100;;editado;33400
835;B;br_B_10870;br_B_10870|lucascrispim;Tricolor de Aço;Tricolor de Aço;Fernando Barbosa;MEI;MID;36;32;2170000;R;10;Brazil;70;100;;editado;33400
836;B;br_B_10870;br_B_10870|pedrohenriquekonzenmedinadasilva;Tricolor de Aço;Tricolor de Aço;Emerson Ribeiro;PD;ATT;36;36;1670000;R;16;Brazil;70;100;;editado;33400
837;B;br_B_10870;br_B_10870|gabrielsouzadasilva;Tricolor de Aço;Tricolor de Aço;Welinton;CA;ATT;36;21;2490000;R;21;Brazil;70;100;;editado;33400
838;B;br_B_10870;br_B_10870|joaoricardoriedi;Tricolor de Aço;Tricolor de Aço;Maiconzinho;GOL;GK;35;37;1380000;R;1;Brazil;70;100;;editado;31000
839;B;br_B_10870;br_B_10870|lucasgazal;Tricolor de Aço;Tricolor de Aço;Fernando Xavier;ZAG;DEF;35;26;2450000;R;3;Brazil;70;100;;editado;31000
840;B;br_B_10870;br_B_10870|tomascardona;Tricolor de Aço;Tricolor de Aço;Santiago Aguirre;ZAG;DEF;35;30;2160000;L;6;Argentina;70;100;;editado;31000
841;B;br_B_10870;br_B_10870|matheusrossetto;Tricolor de Aço;Tricolor de Aço;Vagner Dias;MC;MID;35;30;2160000;R;20;Brazil;70;100;;editado;31000
842;B;br_B_10870;br_B_10870|pierrewagneroliveiradossantos;Tricolor de Aço;Tricolor de Aço;Vinícius Moreira;MC;MID;34;24;2190000;L;5;Brazil;70;100;;editado;29200
843;B;br_B_10870;br_B_10870|rodrigohenriquesantosdesouza;Tricolor de Aço;Tricolor de Aço;Carlinhos;PE;ATT;34;23;2150000;L;75;Brazil;70;100;;editado;29200
844;B;br_B_10870;br_B_10870|paulohenriquesilvaribeiro;Tricolor de Aço;Tricolor de Aço;Fernando Andrade;PE;ATT;34;26;2280000;R;77;Brazil;70;100;;editado;29200
845;B;br_B_10870;br_B_10870|wellitonsilvadeazevedomatheus;Tricolor de Aço;Tricolor de Aço;Alan Araújo;PD;ATT;34;26;2280000;R;31;Brazil;70;100;;editado;29200
846;B;br_B_10870;br_B_10870|luccapriorpimenta;Tricolor de Aço;Tricolor de Aço;Wellington Lima;MEI;MID;33;22;1950000;L;38;Brazil;70;100;;editado;27400
847;B;br_B_10870;br_B_10870|viniciussilvestredacosta;Tricolor de Aço;Tricolor de Aço;Renatinho;GOL;GK;32;32;1520000;R;25;Brazil;70;100;;editado;25600
848;B;br_B_10870;br_B_10870|luandefreitasmolarinhochagas;Tricolor de Aço;Tricolor de Aço;Vagner Melo;ZAG;DEF;32;25;1890000;R;4;Brazil;70;100;;editado;25600
849;B;br_B_10870;br_B_10870|mauriciojuniorlimarodrigues;Tricolor de Aço;Tricolor de Aço;Yuri Santos;LAE;DEF;32;25;1890000;R;13;Brazil;70;100;;editado;25600
850;B;br_B_10870;br_B_10870|rodrigooliveiradossantos;Tricolor de Aço;Tricolor de Aço;Dani;VOL;MID;32;25;1890000;R;29;Brazil;70;100;;editado;25600
851;B;br_B_10870;br_B_10870|lucaspachecoaffini;Tricolor de Aço;Tricolor de Aço;Danilo Lima;VOL;MID;32;36;1170000;R;88;Brazil;70;100;;editado;25600
852;B;br_B_3197;br_B_3197|joaopauloferreiralourenco;Esmeraldino;Esmeraldino;Tiago Martins;MC;MID;37;28;2960000;R;97;Brazil;70;100;;editado;35800
853;B;br_B_3197;br_B_3197|tadeuantonioferreira;Esmeraldino;Esmeraldino;Lucas Nunes;GOL;GK;36;34;1920000;R;23;Brazil;70;100;;editado;33400
854;B;br_B_3197;br_B_3197|rodrigoalvessoares;Esmeraldino;Esmeraldino;Cícero Monteiro;LAD;DEF;36;33;2040000;R;2;Brazil;70;100;;editado;33400
855;B;br_B_3197;br_B_3197|luizfilipedarosamachado;Esmeraldino;Esmeraldino;Otávio Gomes;VOL;MID;35;30;2160000;R;5;Brazil;70;100;;editado;31000
856;B;br_B_3197;br_B_3197|lucasrafaelaraujolima;Esmeraldino;Esmeraldino;Gustavo Barbosa;MEI;MID;35;36;1490000;L;10;Brazil;70;100;;editado;31000
857;B;br_B_3197;br_B_3197|nicolasvecchiatodasilva;Esmeraldino;Esmeraldino;Jonathan Martins;LAE;DEF;34;29;2110000;L;6;Brazil;70;100;;editado;29200
858;B;br_B_3197;br_B_3197|diegocaitobarcellosoliveiradossantos;Esmeraldino;Esmeraldino;Thiaguinho;LAD;DEF;34;22;2110000;R;20;Brazil;70;100;;editado;29200
859;B;br_B_3197;br_B_3197|lucasribeiro;Esmeraldino;Esmeraldino;Alanzinho;ZAG;DEF;33;27;2140000;R;14;Brazil;70;100;;editado;27400
860;B;br_B_3197;br_B_3197|ramonmenezesroma;Esmeraldino;Esmeraldino;Cleiton Pereira;ZAG;DEF;32;31;1610000;R;4;Brazil;70;100;;editado;25600
861;B;br_B_3197;br_B_3197|luisfellipecamposdoria;Esmeraldino;Esmeraldino;Elias Cardoso;ZAG;DEF;32;22;1780000;R;25;Brazil;70;100;;editado;25600
862;B;br_B_3197;br_B_3197|luizfelipedonascimentodossantos;Esmeraldino;Esmeraldino;Nathan Guimarães;ZAG;DEF;32;32;1520000;R;3;Brazil;70;100;;editado;25600
863;B;br_B_3197;br_B_3197|djalmaantoniodasilvafilho;Esmeraldino;Esmeraldino;Vagner Santos;LAE;DEF;32;31;1610000;L;54;Brazil;70;100;;editado;25600
864;B;br_B_3197;br_B_3197|esligarcia;Esmeraldino;Esmeraldino;Bryan Gómez;PE;ATT;32;26;1920000;R;15;Venezuela;70;100;;editado;25600
865;B;br_B_3197;br_B_3197|pedrojunqueiradeoliveira;Esmeraldino;Esmeraldino;Wellington Teixeira;PD;ATT;32;22;1780000;R;17;Brazil;70;100;;editado;25600
866;B;br_B_3197;br_B_3197|carloseduardoamaralpereiradecastro;Esmeraldino;Esmeraldino;Eduardo Xavier;CA;ATT;32;22;1780000;R;18;Brazil;70;100;;editado;25600
867;B;br_B_3197;br_B_3197|geirtonmarquesaires;Esmeraldino;Esmeraldino;Vitor Ribeiro;MEI;MID;31;32;1380000;L;28;Brazil;70;100;;editado;23800
868;B;br_B_3197;br_B_3197|guilhermebaldoriadecamargo;Esmeraldino;Esmeraldino;Jean Correia;VOL;MID;29;21;1320000;R;55;Brazil;70;100;;editado;20600
869;B;br_B_3197;br_B_3197|brayannbritobatista;Esmeraldino;Esmeraldino;Sebastião Pereira;MEI;MID;29;28;1410000;L;88;Brazil;70;100;;editado;20600
870;B;br_B_3197;br_B_3197|danilocunhadasilva;Esmeraldino;Esmeraldino;Márcio Pereira;LAE;DEF;27;19;1060000;L;66;Brazil;70;100;;editado;17800
871;B;br_B_3197;br_B_3197|adilsondosanjosoliveira;Esmeraldino;Esmeraldino;Cícero Farias;VOL;MID;27;38;630000;R;8;Brazil;70;100;;editado;17800
872;B;br_B_3197;br_B_3197|brunosaviodasilva;Esmeraldino;Esmeraldino;Adriano Carvalho;MEI;MID;27;31;1020000;R;11;Brazil;70;100;;editado;17800
873;B;br_B_3197;br_B_3197|carloseduardodesousaleopoldino;Esmeraldino;Esmeraldino;Gabriel Batista;PE;ATT;27;24;1170000;R;40;Brazil;70;100;;editado;17800
874;B;br_B_3197;br_B_3197|thiagorodriguesdeoliveiranogueira;Esmeraldino;Esmeraldino;Nando;GOL;GK;26;37;620000;R;1;Brazil;70;100;;editado;16400
875;B;br_B_3197;br_B_3197|halerrandriodossantosfeitosa;Esmeraldino;Esmeraldino;Fernandinho;PD;ATT;26;20;980000;R;77;Brazil;70;100;;editado;16400
876;B;br_B_3197;br_B_3197|anselmoramonalvesherculano;Esmeraldino;Esmeraldino;Felipe Araújo;CA;ATT;26;38;570000;R;9;Brazil;70;100;;editado;16400
877;B;br_B_10492;br_B_10492|luizgustavodasilvamachadoduarte;Alviverde Serrano;Alviverde Serrano;Alan Andrade;MC;MID;37;24;2930000;R;44;Brazil;70;100;;editado;35800
878;B;br_B_10492;br_B_10492|patrycklanzadosreis;Alviverde Serrano;Alviverde Serrano;Everton Martins;LAE;DEF;35;23;2320000;L;30;Brazil;70;100;;editado;31000
879;B;br_B_10492;br_B_10492|nathansantosdearaujo;Alviverde Serrano;Alviverde Serrano;Francisco Xavier;LAD;DEF;35;24;2360000;R;22;Brazil;70;100;;editado;31000
880;B;br_B_10492;br_B_10492|lucasdasilvaizidoro;Alviverde Serrano;Alviverde Serrano;Leonardo Freitas;VOL;MID;35;30;2160000;L;8;Brazil;70;100;;editado;31000
881;B;br_B_10492;br_B_10492|manuelcastro;Alviverde Serrano;Alviverde Serrano;Édison Rojas;PD;ATT;35;30;2160000;R;17;Uruguay;70;100;;editado;31000
882;B;br_B_10492;br_B_10492|alissonsafira;Alviverde Serrano;Alviverde Serrano;Nathan Monteiro;CA;ATT;34;31;1900000;R;25;Brazil;70;100;;editado;29200
883;B;br_B_10492;br_B_10492|raidasilvapessanha;Alviverde Serrano;Alviverde Serrano;Vitinho;MEI;MID;33;24;2020000;L;75;Brazil;70;100;;editado;27400
884;B;br_B_10492;br_B_10492|messiasrodriguesdasilvajunior;Alviverde Serrano;Alviverde Serrano;Leonardo Gomes;ZAG;DEF;32;31;1610000;R;4;Brazil;70;100;;editado;25600
885;B;br_B_10492;br_B_10492|rodrigoeduardodasilva;Alviverde Serrano;Alviverde Serrano;Raimundo Xavier;ZAG;DEF;32;30;1700000;R;34;Brazil;70;100;;editado;25600
886;B;br_B_10492;br_B_10492|raidosreisramos;Alviverde Serrano;Alviverde Serrano;Vado;LAD;DEF;32;32;1520000;R;2;Brazil;70;100;;editado;25600
887;B;br_B_10492;br_B_10492|pablorobertodossantosbarbosa;Alviverde Serrano;Alviverde Serrano;Gabriel Carvalho;MC;MID;32;26;1920000;R;7;Brazil;70;100;;editado;25600
888;B;br_B_10492;br_B_10492|marcospaulocostadonascimento;Alviverde Serrano;Alviverde Serrano;Vasco Fonseca;PE;ATT;32;25;1890000;R;10;Portugal;70;100;;editado;25600
889;B;br_B_10492;br_B_10492|jandreichitolinacarniel;Alviverde Serrano;Alviverde Serrano;Francisco Silva;GOL;GK;31;33;1300000;R;93;Brazil;70;100;;editado;23800
890;B;br_B_10492;br_B_10492|diogobarbosamendanha;Alviverde Serrano;Alviverde Serrano;Vitor Rodrigues;LAE;DEF;31;33;1300000;L;16;Brazil;70;100;;editado;23800
891;B;br_B_10492;br_B_10492|allanvictoroliveiramota;Alviverde Serrano;Alviverde Serrano;Antônio Tavares;PE;ATT;31;26;1750000;R;20;Brazil;70;100;;editado;23800
892;B;br_B_10492;br_B_10492|alankardecdesouzapereirajunior;Alviverde Serrano;Alviverde Serrano;José Moreira;CA;ATT;31;37;980000;R;9;Brazil;70;100;;editado;23800
893;B;br_B_10492;br_B_10492|fabiodelimacosta;Alviverde Serrano;Alviverde Serrano;Igor Silva;PE;ATT;30;29;1460000;L;11;Brazil;70;100;;editado;22000
894;B;br_B_10492;br_B_10492|marcospaulolimabatistasilva;Alviverde Serrano;Alviverde Serrano;Cleiton Freitas;ZAG;DEF;29;23;1370000;L;47;Brazil;70;100;;editado;20600
895;B;br_B_10492;br_B_10492|gabrielbarbosapinheiro;Alviverde Serrano;Alviverde Serrano;Rafael Andrade;ZAG;DEF;29;29;1350000;R;97;Brazil;70;100;;editado;20600
896;B;br_B_10492;br_B_10492|alanruschel;Alviverde Serrano;Alviverde Serrano;Alan Tavares;LAE;DEF;29;36;880000;L;28;Brazil;70;100;;editado;20600
897;B;br_B_10492;br_B_10492|luanmartinsgoncalves;Alviverde Serrano;Alviverde Serrano;Alan Costa;VOL;MID;29;27;1480000;R;5;Brazil;70;100;;editado;20600
898;B;br_B_10492;br_B_10492|ibaly;Alviverde Serrano;Alviverde Serrano;Idrissa Camara;VOL;MID;29;23;1370000;R;26;Senegal;70;100;;editado;20600
899;B;br_B_10492;br_B_10492|josehenriquevenanciocamargo;Alviverde Serrano;Alviverde Serrano;Leandro Melo;GOL;GK;27;21;1100000;R;31;Brazil;70;100;;editado;17800
900;B;br_B_10492;br_B_10492|raybrenosilvavalentim;Alviverde Serrano;Alviverde Serrano;Matheus Oliveira;MEI;MID;27;21;1100000;R;27;Brazil;70;100;;editado;17800
901;B;br_B_10492;br_B_10492|lucasalves;Alviverde Serrano;Alviverde Serrano;Alex Rodrigues;SA;ATT;27;24;1170000;R;;Brazil;70;100;;editado;17800
902;B;br_B_1693;br_B_1693|joaovitordesouzamartins;Tubarão do Norte;Tubarão do Norte;Fábio Correia;MC;MID;35;28;2390000;R;20;Brazil;70;100;;editado;31000
903;B;br_B_1693;br_B_1693|thalishenriquecantanhede;Tubarão do Norte;Tubarão do Norte;Robsinho;MEI;MID;33;30;1850000;R;96;Brazil;70;100;;editado;27400
904;B;br_B_1693;br_B_1693|andredhominiquequeirozsantiagodasilva;Tubarão do Norte;Tubarão do Norte;André Cardoso;LAD;DEF;32;22;1780000;R;13;Brazil;70;100;;editado;25600
905;B;br_B_1693;br_B_1693|franciscovitorsilvacosta;Tubarão do Norte;Tubarão do Norte;Sebastião Freitas;PD;ATT;32;26;1920000;R;29;Brazil;70;100;;editado;25600
906;B;br_B_1693;br_B_1693|pablodyegodasilvarosa;Tubarão do Norte;Tubarão do Norte;Elias Oliveira;PD;ATT;32;32;1520000;R;19;Brazil;70;100;;editado;25600
907;B;br_B_1693;br_B_1693|emilianorodriguez;Tubarão do Norte;Tubarão do Norte;Wilson Restrepo;CA;ATT;32;22;1780000;L;19;Uruguay;70;100;;editado;25600
908;B;br_B_1693;br_B_1693|gilbertooliveirasouzajunior;Tubarão do Norte;Tubarão do Norte;Carlos Andrade;CA;ATT;32;37;1080000;R;10;Brazil;70;100;;editado;25600
909;B;br_B_1693;br_B_1693|paulorobertomoccelin;Tubarão do Norte;Tubarão do Norte;Marcos Andrade;PE;ATT;31;32;1380000;R;18;Brazil;70;100;;editado;23800
910;B;br_B_1693;br_B_1693|heroncrespodasilva;Tubarão do Norte;Tubarão do Norte;Thiago Souza;ZAG;DEF;30;25;1540000;L;34;Brazil;70;100;;editado;22000
911;B;br_B_1693;br_B_1693|gabrielsantoscordeirolacerda;Tubarão do Norte;Tubarão do Norte;Maicon Dias;ZAG;DEF;29;26;1450000;R;15;Brazil;70;100;;editado;20600
912;B;br_B_1693;br_B_1693|kevynlucasramosdacosta;Tubarão do Norte;Tubarão do Norte;Gustavo Bezerra;LAE;DEF;29;28;1410000;L;33;Brazil;70;100;;editado;20600
913;B;br_B_1693;br_B_1693|wevertonguilhermedasilvasouza;Tubarão do Norte;Tubarão do Norte;Gustavo Santos;LAD;DEF;29;27;1480000;R;2;Brazil;70;100;;editado;20600
914;B;br_B_1693;br_B_1693|lucasmarquesdeoliveira;Tubarão do Norte;Tubarão do Norte;Samuzinho;MC;MID;29;31;1210000;R;8;Brazil;70;100;;editado;20600
915;B;br_B_1693;br_B_1693|victorhugodefariamota;Tubarão do Norte;Tubarão do Norte;Anderson Pereira;PD;ATT;29;22;1350000;L;7;Brazil;70;100;;editado;20600
916;B;br_B_1693;br_B_1693|luanfernandesribeiro;Tubarão do Norte;Tubarão do Norte;Fernando Guimarães;GOL;GK;27;29;1130000;L;1;Brazil;70;100;;editado;17800
917;B;br_B_1693;br_B_1693|eduardoalveszanella;Tubarão do Norte;Tubarão do Norte;Lucas Costa;GOL;GK;27;22;1130000;R;12;Brazil;70;100;;editado;17800
918;B;br_B_1693;br_B_1693|williandasilvasantos;Tubarão do Norte;Tubarão do Norte;Paulão;VOL;MID;27;22;1130000;R;53;Brazil;70;100;;editado;17800
919;B;br_B_1693;br_B_1693|andreluizguimaraessiqueirajunior;Tubarão do Norte;Tubarão do Norte;Wesley Ferreira;VOL;MID;27;30;1070000;R;5;Brazil;70;100;;editado;17800
920;B;br_B_1693;br_B_1693|joaovitortavaresdamota;Tubarão do Norte;Tubarão do Norte;Rafael Rocha;VOL;MID;27;22;1130000;R;32;Brazil;70;100;;editado;17800
921;B;br_B_1693;br_B_1693|andrecardosodasilvajunior;Tubarão do Norte;Tubarão do Norte;Wallace Siqueira;VOL;MID;27;23;1150000;R;17;Brazil;70;100;;editado;17800
922;B;br_B_1693;br_B_1693|franciscomurilodesousaalmeida;Tubarão do Norte;Tubarão do Norte;Waltinho;VOL;MID;27;21;1100000;R;27;Brazil;70;100;;editado;17800
923;B;br_B_1693;br_B_1693|caiorafaelaquinolima;Tubarão do Norte;Tubarão do Norte;Pedro Carvalho;MEI;MID;27;22;1130000;R;55;Brazil;70;100;;editado;17800
924;B;br_B_1693;br_B_1693|rainascimento;Tubarão do Norte;Tubarão do Norte;Sebastião Ferreira;PE;ATT;27;28;1180000;R;;Brazil;70;100;;editado;17800
925;B;br_B_1693;br_B_1693|athyrsonferreiraprates;Tubarão do Norte;Tubarão do Norte;André Pereira;PE;ATT;27;22;1130000;R;;Brazil;70;100;;editado;17800
926;B;br_B_1693;br_B_1693|fabriciofrancelinodossantos;Tubarão do Norte;Tubarão do Norte;Biel;PE;ATT;27;22;1130000;L;21;Brazil;70;100;;editado;17800
927;B;br_B_2646;br_B_2646|leonaisouzadealmeida;Timbu Recife;Timbu Recife;Paulo Dias;VOL;MID;35;31;2050000;R;22;Brazil;70;100;;editado;31000
928;B;br_B_2646;br_B_2646|viniciusrodriguesadelinodossantos;Timbu Recife;Timbu Recife;Vagnão;MEI;MID;34;25;2240000;R;10;Brazil;70;100;;editado;29200
929;B;br_B_2646;br_B_2646|jeancarlosvicente;Timbu Recife;Timbu Recife;Yuri Gomes;MEI;MID;33;34;1470000;L;;Brazil;70;100;;editado;27400
930;B;br_B_2646;br_B_2646|derekfreitasribeiro;Timbu Recife;Timbu Recife;Jean Ferreira;CA;ATT;32;28;1870000;L;72;Brazil;70;100;;editado;25600
931;B;br_B_2646;br_B_2646|matheusantunesribeiro;Timbu Recife;Timbu Recife;Renato Lima;LAD;DEF;31;33;1300000;R;14;Brazil;70;100;;editado;23800
932;B;br_B_2646;br_B_2646|viniciussantossilva;Timbu Recife;Timbu Recife;Naguinho;PE;ATT;31;32;1380000;R;7;Brazil;70;100;;editado;23800
933;B;br_B_2646;br_B_2646|geremiasribeirojunior;Timbu Recife;Timbu Recife;Alan Pereira;CA;ATT;31;32;1380000;L;29;Brazil;70;100;;editado;23800
934;B;br_B_2646;br_B_2646|wendersondasilvacostaferreira;Timbu Recife;Timbu Recife;Maicon Pereira;VOL;MID;30;28;1530000;R;8;Brazil;70;100;;editado;22000
935;B;br_B_2646;br_B_2646|gastonguruceaga;Timbu Recife;Timbu Recife;Diego Muñoz;GOL;GK;29;31;1210000;L;55;Uruguay;70;100;;editado;20600
936;B;br_B_2646;br_B_2646|yuriantoniocostadasilva;Timbu Recife;Timbu Recife;Leonardo Nunes;LAE;DEF;29;30;1280000;L;6;Brazil;70;100;;editado;20600
937;B;br_B_2646;br_B_2646|igorfernandesdasilvaaraujo;Timbu Recife;Timbu Recife;Lucas Silva;LAE;DEF;29;34;1010000;L;23;Brazil;70;100;;editado;20600
938;B;br_B_2646;br_B_2646|eduardojosebarbosadasilvajunior;Timbu Recife;Timbu Recife;Wallace Melo;MEI;MID;29;30;1280000;R;77;Brazil;70;100;;editado;20600
939;B;br_B_2646;br_B_2646|victorandradesantos;Timbu Recife;Timbu Recife;Luquinhas;PE;ATT;29;30;1280000;R;11;Brazil;70;100;;editado;20600
940;B;br_B_2646;br_B_2646|benjaminborasi;Timbu Recife;Timbu Recife;Édison Guerrero;PD;ATT;29;28;1410000;R;;Argentina;70;100;;editado;20600
941;B;br_B_2646;br_B_2646|leonardojoventinohonorio;Timbu Recife;Timbu Recife;Carlos Barbosa;GOL;GK;27;22;1130000;R;;Brazil;70;100;;editado;17800
942;B;br_B_2646;br_B_2646|luizpaulofrancadonascimento;Timbu Recife;Timbu Recife;Alan Rocha;LAE;DEF;27;33;910000;L;60;Brazil;70;100;;editado;17800
943;B;br_B_2646;br_B_2646|leonardodeoliveirajance;Timbu Recife;Timbu Recife;Sebastião Teixeira;LAE;DEF;27;21;1100000;L;66;Brazil;70;100;;editado;17800
944;B;br_B_2646;br_B_2646|luizfelipeoliveiradepaula;Timbu Recife;Timbu Recife;Everton Ribeiro;LAD;DEF;27;28;1180000;R;27;Brazil;70;100;;editado;17800
945;B;br_B_2646;br_B_2646|reginaldolopesdejesus;Timbu Recife;Timbu Recife;Elias Lima;LAD;DEF;27;33;910000;R;93;Brazil;70;100;;editado;17800
946;B;br_B_2646;br_B_2646|arnaldomanoeldealmeida;Timbu Recife;Timbu Recife;Vitor Dias;LAD;DEF;27;34;850000;R;2;Brazil;70;100;;editado;17800
947;B;br_B_2646;br_B_2646|samuelfelixrodrigues;Timbu Recife;Timbu Recife;André Correia;VOL;MID;27;22;1130000;R;41;Brazil;70;100;;editado;17800
948;B;br_B_2646;br_B_2646|auremirevangelistadossantos;Timbu Recife;Timbu Recife;Júlio Souza;VOL;MID;27;34;850000;R;5;Brazil;70;100;;editado;17800
949;B;br_B_2646;br_B_2646|felipedelimaredaelli;Timbu Recife;Timbu Recife;Carlos Freitas;MEI;MID;27;23;1150000;L;21;Brazil;70;100;;editado;17800
950;B;br_B_2646;br_B_2646|paulosergioluizdesouza;Timbu Recife;Timbu Recife;Samuel Cardoso;CA;ATT;27;37;680000;R;9;Brazil;70;100;;editado;17800
951;B;br_B_2646;br_B_2646|kauanalmeidadacosta;Timbu Recife;Timbu Recife;Bruno Moreira;CA;ATT;27;22;1130000;R;19;Brazil;70;100;;editado;17800
952;B;br_B_37474;br_B_37474|romuloazevedosimao;Tigre do Vale;Tigre do Vale;Douglas Pinto;MEI;MID;37;24;2930000;R;10;Brazil;70;100;;editado;35800
953;B;br_B_37474;br_B_37474|alexandredealmeidasilvajunior;Tigre do Vale;Tigre do Vale;Rodrigo Freitas;MEI;MID;35;25;2410000;R;50;Brazil;70;100;;editado;31000
954;B;br_B_37474;br_B_37474|matheushenriquebianqui;Tigre do Vale;Tigre do Vale;Alan Farias;MC;MID;34;28;2220000;R;17;Brazil;70;100;;editado;29200
955;B;br_B_37474;br_B_37474|robsondossantosfernandes;Tigre do Vale;Tigre do Vale;Marcos Martins;PD;ATT;34;35;1480000;R;11;Brazil;70;100;;editado;29200
956;B;br_B_37474;br_B_37474|jordimartinsalmeida;Tigre do Vale;Tigre do Vale;Matheus Araújo;GOL;GK;33;32;1660000;R;93;Brazil;70;100;;editado;27400
957;B;br_B_37474;br_B_37474|patrickmarcosdesousafreitas;Tigre do Vale;Tigre do Vale;Bruno Pinto;ZAG;DEF;32;27;1960000;L;4;Brazil;70;100;;editado;25600
958;B;br_B_37474;br_B_37474|alexisalvarino;Tigre do Vale;Tigre do Vale;Diego González;ZAG;DEF;32;25;1890000;R;22;Argentina;70;100;;editado;25600
959;B;br_B_37474;br_B_37474|jhilmarlora;Tigre do Vale;Tigre do Vale;Facundo Rojas;LAD;DEF;32;25;1890000;R;24;Peru;70;100;;editado;25600
960;B;br_B_37474;br_B_37474|leonardonaldidematos;Tigre do Vale;Tigre do Vale;Mundinho;VOL;MID;32;24;1850000;R;18;Brazil;70;100;;editado;25600
961;B;br_B_37474;br_B_37474|luisfelipeoyama;Tigre do Vale;Tigre do Vale;Raimundo Nunes;VOL;MID;32;29;1780000;R;6;Brazil;70;100;;editado;25600
962;B;br_B_37474;br_B_37474|christianortiz;Tigre do Vale;Tigre do Vale;Miguel Esquivel;MEI;MID;32;33;1430000;R;8;Argentina;70;100;;editado;25600
963;B;br_B_37474;br_B_37474|viniciusdossantosdeoliveirapaiva;Tigre do Vale;Tigre do Vale;Emerson Gomes;PD;ATT;32;25;1890000;R;16;Brazil;70;100;;editado;25600
964;B;br_B_37474;br_B_37474|carloshenriquedemourabrito;Tigre do Vale;Tigre do Vale;João Costa;CA;ATT;32;34;1340000;R;9;Brazil;70;100;;editado;25600
965;B;br_B_37474;br_B_37474|marlonadrianoprezotti;Tigre do Vale;Tigre do Vale;João Andrade;VOL;MID;31;36;1060000;R;28;Brazil;70;100;;editado;23800
966;B;br_B_37474;br_B_37474|cesaraugustosoaresdosreisribela;Tigre do Vale;Tigre do Vale;Robson Souza;GOL;GK;30;31;1310000;R;31;Brazil;70;100;;editado;22000
967;B;br_B_37474;br_B_37474|maykonkesleydejesusramalho;Tigre do Vale;Tigre do Vale;Douglas Santos;LAE;DEF;30;20;1400000;L;66;Brazil;70;100;;editado;22000
968;B;br_B_37474;br_B_37474|luizotaviomaria;Tigre do Vale;Tigre do Vale;Robson Vieira;MC;MID;30;21;1430000;R;15;Brazil;70;100;;editado;22000
969;B;br_B_37474;br_B_37474|diegohenriquegalodasilva;Tigre do Vale;Tigre do Vale;Renato Dias;MC;MID;30;21;1430000;R;19;Brazil;70;100;;editado;22000
970;B;br_B_37474;br_B_37474|jardielmaciellibertinodasilva;Tigre do Vale;Tigre do Vale;Vinícius Costa;CA;ATT;30;21;1430000;R;40;Brazil;70;100;;editado;22000
971;B;br_B_37474;br_B_37474|carlosadalbertodeoliveirajunior;Tigre do Vale;Tigre do Vale;Bruno Nascimento;ZAG;DEF;29;31;1210000;R;3;Brazil;70;100;;editado;20600
972;B;br_B_37474;br_B_37474|eduardobrock;Tigre do Vale;Tigre do Vale;Lucas Andrade;ZAG;DEF;29;35;950000;L;14;Brazil;70;100;;editado;20600
973;B;br_B_37474;br_B_37474|nilsoncastrillon;Tigre do Vale;Tigre do Vale;Édison Restrepo;LAD;DEF;29;30;1280000;R;20;Colombia;70;100;;editado;20600
974;B;br_B_37474;br_B_37474|hectorbianchirodrigues;Tigre do Vale;Tigre do Vale;Jonathan Machado;PD;ATT;27;21;1100000;L;35;Brazil;70;100;;editado;17800
975;B;br_B_37474;br_B_37474|diegomathiasdealmeida;Tigre do Vale;Tigre do Vale;João Oliveira;CA;ATT;27;27;1240000;L;27;Brazil;70;100;;editado;17800
976;B;br_B_37474;br_B_37474|nicolasmoresdacruz;Tigre do Vale;Tigre do Vale;Wagner Tavares;CA;ATT;27;29;1130000;R;30;Brazil;70;100;;editado;17800
977;B;br_B_27214;br_B_27214|gabrielboschilia;Fantasma dos Campos;Fantasma dos Campos;Adriano Martins;MEI;MID;36;30;2420000;L;10;Brazil;70;100;;editado;33400
978;B;br_B_27214;br_B_27214|matheusdossantosmiranda;Fantasma dos Campos;Fantasma dos Campos;Márcio Rodrigues;ZAG;DEF;34;26;2280000;R;16;Brazil;70;100;;editado;29200
979;B;br_B_27214;br_B_27214|juanzuluaga;Fantasma dos Campos;Fantasma dos Campos;Federico Castillo;MC;MID;34;33;1690000;R;8;Colombia;70;100;;editado;29200
980;B;br_B_27214;br_B_27214|antoniomikaelrodriguesbrito;Fantasma dos Campos;Fantasma dos Campos;Júlio Guimarães;LAD;DEF;33;26;2100000;R;2;Brazil;70;100;;editado;27400
981;B;br_B_27214;br_B_27214|emaxwellsouzadelima;Fantasma dos Campos;Fantasma dos Campos;Maicon Cavalcanti;PE;ATT;33;31;1750000;R;;Brazil;70;100;;editado;27400
982;B;br_B_27214;br_B_27214|pablofelipeteixeira;Fantasma dos Campos;Fantasma dos Campos;Carlos Vieira;CA;ATT;33;34;1470000;R;92;Brazil;70;100;;editado;27400
983;B;br_B_27214;br_B_27214|matheustrindadegoncalves;Fantasma dos Campos;Fantasma dos Campos;Everton Lima;VOL;MID;32;30;1700000;R;39;Brazil;70;100;;editado;25600
984;B;br_B_27214;br_B_27214|williamklaus;Fantasma dos Campos;Fantasma dos Campos;Samuel Andrade;ZAG;DEF;32;32;1520000;R;44;Brazil;70;100;;editado;25600
985;B;br_B_27214;br_B_27214|gabrielfelicianodasilva;Fantasma dos Campos;Fantasma dos Campos;Thiago Moreira;LAE;DEF;32;24;1850000;L;27;Brazil;70;100;;editado;25600
986;B;br_B_27214;br_B_27214|pedroveronezvilhena;Fantasma dos Campos;Fantasma dos Campos;Hugo Barbosa;MC;MID;32;24;1850000;R;30;Brazil;70;100;;editado;25600
987;B;br_B_27214;br_B_27214|viniciusdinizdallantonia;Fantasma dos Campos;Fantasma dos Campos;Igor Cavalcanti;MEI;MID;32;26;1920000;R;20;Brazil;70;100;;editado;25600
988;B;br_B_27214;br_B_27214|viniciusalessandromingotti;Fantasma dos Campos;Fantasma dos Campos;Yuri Farias;CA;ATT;32;26;1920000;R;9;Brazil;70;100;;editado;25600
989;B;br_B_27214;br_B_27214|caiohenriquedasilvadantas;Fantasma dos Campos;Fantasma dos Campos;Naninho;CA;ATT;32;33;1430000;R;99;Brazil;70;100;;editado;25600
990;B;br_B_27214;br_B_27214|aylondarwintavella;Fantasma dos Campos;Fantasma dos Campos;Antônio Vieira;CA;ATT;32;34;1340000;R;11;Brazil;70;100;;editado;25600
991;B;br_B_27214;br_B_27214|josecuenu;Fantasma dos Campos;Fantasma dos Campos;Facundo Viveros;ZAG;DEF;30;31;1310000;R;22;Colombia;70;100;;editado;22000
992;B;br_B_27214;br_B_27214|onitlasijuniordemoraesrodrigues;Fantasma dos Campos;Fantasma dos Campos;Anderson Ferreira;LAE;DEF;29;28;1410000;L;6;Brazil;70;100;;editado;20600
993;B;br_B_27214;br_B_27214|hildebertojosemorgadopereira;Fantasma dos Campos;Fantasma dos Campos;Success Camara;PD;ATT;29;30;1280000;R;14;Cape Verde;70;100;;editado;20600
994;B;br_B_27214;br_B_27214|vagnerdasilva;Fantasma dos Campos;Fantasma dos Campos;Gabriel Nascimento;GOL;GK;27;40;560000;R;33;Brazil;70;100;;editado;17800
995;B;br_B_27214;br_B_27214|diegovermudtmonteiro;Fantasma dos Campos;Fantasma dos Campos;Sebastião Cavalcanti;GOL;GK;27;26;1220000;R;41;Brazil;70;100;;editado;17800
996;B;br_B_27214;br_B_27214|bernardokorquieviczrodrigues;Fantasma dos Campos;Fantasma dos Campos;Hugo Correia;ZAG;DEF;27;21;1100000;R;25;Brazil;70;100;;editado;17800
997;B;br_B_27214;br_B_27214|renangustavoribeiromoreira;Fantasma dos Campos;Fantasma dos Campos;Pedro Barbosa;ZAG;DEF;27;21;1100000;R;34;Brazil;70;100;;editado;17800
998;B;br_B_27214;br_B_27214|joaogabrielrodriguesbotao;Fantasma dos Campos;Fantasma dos Campos;Deni;LAD;DEF;27;20;1080000;R;23;Brazil;70;100;;editado;17800
999;B;br_B_27214;br_B_27214|brunoaparecidoreisezequiel;Fantasma dos Campos;Fantasma dos Campos;Douglas Araújo;VOL;MID;27;33;910000;L;5;Brazil;70;100;;editado;17800
1000;B;br_B_27214;br_B_27214|charlesraphaeldealmeida;Fantasma dos Campos;Fantasma dos Campos;Alex Freitas;VOL;MID;27;31;1020000;R;32;Brazil;70;100;;editado;17800
1001;B;br_B_27214;br_B_27214|luisfelipedepaulafavero;Fantasma dos Campos;Fantasma dos Campos;Tiago Monteiro;VOL;MID;27;22;1130000;R;80;Brazil;70;100;;editado;17800
1002;B;br_B_1134;br_B_1134|lucasdesouzacunha;Campineiro;Campineiro;Wagnão;ZAG;DEF;36;29;2550000;R;3;Brazil;70;100;;editado;33400
1003;B;br_B_1134;br_B_1134|kevysoncostaesilva;Campineiro;Campineiro;Matheus Freitas;LAE;DEF;34;22;2110000;L;32;Brazil;70;100;;editado;29200
1004;B;br_B_1134;br_B_1134|sergiopalacios;Campineiro;Campineiro;Juan López;ZAG;DEF;33;21;1910000;R;23;Colombia;70;100;;editado;27400
1005;B;br_B_1134;br_B_1134|marciogleysonleitedasilva;Campineiro;Campineiro;Leandro Monteiro;ZAG;DEF;31;25;1720000;L;44;Brazil;70;100;;editado;23800
1006;B;br_B_1134;br_B_1134|diogojosegoncalvesdasilva;Campineiro;Campineiro;Valdir Guimarães;GOL;GK;29;40;670000;R;12;Brazil;70;100;;editado;20600
1007;B;br_B_1134;br_B_1134|danilocarvalhobarcelos;Campineiro;Campineiro;Felipe Cardoso;LAE;DEF;29;34;1010000;L;14;Brazil;70;100;;editado;20600
1008;B;br_B_1134;br_B_1134|thalysvictormartinssena;Campineiro;Campineiro;Rodrigo Barbosa;LAD;DEF;29;26;1450000;R;22;Brazil;70;100;;editado;20600
1009;B;br_B_1134;br_B_1134|leonardodasilvagomes;Campineiro;Campineiro;Sebastião Correia;MC;MID;29;29;1350000;R;16;Brazil;70;100;;editado;20600
1010;B;br_B_1134;br_B_1134|viniciusferrariandreoli;Campineiro;Campineiro;Felipe Machado;GOL;GK;27;23;1150000;R;30;Brazil;70;100;;editado;17800
1011;B;br_B_1134;br_B_1134|guilhermevianasantana;Campineiro;Campineiro;Fabão;GOL;GK;27;22;1130000;R;1;Brazil;70;100;;editado;17800
1012;B;br_B_1134;br_B_1134|diegobarbosadeoliveiratavares;Campineiro;Campineiro;Ricardo Peixoto;LAD;DEF;27;35;790000;R;7;Brazil;70;100;;editado;17800
1013;B;br_B_1134;br_B_1134|guilhermemartinsferreira;Campineiro;Campineiro;Wellington Ribeiro;LAD;DEF;27;21;1100000;R;;Brazil;70;100;;editado;17800
1014;B;br_B_1134;br_B_1134|kawannkleberthrodriguesdecarvalhodesiderio;Campineiro;Campineiro;Fábio Santos;LAD;DEF;27;21;1100000;R;;Brazil;70;100;;editado;17800
1015;B;br_B_1134;br_B_1134|andredasilvalima;Campineiro;Campineiro;Wagner Costa;VOL;MID;27;26;1220000;R;8;Brazil;70;100;;editado;17800
1016;B;br_B_1134;br_B_1134|murilohenriquecavalcante;Campineiro;Campineiro;Robson Correia;VOL;MID;27;27;1240000;L;20;Brazil;70;100;;editado;17800
1017;B;br_B_1134;br_B_1134|rodrigodesouzafonseca;Campineiro;Campineiro;Tiago Ferreira;VOL;MID;27;38;630000;L;5;Brazil;70;100;;editado;17800
1018;B;br_B_1134;br_B_1134|elvisvieiraaraujo;Campineiro;Campineiro;Francisco Rocha;MEI;MID;27;35;790000;R;10;Brazil;70;100;;editado;17800
1019;B;br_B_1134;br_B_1134|diogoribeirodemora;Campineiro;Campineiro;Ricardo Nascimento;MEI;MID;27;24;1170000;L;;Brazil;70;100;;editado;17800
1020;B;br_B_1134;br_B_1134|diegoporfiriodasilva;Campineiro;Campineiro;Ricardo Melo;LAE;DEF;26;26;1100000;L;13;Brazil;70;100;;editado;16400
1021;B;br_B_1134;br_B_1134|felipemartins;Campineiro;Campineiro;Leonardo Ferreira;CA;ATT;26;22;1020000;R;;Brasil;70;100;;editado;16400
1022;B;br_B_1134;br_B_1134|wesleycarvalho;Campineiro;Campineiro;Cícero Oliveira;CA;ATT;25;24;950000;L;;Brasil;70;100;;editado;15000
1023;B;br_B_1134;br_B_1134|fabiosantos;Campineiro;Campineiro;José Ferreira;CA;ATT;25;20;870000;R;;Brasil;70;100;;editado;15000
1024;B;br_B_1134;br_B_1134|pedrocosta;Campineiro;Campineiro;Fernando Lima;CA;ATT;25;20;870000;R;;Brasil;70;100;;editado;15000
1025;B;br_B_1134;br_B_1134|wesleyrocha;Campineiro;Campineiro;André Bezerra;MC;MID;25;22;910000;R;;Brasil;70;100;;editado;15000
1026;B;br_B_1134;br_B_1134|wesleybarbosa;Campineiro;Campineiro;Antônio Santos;CA;ATT;24;20;820000;R;;Brasil;70;100;;editado;14000
1027;B;br_B_16439;br_B_16439|lucasfernandes;Tigre do ABC;Tigre do ABC;Vagner Cardoso;MEI;MID;34;28;2220000;R;31;Brazil;70;100;;editado;29200
1028;B;br_B_16439;br_B_16439|jemersondejesusnascimento;Tigre do ABC;Tigre do ABC;Otávio Tavares;ZAG;DEF;34;33;1690000;R;35;Brazil;70;100;;editado;29200
1029;B;br_B_16439;br_B_16439|hyorankauedalmoro;Tigre do ABC;Tigre do ABC;Robinho Peixoto;MEI;MID;34;33;1690000;R;42;Brazil;70;100;;editado;29200
1030;B;br_B_16439;br_B_16439|fabriciodanieldesouza;Tigre do ABC;Tigre do ABC;Elias Guimarães;PD;ATT;33;28;2040000;L;10;Brazil;70;100;;editado;27400
1031;B;br_B_16439;br_B_16439|joserodrigoandraderamos;Tigre do ABC;Tigre do ABC;Anderson Monteiro;VOL;MID;32;29;1780000;R;32;Brazil;70;100;;editado;25600
1032;B;br_B_16439;br_B_16439|augustodesouzasilva;Tigre do ABC;Tigre do ABC;Thiago Bezerra;ZAG;DEF;32;29;1780000;R;97;Brazil;70;100;;editado;25600
1033;B;br_B_16439;br_B_16439|rodrigoferreiradasilva;Tigre do ABC;Tigre do ABC;Paulo Vieira;LAD;DEF;32;31;1610000;R;2;Brazil;70;100;;editado;25600
1034;B;br_B_16439;br_B_16439|lucaseduardolimadasilva;Tigre do ABC;Tigre do ABC;Anderson Correia;VOL;MID;32;26;1920000;R;14;Brazil;70;100;;editado;25600
1035;B;br_B_16439;br_B_16439|romissonlinodossantos;Tigre do ABC;Tigre do ABC;Rafael Rodrigues;VOL;MID;32;29;1780000;R;17;Brazil;70;100;;editado;25600
1036;B;br_B_16439;br_B_16439|pedrogabrielpereiralopes;Tigre do ABC;Tigre do ABC;Otávio Freitas;PE;ATT;32;26;1920000;R;29;Brazil;70;100;;editado;25600
1037;B;br_B_16439;br_B_16439|pedrovitorferreiradasilva;Tigre do ABC;Tigre do ABC;Francisco Rodrigues;PE;ATT;32;28;1870000;L;11;Brazil;70;100;;editado;25600
1038;B;br_B_16439;br_B_16439|alexalvesdelima;Tigre do ABC;Tigre do ABC;Nathan Santos;GOL;GK;31;39;820000;R;1;Brazil;70;100;;editado;23800
1039;B;br_B_16439;br_B_16439|luizgustavooliveiradasilva;Tigre do ABC;Tigre do ABC;Leonardo Cavalcanti;ZAG;DEF;31;24;1680000;L;90;Brazil;70;100;;editado;23800
1040;B;br_B_16439;br_B_16439|guilhermeseefeldtkrolow;Tigre do ABC;Tigre do ABC;Alan Peixoto;VOL;MID;31;34;1220000;R;8;Brazil;70;100;;editado;23800
1041;B;br_B_16439;br_B_16439|matheusviniciusmatosnogueira;Tigre do ABC;Tigre do ABC;Gabriel Freitas;GOL;GK;30;28;1530000;R;40;Brazil;70;100;;editado;22000
1042;B;br_B_16439;br_B_16439|andersonferreiradasilva;Tigre do ABC;Tigre do ABC;Wellington Siqueira;LAE;DEF;30;30;1380000;L;6;Brazil;70;100;;editado;22000
1043;B;br_B_16439;br_B_16439|heldergomesmaciel;Tigre do ABC;Tigre do ABC;João Silva;ZAG;DEF;29;36;880000;R;3;Brazil;70;100;;editado;20600
1044;B;br_B_16439;br_B_16439|mariosergiovalerio;Tigre do ABC;Tigre do ABC;Maicon Santos;LAE;DEF;29;32;1150000;L;33;Brazil;70;100;;editado;20600
1045;B;br_B_16439;br_B_16439|eduardodasilvaalbuquerque;Tigre do ABC;Tigre do ABC;Diego Dias;MC;MID;29;26;1450000;R;26;Brazil;70;100;;editado;20600
1046;B;br_B_16439;br_B_16439|ocimardealmeidajunior;Tigre do ABC;Tigre do ABC;Thiago Siqueira;MC;MID;29;37;810000;R;30;Brazil;70;100;;editado;20600
1047;B;br_B_16439;br_B_16439|lucasriansantosoliveira;Tigre do ABC;Tigre do ABC;Lucas Lima;SA;ATT;27;26;1220000;R;7;Brazil;70;100;;editado;17800
1048;B;br_B_16439;br_B_16439|arnaldofranciscodacostaneto;Tigre do ABC;Tigre do ABC;Rodrigo Bezerra;CA;ATT;27;29;1130000;L;19;Brazil;70;100;;editado;17800
1049;B;br_B_16439;br_B_16439|danielamorimdiasdasilva;Tigre do ABC;Tigre do ABC;Everton Silva;CA;ATT;27;36;740000;R;89;Brazil;70;100;;editado;17800
1050;B;br_B_16439;br_B_16439|danieldavisimaoroque;Tigre do ABC;Tigre do ABC;Robinho Batista;CA;ATT;27;21;1100000;R;37;Brazil;70;100;;editado;17800
1051;B;br_B_16439;br_B_16439|lucasdossantosreis;Tigre do ABC;Tigre do ABC;Rodrigo Correia;CA;ATT;27;25;1190000;R;70;Brazil;70;100;;editado;17800
1052;B;br_B_8718;br_B_8718|joselucasgomesdasilva;Leão do Recife;Leão do Recife;Danilo Xavier;VOL;MID;37;18;2590000;R;58;Brazil;70;100;;editado;35800
1053;B;br_B_8718;br_B_8718|chrystianbarletta;Leão do Recife;Leão do Recife;Xexéu;PD;ATT;37;25;2990000;L;30;Brazil;70;100;;editado;35800
1054;B;br_B_8718;br_B_8718|joaosilva;Leão do Recife;Leão do Recife;Gonçalo Carvalho;ZAG;DEF;36;27;2800000;R;;Portugal;70;100;;editado;33400
1055;B;br_B_8718;br_B_8718|claudiocoelhosalvatico;Leão do Recife;Leão do Recife;Jonathan Carvalho;LAD;DEF;36;25;2700000;R;;Brazil;70;100;;editado;33400
1056;B;br_B_8718;br_B_8718|yagofelipedacostarocha;Leão do Recife;Leão do Recife;Leonardo Dias;MC;MID;36;31;2300000;R;7;Brazil;70;100;;editado;33400
1057;B;br_B_8718;br_B_8718|diegohernandez;Leão do Recife;Leão do Recife;Jefferson Vargas;PE;ATT;36;26;2750000;L;;Uruguay;70;100;;editado;33400
1058;B;br_B_8718;br_B_8718|carlosdepena;Leão do Recife;Leão do Recife;Cleitão;PE;ATT;36;34;1920000;L;10;Uruguay;70;100;;editado;33400
1059;B;br_B_8718;br_B_8718|marcelodaconceicaobenevenutomalaquias;Leão do Recife;Leão do Recife;Paulo Silva;ZAG;DEF;35;30;2160000;R;5;Brazil;70;100;;editado;31000
1060;B;br_B_8718;br_B_8718|andrefelipedealmeidasantos;Leão do Recife;Leão do Recife;Wesley Oliveira;LAE;DEF;35;29;2280000;L;60;Brazil;70;100;;editado;31000
1061;B;br_B_8718;br_B_8718|pedrohenriqueperotti;Leão do Recife;Leão do Recife;Vinícius Guimarães;CA;ATT;35;28;2390000;L;9;Brazil;70;100;;editado;31000
1062;B;br_B_8718;br_B_8718|thiagocoutowenceslau;Leão do Recife;Leão do Recife;Yuri Batista;GOL;GK;34;27;2320000;R;26;Brazil;70;100;;editado;29200
1063;B;br_B_8718;br_B_8718|habraaolincondonascimentosaraiva;Leão do Recife;Leão do Recife;Francisco Peixoto;ZAG;DEF;34;25;2240000;R;28;Brazil;70;100;;editado;29200
1064;B;br_B_8718;br_B_8718|claysonhenriquedasilvavieira;Leão do Recife;Leão do Recife;Vinícius Batista;PE;ATT;34;31;1900000;R;25;Brazil;70;100;;editado;29200
1065;B;br_B_8718;br_B_8718|iuryliriofreitasdecastilho;Leão do Recife;Leão do Recife;Wesley Correia;CA;ATT;34;30;2010000;R;95;Brazil;70;100;;editado;29200
1066;B;br_B_8718;br_B_8718|joserobertoassuncaodearaujofilho;Leão do Recife;Leão do Recife;Robinho Correia;CA;ATT;34;32;1800000;R;99;Brazil;70;100;;editado;29200
1067;B;br_B_8718;br_B_8718|marceloalexandreajul;Leão do Recife;Leão do Recife;Vagner Rocha;ZAG;DEF;32;23;1820000;R;3;Brazil;70;100;;editado;25600
1068;B;br_B_8718;br_B_8718|augustopuccidefreitas;Leão do Recife;Leão do Recife;Leandro Souza;LAD;DEF;32;18;1640000;R;68;Brazil;70;100;;editado;25600
1069;B;br_B_8718;br_B_8718|josegabrieldossantossilva;Leão do Recife;Leão do Recife;Ricardo Moreira;VOL;MID;32;27;1960000;R;23;Brazil;70;100;;editado;25600
1070;B;br_B_8718;br_B_8718|fabiomatheusribeirolima;Leão do Recife;Leão do Recife;Júlio Pereira;MC;MID;32;23;1820000;L;47;Brazil;70;100;;editado;25600
1071;B;br_B_8718;br_B_8718|luizgabrieldeoliveirafonseca;Leão do Recife;Leão do Recife;Anderson Pinto;MEI;MID;32;24;1850000;R;6;Brazil;70;100;;editado;25600
1072;B;br_B_8718;br_B_8718|gustavomaiadasilva;Leão do Recife;Leão do Recife;Ricardo Siqueira;PE;ATT;32;25;1890000;R;11;Brazil;70;100;;editado;25600
1073;B;br_B_8718;br_B_8718|marlondouglasdesalessilva;Leão do Recife;Leão do Recife;Wallace Moreira;PE;ATT;32;28;1870000;R;31;Brazil;70;100;;editado;25600
1074;B;br_B_8718;br_B_8718|hedhehallsrochadasilva;Leão do Recife;Leão do Recife;Vagner Barbosa;GOL;GK;31;27;1780000;R;1;Brazil;70;100;;editado;23800
1075;B;br_B_8718;br_B_8718|pedrovictormartinssilvacosta;Leão do Recife;Leão do Recife;Andrezinho;VOL;MID;31;26;1750000;R;48;Brazil;70;100;;editado;23800
1076;B;br_B_8718;br_B_8718|madsonferreiradossantos;Leão do Recife;Leão do Recife;Vinícius Almeida;LAD;DEF;30;34;1100000;R;13;Brazil;70;100;;editado;22000
1077;B;br_B_5677;br_B_5677|higormeritao;Colorado do Cerrado;Colorado do Cerrado;Wesley Santos;VOL;MID;36;32;2170000;L;21;Brazil;70;100;;editado;33400
1078;B;br_B_5677;br_B_5677|jandersonsantosdesouza;Colorado do Cerrado;Colorado do Cerrado;Fábio Tavares;PD;ATT;34;27;2320000;R;99;Brazil;70;100;;editado;29200
1079;B;br_B_5677;br_B_5677|willianmarlonferreiramoraes;Colorado do Cerrado;Colorado do Cerrado;Douglas Cardoso;VOL;MID;34;30;2010000;L;8;Brazil;70;100;;editado;29200
1080;B;br_B_5677;br_B_5677|joaopedrovieira;Colorado do Cerrado;Colorado do Cerrado;Igor Peixoto;VOL;MID;34;28;2220000;R;5;Brazil;70;100;;editado;29200
1081;B;br_B_5677;br_B_5677|ryanaparecidolimacassiano;Colorado do Cerrado;Colorado do Cerrado;Igor Rocha;PE;ATT;34;25;2240000;L;11;Brazil;70;100;;editado;29200
1082;B;br_B_5677;br_B_5677|andreluisdacostaalfredo;Colorado do Cerrado;Colorado do Cerrado;André Gomes;PD;ATT;33;29;1950000;L;7;Brazil;70;100;;editado;27400
1083;B;br_B_5677;br_B_5677|guilhermeaugustoalvesdellatorre;Colorado do Cerrado;Colorado do Cerrado;Waguinho;CA;ATT;33;34;1470000;R;49;Brazil;70;100;;editado;27400
1084;B;br_B_5677;br_B_5677|caiomarcelopinheirodasilva;Colorado do Cerrado;Colorado do Cerrado;Rodrigo Vieira;ZAG;DEF;32;28;1870000;L;38;Brazil;70;100;;editado;25600
1085;B;br_B_5677;br_B_5677|haynerwillianmonjardimcordeiro;Colorado do Cerrado;Colorado do Cerrado;Fábio Moreira;LAD;DEF;32;30;1700000;R;22;Brazil;70;100;;editado;25600
1086;B;br_B_5677;br_B_5677|rafaeldasilva;Colorado do Cerrado;Colorado do Cerrado;Marcos Silva;CA;ATT;32;34;1340000;R;9;Brazil;70;100;;editado;25600
1087;B;br_B_5677;br_B_5677|heltonleite;Colorado do Cerrado;Colorado do Cerrado;Matheusinho;GOL;GK;31;35;1140000;R;1;Brazil;70;100;;editado;23800
1088;B;br_B_5677;br_B_5677|tiagopagnussat;Colorado do Cerrado;Colorado do Cerrado;Wellington Vieira;ZAG;DEF;31;36;1060000;R;3;Brazil;70;100;;editado;23800
1089;B;br_B_5677;br_B_5677|igoraquinodasilva;Colorado do Cerrado;Colorado do Cerrado;Jonathan Rodrigues;LAE;DEF;31;33;1300000;L;16;Brazil;70;100;;editado;23800
1090;B;br_B_5677;br_B_5677|eduardodossantos;Colorado do Cerrado;Colorado do Cerrado;Leandro Ferreira;VOL;MID;31;24;1680000;R;15;Brazil;70;100;;editado;23800
1091;B;br_B_5677;br_B_5677|emersonlimafreitas;Colorado do Cerrado;Colorado do Cerrado;Eduardo Siqueira;PE;ATT;31;25;1720000;R;70;Brazil;70;100;;editado;23800
1092;B;br_B_5677;br_B_5677|andersondejesussantos;Colorado do Cerrado;Colorado do Cerrado;Lucas Nascimento;ZAG;DEF;30;31;1310000;R;14;Brazil;70;100;;editado;22000
1093;B;br_B_5677;br_B_5677|gabrielatilacardosodasilva;Colorado do Cerrado;Colorado do Cerrado;Tiago Almeida;GOL;GK;29;23;1370000;R;30;Brazil;70;100;;editado;20600
1094;B;br_B_5677;br_B_5677|higorluizdesouza;Colorado do Cerrado;Colorado do Cerrado;Nathan Ribeiro;LAE;DEF;29;21;1320000;L;6;Brazil;70;100;;editado;20600
1095;B;br_B_5677;br_B_5677|willianpradocamargo;Colorado do Cerrado;Colorado do Cerrado;Rodriguinho;LAE;DEF;29;31;1210000;L;13;Brazil;70;100;;editado;20600
1096;B;br_B_5677;br_B_5677|brunocesarxaviersislo;Colorado do Cerrado;Colorado do Cerrado;Samuel Martins;MEI;MID;29;29;1350000;L;33;Brazil;70;100;;editado;20600
1097;B;br_B_5677;br_B_5677|marcosgabrieldonascimento;Colorado do Cerrado;Colorado do Cerrado;Leonardo Lima;MEI;MID;29;35;950000;L;10;Brazil;70;100;;editado;20600
1098;B;br_B_5677;br_B_5677|gustavopuskaspinheirolemos;Colorado do Cerrado;Colorado do Cerrado;Valdir Siqueira;CA;ATT;28;18;1140000;R;19;Brazil;70;100;;editado;19200
1099;B;br_B_5677;br_B_5677|enzobizzottocosta;Colorado do Cerrado;Colorado do Cerrado;Paulo Cardoso;VOL;MID;27;23;1150000;R;18;Brazil;70;100;;editado;17800
1100;B;br_B_5677;br_B_5677|luizhenriquedemelosilva;Colorado do Cerrado;Colorado do Cerrado;Anderson Ribeiro;VOL;MID;27;21;1100000;R;;Brazil;70;100;;editado;17800
1101;B;br_B_5677;br_B_5677|caiquejesusdasilva;Colorado do Cerrado;Colorado do Cerrado;Leonardo Souza;CA;ATT;27;25;1190000;R;;Brazil;70;100;;editado;17800
1102;C;br_C_amazonas;br_C_amazonas|leocoelho;Onça Amazônica;Onça Amazônica;André Araújo;ZAG;DEF;24;30;810000;R;;Brasil;70;100;;editado;14000
1103;C;br_C_amazonas;br_C_amazonas|diegoivo;Onça Amazônica;Onça Amazônica;Everton Santos;ZAG;DEF;23;20;770000;R;;Brasil;70;100;;editado;13000
1104;C;br_C_amazonas;br_C_amazonas|pedrinho;Onça Amazônica;Onça Amazônica;Robson Tavares;MC;MID;23;21;780000;R;;Brasil;70;100;;editado;13000
1105;C;br_C_amazonas;br_C_amazonas|ignaciopanzariello;Onça Amazônica;Onça Amazônica;Gabriel Guimarães;VOL;MID;23;23;820000;R;;Brasil;70;100;;editado;13000
1106;C;br_C_amazonas;br_C_amazonas|rafaeltavaraes;Onça Amazônica;Onça Amazônica;Yuri Araújo;VOL;MID;23;32;680000;R;;Brasil;70;100;;editado;13000
1107;C;br_C_amazonas;br_C_amazonas|jhonnylucas;Onça Amazônica;Onça Amazônica;Denilson Cavalcanti;MC;MID;23;22;800000;R;;Brasil;70;100;;editado;13000
1108;C;br_C_amazonas;br_C_amazonas|viniciusleite;Onça Amazônica;Onça Amazônica;Sebastião Pinto;PD;ATT;23;27;880000;R;;Brasil;70;100;;editado;13000
1109;C;br_C_amazonas;br_C_amazonas|axel;Onça Amazônica;Onça Amazônica;Tiago Oliveira;GOL;GK;22;20;720000;R;;Brasil;70;100;;editado;12000
1110;C;br_C_amazonas;br_C_amazonas|yaidermena;Onça Amazônica;Onça Amazônica;Hugo Moreira;VOL;MID;22;25;790000;R;;Brasil;70;100;;editado;12000
1111;C;br_C_amazonas;br_C_amazonas|fabinho;Onça Amazônica;Onça Amazônica;Gabriel Tavares;MC;MID;22;33;600000;R;;Brasil;70;100;;editado;12000
1112;C;br_C_amazonas;br_C_amazonas|bernardopaias;Onça Amazônica;Onça Amazônica;Paulo Guimarães;MEI;MID;22;25;790000;R;;Brasil;70;100;;editado;12000
1113;C;br_C_amazonas;br_C_amazonas|renan;Onça Amazônica;Onça Amazônica;Alaninho;GOL;GK;21;26;750000;R;;Brasil;70;100;;editado;11000
1114;C;br_C_amazonas;br_C_amazonas|alyson;Onça Amazônica;Onça Amazônica;Márcio Pinto;LAD;DEF;21;32;590000;R;;Brasil;70;100;;editado;11000
1115;C;br_C_amazonas;br_C_amazonas|italo;Onça Amazônica;Onça Amazônica;Alan Moreira;ZAG;DEF;20;21;620000;R;;Brasil;70;100;;editado;10000
1116;C;br_C_amazonas;br_C_amazonas|rafaelfurlan;Onça Amazônica;Onça Amazônica;Tiago Freitas;LAD;DEF;20;31;570000;R;;Brasil;70;100;;editado;10000
1117;C;br_C_amazonas;br_C_amazonas|leoguerra;Onça Amazônica;Onça Amazônica;Jean Cardoso;CA;ATT;20;22;640000;R;;Brasil;70;100;;editado;10000
1118;C;br_C_amazonas;br_C_amazonas|ronaldohenrique;Onça Amazônica;Onça Amazônica;Robinho Nunes;PE;ATT;20;32;540000;R;;Brasil;70;100;;editado;10000
1119;C;br_C_amazonas;br_C_amazonas|nicolasschiappacasse;Onça Amazônica;Onça Amazônica;Vitor Carvalho;CA;ATT;20;29;640000;R;;Brasil;70;100;;editado;10000
1120;C;br_C_amazonas;br_C_amazonas|rafaelvitor;Onça Amazônica;Onça Amazônica;Igor Tavares;LAE;DEF;19;33;470000;R;;Brasil;70;100;;editado;9200
1121;C;br_C_amazonas;br_C_amazonas|patricionunez;Onça Amazônica;Onça Amazônica;Antônio Xavier;MEI;MID;19;25;630000;R;;Brasil;70;100;;editado;9200
1122;C;br_C_anapolisgo;br_C_anapolisgo|mila;Tricolor do Planalto;Tricolor do Planalto;Robson Siqueira;MEI;MID;24;25;910000;R;;Brasil;70;100;;editado;14000
1123;C;br_C_anapolisgo;br_C_anapolisgo|gabrielbatista;Tricolor do Planalto;Tricolor do Planalto;Igor Santos;MC;MID;24;20;820000;R;;Brasil;70;100;;editado;14000
1124;C;br_C_anapolisgo;br_C_anapolisgo|fernandoviana;Tricolor do Planalto;Tricolor do Planalto;Samuel Costa;CA;ATT;24;30;810000;R;;Brasil;70;100;;editado;14000
1125;C;br_C_anapolisgo;br_C_anapolisgo|ravelpelegrini;Tricolor do Planalto;Tricolor do Planalto;Everton Almeida;GOL;GK;23;31;720000;R;;Brasil;70;100;;editado;13000
1126;C;br_C_anapolisgo;br_C_anapolisgo|kauanmartins;Tricolor do Planalto;Tricolor do Planalto;Weltinho;ZAG;DEF;23;22;800000;R;;Brasil;70;100;;editado;13000
1127;C;br_C_anapolisgo;br_C_anapolisgo|gustavohenrique;Tricolor do Planalto;Tricolor do Planalto;Bruno Oliveira;SA;ATT;23;22;800000;R;;Brasil;70;100;;editado;13000
1128;C;br_C_anapolisgo;br_C_anapolisgo|gonzalofornari;Tricolor do Planalto;Tricolor do Planalto;Carlos Gomes;CA;ATT;21;27;760000;L;;Brasil;70;100;;editado;11000
1129;C;br_C_anapolisgo;br_C_anapolisgo|kaik;Tricolor do Planalto;Tricolor do Planalto;Renato Teixeira;PD;ATT;21;22;690000;R;;Brasil;70;100;;editado;11000
1130;C;br_C_anapolisgo;br_C_anapolisgo|lucasmilla;Tricolor do Planalto;Tricolor do Planalto;Leandro Correia;VOL;MID;20;25;670000;R;;Brasil;70;100;;editado;10000
1131;C;br_C_anapolisgo;br_C_anapolisgo|leonan;Tricolor do Planalto;Tricolor do Planalto;Matheus Pereira;ZAG;DEF;19;25;630000;L;;Brasil;70;100;;editado;9200
1132;C;br_C_anapolisgo;br_C_anapolisgo|robson;Tricolor do Planalto;Tricolor do Planalto;Hugo Costa;ZAG;DEF;18;29;550000;R;;Brasil;70;100;;editado;8400
1133;C;br_C_anapolisgo;br_C_anapolisgo|kaikvicoza;Tricolor do Planalto;Tricolor do Planalto;Cícero Peixoto;LAD;DEF;18;32;460000;L;;Brasil;70;100;;editado;8400
1134;C;br_C_anapolisgo;br_C_anapolisgo|carioca;Tricolor do Planalto;Tricolor do Planalto;Wellington Rocha;LAE;DEF;18;20;520000;L;;Brasil;70;100;;editado;8400
1135;C;br_C_anapolisgo;br_C_anapolisgo|lucaskallyel;Tricolor do Planalto;Tricolor do Planalto;Tiago Moreira;MC;MID;18;28;570000;R;;Brasil;70;100;;editado;8400
1136;C;br_C_anapolisgo;br_C_anapolisgo|matheuslagoa;Tricolor do Planalto;Tricolor do Planalto;José Silva;VOL;MID;18;25;580000;L;;Brasil;70;100;;editado;8400
1137;C;br_C_anapolisgo;br_C_anapolisgo|joaovitor;Tricolor do Planalto;Tricolor do Planalto;Thiago Cavalcanti;PE;ATT;18;31;490000;R;;Brasil;70;100;;editado;8400
1138;C;br_C_anapolisgo;br_C_anapolisgo|victorhugo;Tricolor do Planalto;Tricolor do Planalto;José Barbosa;GOL;GK;17;28;530000;R;;Brasil;70;100;;editado;7600
1139;C;br_C_anapolisgo;br_C_anapolisgo|fernandopaiva;Tricolor do Planalto;Tricolor do Planalto;Brunão;MEI;MID;17;30;480000;R;;Brasil;70;100;;editado;7600
1140;C;br_C_anapolisgo;br_C_anapolisgo|paulosantos;Tricolor do Planalto;Tricolor do Planalto;Danilo Guimarães;ZAG;DEF;17;22;500000;R;;Brasil;70;100;;editado;7600
1141;C;br_C_anapolisgo;br_C_anapolisgo|jorgerodrigues;Tricolor do Planalto;Tricolor do Planalto;Vitor Tavares;ZAG;DEF;17;23;510000;R;;Brasil;70;100;;editado;7600
1142;C;br_C_barra;br_C_barra|jeanpierre;Pescador Catarinense;Pescador Catarinense;Wagner Souza;LAD;DEF;23;25;850000;R;;Brasil;70;100;;editado;13000
1143;C;br_C_barra;br_C_barra|joserivas;Pescador Catarinense;Pescador Catarinense;Jean Tavares;LAE;DEF;23;20;770000;R;;Brasil;70;100;;editado;13000
1144;C;br_C_barra;br_C_barra|kayque;Pescador Catarinense;Pescador Catarinense;Hugo Bezerra;ZAG;DEF;23;28;840000;L;;Brasil;70;100;;editado;13000
1145;C;br_C_barra;br_C_barra|pericles;Pescador Catarinense;Pescador Catarinense;Vagner Xavier;VOL;MID;23;27;880000;R;;Brasil;70;100;;editado;13000
1146;C;br_C_barra;br_C_barra|marcelinho;Pescador Catarinense;Pescador Catarinense;Francisco Moreira;PE;ATT;23;20;770000;R;;Brasil;70;100;;editado;13000
1147;C;br_C_barra;br_C_barra|evertonalemao;Pescador Catarinense;Pescador Catarinense;Júlio Monteiro;ZAG;DEF;22;20;720000;R;;Brasil;70;100;;editado;12000
1148;C;br_C_barra;br_C_barra|gabrielsilva;Pescador Catarinense;Pescador Catarinense;Matheus Santos;PD;ATT;22;29;750000;R;;Brasil;70;100;;editado;12000
1149;C;br_C_barra;br_C_barra|fabio;Pescador Catarinense;Pescador Catarinense;Adriano Rodrigues;ZAG;DEF;21;27;760000;R;;Brasil;70;100;;editado;11000
1150;C;br_C_barra;br_C_barra|barba;Pescador Catarinense;Pescador Catarinense;Cadu;VOL;MID;21;30;660000;R;;Brasil;70;100;;editado;11000
1151;C;br_C_barra;br_C_barra|pablogabriel;Pescador Catarinense;Pescador Catarinense;Gustavo Vieira;MEI;MID;21;22;690000;R;;Brasil;70;100;;editado;11000
1152;C;br_C_barra;br_C_barra|nicolas;Pescador Catarinense;Pescador Catarinense;Adriano Costa;CA;ATT;21;27;760000;R;;Brasil;70;100;;editado;11000
1153;C;br_C_barra;br_C_barra|guilhermelazaroni;Pescador Catarinense;Pescador Catarinense;Robinho Machado;ZAG;DEF;20;22;640000;R;;Brasil;70;100;;editado;10000
1154;C;br_C_barra;br_C_barra|joaomiguel;Pescador Catarinense;Pescador Catarinense;Renato Martins;MC;MID;20;32;540000;L;;Brasil;70;100;;editado;10000
1155;C;br_C_barra;br_C_barra|warley;Pescador Catarinense;Pescador Catarinense;Nathan Lima;MEI;MID;20;20;610000;R;;Brasil;70;100;;editado;10000
1156;C;br_C_barra;br_C_barra|cleosilva;Pescador Catarinense;Pescador Catarinense;Júlio Melo;CA;ATT;20;24;660000;R;;Brasil;70;100;;editado;10000
1157;C;br_C_barra;br_C_barra|gabrielgomes;Pescador Catarinense;Pescador Catarinense;Eli;CA;ATT;20;21;620000;R;;Brasil;70;100;;editado;10000
1158;C;br_C_barra;br_C_barra|fabianovolpi;Pescador Catarinense;Pescador Catarinense;Vitor Siqueira;GOL;GK;19;20;570000;L;;Brasil;70;100;;editado;9200
1159;C;br_C_barra;br_C_barra|eduardonascimento;Pescador Catarinense;Pescador Catarinense;Diego Machado;MC;MID;19;20;570000;R;;Brasil;70;100;;editado;9200
1160;C;br_C_barra;br_C_barra|leoduarte;Pescador Catarinense;Pescador Catarinense;Thiago Xavier;LAD;DEF;18;29;550000;L;;Brasil;70;100;;editado;8400
1161;C;br_C_barra;br_C_barra|everton;Pescador Catarinense;Pescador Catarinense;Vagner Carvalho;GOL;GK;17;21;490000;R;;Brasil;70;100;;editado;7600
1162;C;br_C_botafogopb;br_C_botafogopb|nene;Tricolor do Interior;Tricolor do Interior;Kaique Correia;MEI;MID;24;27;940000;R;;Brasil;70;100;;editado;14000
1163;C;br_C_botafogopb;br_C_botafogopb|pk;Tricolor do Interior;Tricolor do Interior;Alex Barbosa;LAD;DEF;23;21;780000;R;;Brasil;70;100;;editado;13000
1164;C;br_C_botafogopb;br_C_botafogopb|henriquedourado;Tricolor do Interior;Tricolor do Interior;Felipe Santos;SA;ATT;22;21;730000;L;;Brasil;70;100;;editado;12000
1165;C;br_C_botafogopb;br_C_botafogopb|igormorais;Tricolor do Interior;Tricolor do Interior;Alex Peixoto;ZAG;DEF;21;30;660000;R;;Brasil;70;100;;editado;11000
1166;C;br_C_botafogopb;br_C_botafogopb|gustavosantos;Tricolor do Interior;Tricolor do Interior;Márcio Costa;CA;ATT;21;27;760000;R;;Brasil;70;100;;editado;11000
1167;C;br_C_botafogopb;br_C_botafogopb|maxwalef;Tricolor do Interior;Tricolor do Interior;Wagner Cavalcanti;GOL;GK;20;21;620000;R;;Brasil;70;100;;editado;10000
1168;C;br_C_botafogopb;br_C_botafogopb|lucassena;Tricolor do Interior;Tricolor do Interior;Vinícius Carvalho;ZAG;DEF;20;33;510000;R;;Brasil;70;100;;editado;10000
1169;C;br_C_botafogopb;br_C_botafogopb|edcarlos;Tricolor do Interior;Tricolor do Interior;Chico;MC;MID;20;21;620000;R;;Brasil;70;100;;editado;10000
1170;C;br_C_botafogopb;br_C_botafogopb|michael;Tricolor do Interior;Tricolor do Interior;Leandro Nunes;GOL;GK;19;33;470000;L;;Brasil;70;100;;editado;9200
1171;C;br_C_botafogopb;br_C_botafogopb|andersonchaves;Tricolor do Interior;Tricolor do Interior;Júlio Peixoto;CA;ATT;19;22;590000;R;;Brasil;70;100;;editado;9200
1172;C;br_C_botafogopb;br_C_botafogopb|duduhatamoto;Tricolor do Interior;Tricolor do Interior;Thiago Araújo;PD;ATT;19;27;650000;R;;Brasil;70;100;;editado;9200
1173;C;br_C_botafogopb;br_C_botafogopb|guilhermesantos;Tricolor do Interior;Tricolor do Interior;Bruno Correia;PE;ATT;19;20;570000;R;;Brasil;70;100;;editado;9200
1174;C;br_C_botafogopb;br_C_botafogopb|yansouto;Tricolor do Interior;Tricolor do Interior;Felipe Cavalcanti;LAE;DEF;18;32;460000;R;;Brasil;70;100;;editado;8400
1175;C;br_C_botafogopb;br_C_botafogopb|dudunardini;Tricolor do Interior;Tricolor do Interior;Nathan Machado;VOL;MID;18;31;490000;L;;Brasil;70;100;;editado;8400
1176;C;br_C_botafogopb;br_C_botafogopb|jhonatavarela;Tricolor do Interior;Tricolor do Interior;Leandro Cavalcanti;VOL;MID;18;32;460000;R;;Brasil;70;100;;editado;8400
1177;C;br_C_botafogopb;br_C_botafogopb|thalyson;Tricolor do Interior;Tricolor do Interior;Leandro Tavares;MC;MID;18;30;520000;R;;Brasil;70;100;;editado;8400
1178;C;br_C_botafogopb;br_C_botafogopb|henriquecarvalho;Tricolor do Interior;Tricolor do Interior;Yuri Cavalcanti;ZAG;DEF;18;24;570000;L;;Brasil;70;100;;editado;8400
1179;C;br_C_botafogopb;br_C_botafogopb|giovanni;Tricolor do Interior;Tricolor do Interior;Jean Ribeiro;MEI;MID;17;33;400000;R;;Brasil;70;100;;editado;7600
1180;C;br_C_botafogopb;br_C_botafogopb|joaodiogo;Tricolor do Interior;Tricolor do Interior;Wallace Rodrigues;PE;ATT;17;27;550000;R;;Brasil;70;100;;editado;7600
1181;C;br_C_botafogopb;br_C_botafogopb|renatoaraujo;Tricolor do Interior;Tricolor do Interior;Fernando Dias;ZAG;DEF;17;24;520000;L;;Brasil;70;100;;editado;7600
1182;C;br_C_brusque;br_C_brusque|alissoncassiano;Marreco da Serra;Marreco da Serra;Cleitinho;ZAG;DEF;23;24;830000;L;;Brasil;70;100;;editado;13000
1183;C;br_C_brusque;br_C_brusque|jfelix;Marreco da Serra;Marreco da Serra;Yuri Moreira;LAD;DEF;23;28;840000;R;;Brasil;70;100;;editado;13000
1184;C;br_C_brusque;br_C_brusque|lucasdesa;Marreco da Serra;Marreco da Serra;Rodrigo Teixeira;MEI;MID;23;31;720000;R;;Brasil;70;100;;editado;13000
1185;C;br_C_brusque;br_C_brusque|adrianofilho;Marreco da Serra;Marreco da Serra;André Freitas;CA;ATT;23;30;760000;R;;Brasil;70;100;;editado;13000
1186;C;br_C_brusque;br_C_brusque|franksalas;Marreco da Serra;Marreco da Serra;Nathan Andrade;ZAG;DEF;22;28;780000;R;;Brasil;70;100;;editado;12000
1187;C;br_C_brusque;br_C_brusque|petterson;Marreco da Serra;Marreco da Serra;Lucas Teixeira;CA;ATT;22;20;720000;R;;Brasil;70;100;;editado;12000
1188;C;br_C_brusque;br_C_brusque|matheusnogueira;Marreco da Serra;Marreco da Serra;Gabriel Silva;GOL;GK;21;33;550000;R;;Brasil;70;100;;editado;11000
1189;C;br_C_brusque;br_C_brusque|bernardo;Marreco da Serra;Marreco da Serra;José Tavares;VOL;MID;21;25;730000;L;;Brasil;70;100;;editado;11000
1190;C;br_C_brusque;br_C_brusque|leoataide;Marreco da Serra;Marreco da Serra;Wellington Cardoso;LAE;DEF;20;26;690000;R;;Brasil;70;100;;editado;10000
1191;C;br_C_brusque;br_C_brusque|joaopedro;Marreco da Serra;Marreco da Serra;Wagner Gomes;VOL;MID;20;33;510000;L;;Brasil;70;100;sim;editado;10000
1192;C;br_C_brusque;br_C_brusque|joaopedro;Marreco da Serra;Marreco da Serra;Relâmpago;PD;ATT;20;33;510000;L;;Brasil;70;100;sim;editado;10000
1193;C;br_C_brusque;br_C_brusque|gazao;Marreco da Serra;Marreco da Serra;Diego Cavalcanti;MEI;MID;19;26;640000;R;;Brasil;70;100;;editado;9200
1194;C;br_C_brusque;br_C_brusque|luizao;Marreco da Serra;Marreco da Serra;Cícero Barbosa;PE;ATT;19;20;570000;R;;Brasil;70;100;;editado;9200
1195;C;br_C_brusque;br_C_brusque|alvaro;Marreco da Serra;Marreco da Serra;Samuel Oliveira;SA;ATT;19;31;530000;L;;Brasil;70;100;;editado;9200
1196;C;br_C_brusque;br_C_brusque|lmoura;Marreco da Serra;Marreco da Serra;Wellington Almeida;GOL;GK;18;26;590000;R;;Brasil;70;100;;editado;8400
1197;C;br_C_brusque;br_C_brusque|bielfonseca;Marreco da Serra;Marreco da Serra;Robinho Dias;MC;MID;18;21;530000;R;;Brasil;70;100;;editado;8400
1198;C;br_C_brusque;br_C_brusque|vitormartins;Marreco da Serra;Marreco da Serra;Vini;ZAG;DEF;18;20;520000;R;;Brasil;70;100;;editado;8400
1199;C;br_C_brusque;br_C_brusque|raimar;Marreco da Serra;Marreco da Serra;Nathan Correia;ZAG;DEF;17;22;500000;R;;Brasil;70;100;;editado;7600
1200;C;br_C_brusque;br_C_brusque|roberto;Marreco da Serra;Marreco da Serra;Alex Xavier;LAD;DEF;17;21;490000;R;;Brasil;70;100;;editado;7600
1201;C;br_C_brusque;br_C_brusque|diegoaraujo;Marreco da Serra;Marreco da Serra;Vitor Cavalcanti;MC;MID;17;21;490000;R;;Brasil;70;100;;editado;7600
1202;C;br_C_caxiasdosul;br_C_caxiasdosul|marcelodalsoler;Grená Gaúcho;Grená Gaúcho;Denilson Souza;GOL;GK;24;21;840000;R;;Brasil;70;100;;editado;14000
1203;C;br_C_caxiasdosul;br_C_caxiasdosul|leolang;Grená Gaúcho;Grená Gaúcho;Gustavo Carvalho;GOL;GK;23;24;830000;R;;Brasil;70;100;;editado;13000
1204;C;br_C_caxiasdosul;br_C_caxiasdosul|joilson;Grená Gaúcho;Grená Gaúcho;José Ribeiro;ZAG;DEF;23;30;760000;R;;Brasil;70;100;;editado;13000
1205;C;br_C_caxiasdosul;br_C_caxiasdosul|yannrolim;Grená Gaúcho;Grená Gaúcho;Pedro Nunes;VOL;MID;23;29;800000;R;;Brasil;70;100;;editado;13000
1206;C;br_C_caxiasdosul;br_C_caxiasdosul|jean;Grená Gaúcho;Grená Gaúcho;Douglas Cavalcanti;CA;ATT;23;20;770000;R;;Brasil;70;100;;editado;13000
1207;C;br_C_caxiasdosul;br_C_caxiasdosul|ronei;Grená Gaúcho;Grená Gaúcho;Denilson Moreira;ZAG;DEF;22;25;790000;R;;Brasil;70;100;;editado;12000
1208;C;br_C_caxiasdosul;br_C_caxiasdosul|gustavonescau;Grená Gaúcho;Grená Gaúcho;Maicon Melo;PE;ATT;22;32;640000;L;;Brasil;70;100;;editado;12000
1209;C;br_C_caxiasdosul;br_C_caxiasdosul|calyson;Grená Gaúcho;Grená Gaúcho;Alan Carvalho;PD;ATT;21;33;550000;R;;Brasil;70;100;;editado;11000
1210;C;br_C_caxiasdosul;br_C_caxiasdosul|lucascandido;Grená Gaúcho;Grená Gaúcho;João Tavares;MC;MID;20;21;620000;R;;Brasil;70;100;;editado;10000
1211;C;br_C_caxiasdosul;br_C_caxiasdosul|arthurviana;Grená Gaúcho;Grená Gaúcho;Carlos Guimarães;CA;ATT;20;31;570000;R;;Brasil;70;100;;editado;10000
1212;C;br_C_caxiasdosul;br_C_caxiasdosul|vitorfeijao;Grená Gaúcho;Grená Gaúcho;Anderson Silva;SA;ATT;20;32;540000;R;;Brasil;70;100;;editado;10000
1213;C;br_C_caxiasdosul;br_C_caxiasdosul|thiagoennes;Grená Gaúcho;Grená Gaúcho;Canivete;LAD;DEF;19;25;630000;R;;Brasil;70;100;;editado;9200
1214;C;br_C_caxiasdosul;br_C_caxiasdosul|gabrielgomes;Grená Gaúcho;Grená Gaúcho;Fernando Gomes;MC;MID;19;20;570000;R;;Brasil;70;100;;editado;9200
1215;C;br_C_caxiasdosul;br_C_caxiasdosul|carlossilva;Grená Gaúcho;Grená Gaúcho;Teteu;MC;MID;19;23;600000;L;;Brasil;70;100;;editado;9200
1216;C;br_C_caxiasdosul;br_C_caxiasdosul|mauricio;Grená Gaúcho;Grená Gaúcho;Leandro Machado;LAD;DEF;18;31;490000;R;;Brasil;70;100;;editado;8400
1217;C;br_C_caxiasdosul;br_C_caxiasdosul|vitinho;Grená Gaúcho;Grená Gaúcho;Ricardo Machado;ZAG;DEF;18;23;560000;R;;Brasil;70;100;;editado;8400
1218;C;br_C_caxiasdosul;br_C_caxiasdosul|brenosantos;Grená Gaúcho;Grená Gaúcho;Rodrigo Farias;VOL;MID;18;24;570000;L;;Brasil;70;100;;editado;8400
1219;C;br_C_caxiasdosul;br_C_caxiasdosul|andresrobles;Grená Gaúcho;Grená Gaúcho;Adriano Machado;ZAG;DEF;17;22;500000;R;;Brasil;70;100;;editado;7600
1220;C;br_C_caxiasdosul;br_C_caxiasdosul|roberto;Grená Gaúcho;Grená Gaúcho;Lucas Xavier;LAE;DEF;17;21;490000;R;;Brasil;70;100;;editado;7600
1221;C;br_C_caxiasdosul;br_C_caxiasdosul|wellingtonreis;Grená Gaúcho;Grená Gaúcho;Igor Pinto;MEI;MID;17;30;480000;R;;Brasil;70;100;;editado;7600
1222;C;br_C_confianca;br_C_confianca|marcelo;Proletário FC;Proletário FC;Bode;LAE;DEF;24;21;840000;R;;Brasil;70;100;;editado;14000
1223;C;br_C_confianca;br_C_confianca|fabriciooya;Proletário FC;Proletário FC;Jonathan Souza;MC;MID;23;32;680000;R;;Brasil;70;100;;editado;13000
1224;C;br_C_confianca;br_C_confianca|guilhermenunes;Proletário FC;Proletário FC;Valdir Pereira;MEI;MID;23;21;780000;L;;Brasil;70;100;;editado;13000
1225;C;br_C_confianca;br_C_confianca|mateusludke;Proletário FC;Proletário FC;Pedro Siqueira;ZAG;DEF;22;22;750000;R;;Brasil;70;100;;editado;12000
1226;C;br_C_confianca;br_C_confianca|valdir;Proletário FC;Proletário FC;João Rocha;LAD;DEF;22;20;720000;R;;Brasil;70;100;;editado;12000
1227;C;br_C_confianca;br_C_confianca|danielzinho;Proletário FC;Proletário FC;Fernando Souza;CA;ATT;21;23;700000;R;;Brasil;70;100;;editado;11000
1228;C;br_C_confianca;br_C_confianca|maikonaquino;Proletário FC;Proletário FC;Thiago Peixoto;PE;ATT;21;22;690000;R;;Brasil;70;100;;editado;11000
1229;C;br_C_confianca;br_C_confianca|sassa;Proletário FC;Proletário FC;Thiago Barbosa;CA;ATT;21;25;730000;L;;Brasil;70;100;;editado;11000
1230;C;br_C_confianca;br_C_confianca|rafaelpascoal;Proletário FC;Proletário FC;Tronco;GOL;GK;20;30;610000;L;;Brasil;70;100;;editado;10000
1231;C;br_C_confianca;br_C_confianca|icaro;Proletário FC;Proletário FC;Emerson Cavalcanti;ZAG;DEF;19;20;570000;R;;Brasil;70;100;;editado;9200
1232;C;br_C_confianca;br_C_confianca|brunosilva;Proletário FC;Proletário FC;Paulo Lima;VOL;MID;19;27;650000;R;;Brasil;70;100;;editado;9200
1233;C;br_C_confianca;br_C_confianca|wendel;Proletário FC;Proletário FC;Rodrigo Melo;VOL;MID;19;27;650000;R;;Brasil;70;100;;editado;9200
1234;C;br_C_confianca;br_C_confianca|matheusemiliano;Proletário FC;Proletário FC;Hugo Vieira;GOL;GK;18;27;600000;R;;Brasil;70;100;;editado;8400
1235;C;br_C_confianca;br_C_confianca|adryan;Proletário FC;Proletário FC;Jonathan Pinto;ZAG;DEF;18;21;530000;R;;Brasil;70;100;;editado;8400
1236;C;br_C_confianca;br_C_confianca|eduardomoura;Proletário FC;Proletário FC;Otávio Barbosa;ZAG;DEF;18;30;520000;R;;Brasil;70;100;;editado;8400
1237;C;br_C_confianca;br_C_confianca|kelvyn;Proletário FC;Proletário FC;Jean Farias;LAD;DEF;18;29;550000;R;;Brasil;70;100;;editado;8400
1238;C;br_C_confianca;br_C_confianca|weriton;Proletário FC;Proletário FC;Passarinho;ZAG;DEF;18;32;460000;R;;Brasil;70;100;;editado;8400
1239;C;br_C_confianca;br_C_confianca|iago;Proletário FC;Proletário FC;Fábio Vieira;PD;ATT;17;32;430000;R;;Brasil;70;100;;editado;7600
1240;C;br_C_confianca;br_C_confianca|andrerocha;Proletário FC;Proletário FC;Sebastião Almeida;MC;MID;17;19;470000;R;;Brasil;70;100;;editado;7600
1241;C;br_C_confianca;br_C_confianca|eduardooliveira;Proletário FC;Proletário FC;Douglas Siqueira;MC;MID;16;24;470000;R;;Brasil;70;100;;editado;6800
1242;C;br_C_ferroviaria;br_C_ferroviaria|ricardinho;Locomotiva Paulista;Locomotiva Paulista;Vagner Cavalcanti;VOL;MID;24;25;910000;R;;Brasil;70;100;;editado;14000
1243;C;br_C_ferroviaria;br_C_ferroviaria|denisjunior;Locomotiva Paulista;Locomotiva Paulista;Hugo Tavares;GOL;GK;23;32;680000;R;;Brasil;70;100;;editado;13000
1244;C;br_C_ferroviaria;br_C_ferroviaria|edsonlucas;Locomotiva Paulista;Locomotiva Paulista;Tiago Rodrigues;ZAG;DEF;23;25;850000;R;;Brasil;70;100;;editado;13000
1245;C;br_C_ferroviaria;br_C_ferroviaria|erik;Locomotiva Paulista;Locomotiva Paulista;Valdir Peixoto;ZAG;DEF;23;25;850000;R;;Brasil;70;100;;editado;13000
1246;C;br_C_ferroviaria;br_C_ferroviaria|lucasrodrigues;Locomotiva Paulista;Locomotiva Paulista;Márcio Teixeira;ZAG;DEF;23;30;760000;R;;Brasil;70;100;;editado;13000
1247;C;br_C_ferroviaria;br_C_ferroviaria|zevitor;Locomotiva Paulista;Locomotiva Paulista;Anderson Carvalho;LAD;DEF;23;25;850000;R;;Brasil;70;100;;editado;13000
1248;C;br_C_ferroviaria;br_C_ferroviaria|leowall;Locomotiva Paulista;Locomotiva Paulista;Maicon Andrade;GOL;GK;22;28;780000;R;;Brasil;70;100;;editado;12000
1249;C;br_C_ferroviaria;br_C_ferroviaria|alencar;Locomotiva Paulista;Locomotiva Paulista;José Nascimento;MC;MID;21;30;660000;R;;Brasil;70;100;;editado;11000
1250;C;br_C_ferroviaria;br_C_ferroviaria|feliperodrigues;Locomotiva Paulista;Locomotiva Paulista;Wellington Nascimento;PD;ATT;21;27;760000;R;;Brasil;70;100;;editado;11000
1251;C;br_C_ferroviaria;br_C_ferroviaria|albano;Locomotiva Paulista;Locomotiva Paulista;Wesley Carvalho;VOL;MID;20;27;700000;R;;Brasil;70;100;;editado;10000
1252;C;br_C_ferroviaria;br_C_ferroviaria|david;Locomotiva Paulista;Locomotiva Paulista;Valdir Almeida;MEI;MID;20;20;610000;R;;Brasil;70;100;;editado;10000
1253;C;br_C_ferroviaria;br_C_ferroviaria|guilhermeferreira;Locomotiva Paulista;Locomotiva Paulista;Aranha;LAD;DEF;19;24;610000;L;;Brasil;70;100;;editado;9200
1254;C;br_C_ferroviaria;br_C_ferroviaria|denilson;Locomotiva Paulista;Locomotiva Paulista;Alan Santos;CA;ATT;19;20;570000;R;;Brasil;70;100;;editado;9200
1255;C;br_C_ferroviaria;br_C_ferroviaria|gustavomedina;Locomotiva Paulista;Locomotiva Paulista;Júlio Freitas;LAE;DEF;18;29;550000;R;;Brasil;70;100;;editado;8400
1256;C;br_C_ferroviaria;br_C_ferroviaria|fabiosoares;Locomotiva Paulista;Locomotiva Paulista;Márcio Siqueira;PE;ATT;18;20;520000;R;;Brasil;70;100;;editado;8400
1257;C;br_C_ferroviaria;br_C_ferroviaria|hernani;Locomotiva Paulista;Locomotiva Paulista;Danilo Nascimento;CA;ATT;18;28;570000;R;;Brasil;70;100;;editado;8400
1258;C;br_C_ferroviaria;br_C_ferroviaria|vitorbarreto;Locomotiva Paulista;Locomotiva Paulista;Thiago Andrade;SA;ATT;18;21;530000;R;;Brasil;70;100;;editado;8400
1259;C;br_C_ferroviaria;br_C_ferroviaria|leandrorocha;Locomotiva Paulista;Locomotiva Paulista;João Lima;ZAG;DEF;18;19;510000;R;;Brasil;70;100;;editado;8400
1260;C;br_C_ferroviaria;br_C_ferroviaria|leandromelo;Locomotiva Paulista;Locomotiva Paulista;Leão;MC;MID;17;24;520000;R;;Brasil;70;100;;editado;7600
1261;C;br_C_ferroviaria;br_C_ferroviaria|rafaelrodrigues;Locomotiva Paulista;Locomotiva Paulista;Cleiton Rocha;MC;MID;17;19;470000;R;;Brasil;70;100;;editado;7600
1262;C;br_C_figueirense;br_C_figueirense|arthurhenrique;Figueira da Ilha;Figueira da Ilha;Vitor Melo;ZAG;DEF;23;21;780000;R;;Brasil;70;100;;editado;13000
1263;C;br_C_figueirense;br_C_figueirense|fabricio;Figueira da Ilha;Figueira da Ilha;Hugo Dias;GOL;GK;22;31;670000;R;;Brasil;70;100;;editado;12000
1264;C;br_C_figueirense;br_C_figueirense|matheusmascarenhas;Figueira da Ilha;Figueira da Ilha;Jean Siqueira;LAD;DEF;22;25;790000;R;;Brasil;70;100;;editado;12000
1265;C;br_C_figueirense;br_C_figueirense|breno;Figueira da Ilha;Figueira da Ilha;Professor;VOL;MID;22;32;640000;R;;Brasil;70;100;;editado;12000
1266;C;br_C_figueirense;br_C_figueirense|jorginho;Figueira da Ilha;Figueira da Ilha;Francisco Farias;MEI;MID;22;28;780000;R;;Brasil;70;100;;editado;12000
1267;C;br_C_figueirense;br_C_figueirense|pablo;Figueira da Ilha;Figueira da Ilha;Cleiton Pinto;CA;ATT;22;28;780000;R;;Brasil;70;100;;editado;12000
1268;C;br_C_figueirense;br_C_figueirense|douglas;Figueira da Ilha;Figueira da Ilha;Danilo Machado;LAD;DEF;20;23;650000;R;;Brasil;70;100;;editado;10000
1269;C;br_C_figueirense;br_C_figueirense|jhonnathan;Figueira da Ilha;Figueira da Ilha;Vitor Pereira;ZAG;DEF;20;29;640000;R;;Brasil;70;100;;editado;10000
1270;C;br_C_figueirense;br_C_figueirense|flavio;Figueira da Ilha;Figueira da Ilha;Douglas Freitas;MEI;MID;20;27;700000;R;;Brasil;70;100;;editado;10000
1271;C;br_C_figueirense;br_C_figueirense|jeanmangabeira;Figueira da Ilha;Figueira da Ilha;Espeto;VOL;MID;20;21;620000;L;;Brasil;70;100;;editado;10000
1272;C;br_C_figueirense;br_C_figueirense|felipeaugusto;Figueira da Ilha;Figueira da Ilha;Ouro;CA;ATT;20;29;640000;R;;Brasil;70;100;;editado;10000
1273;C;br_C_figueirense;br_C_figueirense|silvinho;Figueira da Ilha;Figueira da Ilha;Wellington Guimarães;SA;ATT;20;24;660000;R;;Brasil;70;100;;editado;10000
1274;C;br_C_figueirense;br_C_figueirense|hyuri;Figueira da Ilha;Figueira da Ilha;Leandro Rocha;PD;ATT;19;29;590000;R;;Brasil;70;100;;editado;9200
1275;C;br_C_figueirense;br_C_figueirense|igorgabriel;Figueira da Ilha;Figueira da Ilha;Tiago Carvalho;GOL;GK;18;23;560000;L;;Brasil;70;100;;editado;8400
1276;C;br_C_figueirense;br_C_figueirense|ezequiel;Figueira da Ilha;Figueira da Ilha;Sebastião Siqueira;LAE;DEF;18;28;570000;R;;Brasil;70;100;;editado;8400
1277;C;br_C_figueirense;br_C_figueirense|dudusampaio;Figueira da Ilha;Figueira da Ilha;Paulo Nascimento;MC;MID;18;22;550000;R;;Brasil;70;100;;editado;8400
1278;C;br_C_figueirense;br_C_figueirense|diegocosta;Figueira da Ilha;Figueira da Ilha;Anderson Barbosa;MC;MID;18;19;510000;R;;Brasil;70;100;;editado;8400
1279;C;br_C_figueirense;br_C_figueirense|andersonconceicao;Figueira da Ilha;Figueira da Ilha;André Almeida;ZAG;DEF;17;24;520000;R;;Brasil;70;100;;editado;7600
1280;C;br_C_figueirense;br_C_figueirense|kayke;Figueira da Ilha;Figueira da Ilha;Vagner Souza;PE;ATT;17;25;530000;R;;Brasil;70;100;;editado;7600
1281;C;br_C_figueirense;br_C_figueirense|felipesilva;Figueira da Ilha;Figueira da Ilha;Alan Freitas;ZAG;DEF;17;22;500000;L;;Brasil;70;100;;editado;7600
1282;C;br_C_floresta;br_C_floresta|cesar;Verdão Cearense;Verdão Cearense;André Vieira;GOL;GK;23;24;830000;R;;Brasil;70;100;;editado;13000
1283;C;br_C_floresta;br_C_floresta|diegomatos;Verdão Cearense;Verdão Cearense;Adriano Rocha;LAE;DEF;23;22;800000;R;;Brasil;70;100;;editado;13000
1284;C;br_C_floresta;br_C_floresta|eliandrocarvalho;Verdão Cearense;Verdão Cearense;Marechal;LAD;DEF;23;26;860000;L;;Brasil;70;100;;editado;13000
1285;C;br_C_floresta;br_C_floresta|diogomourao;Verdão Cearense;Verdão Cearense;Diego Ribeiro;CA;ATT;23;23;820000;R;;Brasil;70;100;;editado;13000
1286;C;br_C_floresta;br_C_floresta|rafinha;Verdão Cearense;Verdão Cearense;Cícero Lima;CA;ATT;23;29;800000;L;;Brasil;70;100;;editado;13000
1287;C;br_C_floresta;br_C_floresta|cedric;Verdão Cearense;Verdão Cearense;Hugo Souza;LAD;DEF;22;28;780000;R;;Brasil;70;100;;editado;12000
1288;C;br_C_floresta;br_C_floresta|valdo;Verdão Cearense;Verdão Cearense;Danilo Araújo;ZAG;DEF;22;32;640000;R;;Brasil;70;100;;editado;12000
1289;C;br_C_floresta;br_C_floresta|danrley;Verdão Cearense;Verdão Cearense;Elias Almeida;MC;MID;22;27;820000;R;;Brasil;70;100;;editado;12000
1290;C;br_C_floresta;br_C_floresta|mathesinho;Verdão Cearense;Verdão Cearense;Jonathan Barbosa;PE;ATT;22;22;750000;R;;Brasil;70;100;;editado;12000
1291;C;br_C_floresta;br_C_floresta|bismark;Verdão Cearense;Verdão Cearense;Valdir Batista;VOL;MID;21;31;620000;L;;Brasil;70;100;;editado;11000
1292;C;br_C_floresta;br_C_floresta|guilhermeborges;Verdão Cearense;Verdão Cearense;Robson Cavalcanti;MEI;MID;20;22;640000;R;;Brasil;70;100;;editado;10000
1293;C;br_C_floresta;br_C_floresta|marcoantonio;Verdão Cearense;Verdão Cearense;João Dias;ZAG;DEF;19;21;580000;R;;Brasil;70;100;;editado;9200
1294;C;br_C_floresta;br_C_floresta|wesleydias;Verdão Cearense;Verdão Cearense;Baixinho;MC;MID;19;21;580000;L;;Brasil;70;100;;editado;9200
1295;C;br_C_floresta;br_C_floresta|jefersonsouza;Verdão Cearense;Verdão Cearense;Fernando Bezerra;ZAG;DEF;18;20;520000;R;;Brasil;70;100;;editado;8400
1296;C;br_C_floresta;br_C_floresta|tiepo;Verdão Cearense;Verdão Cearense;Emerson Monteiro;ZAG;DEF;18;29;550000;R;;Brasil;70;100;;editado;8400
1297;C;br_C_floresta;br_C_floresta|eduardo;Verdão Cearense;Verdão Cearense;Vitor Rocha;ZAG;DEF;18;20;520000;L;;Brasil;70;100;;editado;8400
1298;C;br_C_floresta;br_C_floresta|joaoceleri;Verdão Cearense;Verdão Cearense;Wellington Batista;PD;ATT;18;33;440000;L;;Brasil;70;100;;editado;8400
1299;C;br_C_floresta;br_C_floresta|dalton;Verdão Cearense;Verdão Cearense;Antônio Machado;GOL;GK;17;32;430000;R;;Brasil;70;100;;editado;7600
1300;C;br_C_floresta;br_C_floresta|nonato;Verdão Cearense;Verdão Cearense;Wagner Pereira;VOL;MID;17;27;550000;R;;Brasil;70;100;;editado;7600
1301;C;br_C_floresta;br_C_floresta|diegoribeiro;Verdão Cearense;Verdão Cearense;Alan Almeida;MC;MID;17;22;500000;L;;Brasil;70;100;;editado;7600
1302;C;br_C_guarani;br_C_guarani|ralf;Alviverde Campineiro;Alviverde Campineiro;Everton Gomes;VOL;MID;23;23;820000;R;;Brasil;70;100;;editado;13000
1303;C;br_C_guarani;br_C_guarani|willianfarias;Alviverde Campineiro;Alviverde Campineiro;Wesley Ribeiro;MEI;MID;23;28;840000;R;;Brasil;70;100;;editado;13000
1304;C;br_C_guarani;br_C_guarani|guilhermeparede;Alviverde Campineiro;Alviverde Campineiro;Vagner Freitas;PD;ATT;23;25;850000;R;;Brasil;70;100;;editado;13000
1305;C;br_C_guarani;br_C_guarani|rafaeldonato;Alviverde Campineiro;Alviverde Campineiro;Cleiton Farias;ZAG;DEF;22;24;780000;R;;Brasil;70;100;;editado;12000
1306;C;br_C_guarani;br_C_guarani|guilhermecachoeira;Alviverde Campineiro;Alviverde Campineiro;Valdir Xavier;CA;ATT;22;27;820000;R;;Brasil;70;100;;editado;12000
1307;C;br_C_guarani;br_C_guarani|maranhao;Alviverde Campineiro;Alviverde Campineiro;Sapo;CA;ATT;21;31;620000;L;;Brasil;70;100;;editado;11000
1308;C;br_C_guarani;br_C_guarani|caiquefranca;Alviverde Campineiro;Alviverde Campineiro;Vagner Correia;GOL;GK;20;21;620000;R;;Brasil;70;100;;editado;10000
1309;C;br_C_guarani;br_C_guarani|nathanmelo;Alviverde Campineiro;Alviverde Campineiro;Gustavo Rodrigues;MEI;MID;20;29;640000;R;;Brasil;70;100;;editado;10000
1310;C;br_C_guarani;br_C_guarani|lucca;Alviverde Campineiro;Alviverde Campineiro;Thiago Costa;PE;ATT;20;30;610000;R;;Brasil;70;100;;editado;10000
1311;C;br_C_guarani;br_C_guarani|samuel;Alviverde Campineiro;Alviverde Campineiro;Maicon Pinto;PE;ATT;20;33;510000;R;;Brasil;70;100;;editado;10000
1312;C;br_C_guarani;br_C_guarani|emersonbarbosa;Alviverde Campineiro;Alviverde Campineiro;Eduardo Barbosa;ZAG;DEF;19;33;470000;R;;Brasil;70;100;;editado;9200
1313;C;br_C_guarani;br_C_guarani|cicinho;Alviverde Campineiro;Alviverde Campineiro;Sebastião Lima;ZAG;DEF;18;27;600000;R;;Brasil;70;100;;editado;8400
1314;C;br_C_guarani;br_C_guarani|diegotorres;Alviverde Campineiro;Alviverde Campineiro;Gustavo Almeida;VOL;MID;18;21;530000;R;;Brasil;70;100;;editado;8400
1315;C;br_C_guarani;br_C_guarani|mirandinha;Alviverde Campineiro;Alviverde Campineiro;Robson Silva;SA;ATT;18;23;560000;R;;Brasil;70;100;;editado;8400
1316;C;br_C_guarani;br_C_guarani|mateusclaus;Alviverde Campineiro;Alviverde Campineiro;Kaique Silva;GOL;GK;17;25;530000;R;;Brasil;70;100;;editado;7600
1317;C;br_C_guarani;br_C_guarani|jonathancosta;Alviverde Campineiro;Alviverde Campineiro;Kaique Santos;LAD;DEF;17;31;450000;R;;Brasil;70;100;;editado;7600
1318;C;br_C_guarani;br_C_guarani|mauricioantonio;Alviverde Campineiro;Alviverde Campineiro;Wallace Souza;LAE;DEF;17;28;530000;R;;Brasil;70;100;;editado;7600
1319;C;br_C_guarani;br_C_guarani|isaque;Alviverde Campineiro;Alviverde Campineiro;Matheus Nunes;MC;MID;17;26;540000;R;;Brasil;70;100;;editado;7600
1320;C;br_C_guarani;br_C_guarani|brunorodrigues;Alviverde Campineiro;Alviverde Campineiro;Jonathan Silva;MC;MID;17;19;470000;R;;Brasil;70;100;;editado;7600
1321;C;br_C_guarani;br_C_guarani|nathansantos;Alviverde Campineiro;Alviverde Campineiro;Márcio Martins;ZAG;DEF;16;21;450000;R;;Brasil;70;100;;editado;6800
1322;C;br_C_interdelimeira;br_C_interdelimeira|vitorleque;Leão de Limeira;Leão de Limeira;Thiago Vieira;CA;ATT;24;26;920000;R;;Brasil;70;100;;editado;14000
1323;C;br_C_interdelimeira;br_C_interdelimeira|juantavares;Leão de Limeira;Leão de Limeira;Raimundo Peixoto;LAD;DEF;23;26;860000;R;;Brasil;70;100;;editado;13000
1324;C;br_C_interdelimeira;br_C_interdelimeira|claudinho;Leão de Limeira;Leão de Limeira;Paulo Carvalho;MC;MID;23;27;880000;R;;Brasil;70;100;;editado;13000
1325;C;br_C_interdelimeira;br_C_interdelimeira|emersonsantos;Leão de Limeira;Leão de Limeira;Padre;MEI;MID;23;25;850000;R;;Brasil;70;100;;editado;13000
1326;C;br_C_interdelimeira;br_C_interdelimeira|alef;Leão de Limeira;Leão de Limeira;Wallace Ribeiro;VOL;MID;22;22;750000;L;;Brasil;70;100;;editado;12000
1327;C;br_C_interdelimeira;br_C_interdelimeira|frazan;Leão de Limeira;Leão de Limeira;Fernando Nunes;ZAG;DEF;21;32;590000;R;;Brasil;70;100;;editado;11000
1328;C;br_C_interdelimeira;br_C_interdelimeira|miguelbianconi;Leão de Limeira;Leão de Limeira;Douglas Ribeiro;PD;ATT;21;28;730000;R;;Brasil;70;100;;editado;11000
1329;C;br_C_interdelimeira;br_C_interdelimeira|emersonjunior;Leão de Limeira;Leão de Limeira;Tiago Farias;GOL;GK;20;33;510000;R;;Brasil;70;100;;editado;10000
1330;C;br_C_interdelimeira;br_C_interdelimeira|saulo;Leão de Limeira;Leão de Limeira;Cleiton Araújo;GOL;GK;20;28;670000;R;;Brasil;70;100;;editado;10000
1331;C;br_C_interdelimeira;br_C_interdelimeira|getulio;Leão de Limeira;Leão de Limeira;Alan Rodrigues;CA;ATT;20;30;610000;R;;Brasil;70;100;;editado;10000
1332;C;br_C_interdelimeira;br_C_interdelimeira|marcoantonio;Leão de Limeira;Leão de Limeira;Elias Freitas;MEI;MID;19;21;580000;R;;Brasil;70;100;;editado;9200
1333;C;br_C_interdelimeira;br_C_interdelimeira|brenosantos;Leão de Limeira;Leão de Limeira;Yuri Cardoso;ZAG;DEF;18;24;570000;L;;Brasil;70;100;;editado;8400
1334;C;br_C_interdelimeira;br_C_interdelimeira|robson;Leão de Limeira;Leão de Limeira;Jonathan Teixeira;LAE;DEF;18;29;550000;R;;Brasil;70;100;;editado;8400
1335;C;br_C_interdelimeira;br_C_interdelimeira|gustavobochecha;Leão de Limeira;Leão de Limeira;Douglas Ferreira;VOL;MID;18;24;570000;R;;Brasil;70;100;;editado;8400
1336;C;br_C_interdelimeira;br_C_interdelimeira|mauricio;Leão de Limeira;Leão de Limeira;Prata;MC;MID;18;31;490000;R;;Brasil;70;100;;editado;8400
1337;C;br_C_interdelimeira;br_C_interdelimeira|robertinho;Leão de Limeira;Leão de Limeira;Sebastião Melo;VOL;MID;18;30;520000;R;;Brasil;70;100;;editado;8400
1338;C;br_C_interdelimeira;br_C_interdelimeira|igoroliveira;Leão de Limeira;Leão de Limeira;Pedro Ribeiro;CA;ATT;18;20;520000;R;;Brasil;70;100;;editado;8400
1339;C;br_C_interdelimeira;br_C_interdelimeira|vidal;Leão de Limeira;Leão de Limeira;Zorro;ZAG;DEF;17;30;480000;R;;Brasil;70;100;;editado;7600
1340;C;br_C_interdelimeira;br_C_interdelimeira|robinho;Leão de Limeira;Leão de Limeira;Rodrigo Cavalcanti;PE;ATT;17;31;450000;R;;Brasil;70;100;;editado;7600
1341;C;br_C_interdelimeira;br_C_interdelimeira|brunoribeiro;Leão de Limeira;Leão de Limeira;Adriano Monteiro;ZAG;DEF;17;20;480000;R;;Brasil;70;100;;editado;7600
1342;C;br_C_itabaiana;br_C_itabaiana|betao;Tricolor Serrano;Tricolor Serrano;Xerife;LAD;DEF;23;31;720000;R;;Brasil;70;100;;editado;13000
1343;C;br_C_itabaiana;br_C_itabaiana|ligger;Tricolor Serrano;Tricolor Serrano;Alex Almeida;LAD;DEF;22;20;720000;R;;Brasil;70;100;;editado;12000
1344;C;br_C_itabaiana;br_C_itabaiana|rodrigoalves;Tricolor Serrano;Tricolor Serrano;Yuri Dias;VOL;MID;21;25;730000;L;;Brasil;70;100;;editado;11000
1345;C;br_C_itabaiana;br_C_itabaiana|geaze;Tricolor Serrano;Tricolor Serrano;Igor Freitas;GOL;GK;20;30;610000;R;;Brasil;70;100;;editado;10000
1346;C;br_C_itabaiana;br_C_itabaiana|gustavocrecci;Tricolor Serrano;Tricolor Serrano;Pedro Guimarães;MC;MID;20;26;690000;R;;Brasil;70;100;;editado;10000
1347;C;br_C_itabaiana;br_C_itabaiana|luansilva;Tricolor Serrano;Tricolor Serrano;Alan Monteiro;CA;ATT;20;25;670000;R;;Brasil;70;100;;editado;10000
1348;C;br_C_itabaiana;br_C_itabaiana|evertonkanela;Tricolor Serrano;Tricolor Serrano;Wallace Correia;PD;ATT;20;31;570000;R;;Brasil;70;100;;editado;10000
1349;C;br_C_itabaiana;br_C_itabaiana|lucasbessa;Tricolor Serrano;Tricolor Serrano;Douglas Xavier;MEI;MID;19;24;610000;R;;Brasil;70;100;;editado;9200
1350;C;br_C_itabaiana;br_C_itabaiana|brandonmondaca;Tricolor Serrano;Tricolor Serrano;Cícero Moreira;CA;ATT;19;31;530000;R;;Brasil;70;100;;editado;9200
1351;C;br_C_itabaiana;br_C_itabaiana|leosouza;Tricolor Serrano;Tricolor Serrano;Hugo Rocha;GOL;GK;18;26;590000;R;;Brasil;70;100;;editado;8400
1352;C;br_C_itabaiana;br_C_itabaiana|gustavobrischke;Tricolor Serrano;Tricolor Serrano;Sebastião Monteiro;ZAG;DEF;18;32;460000;R;;Brasil;70;100;;editado;8400
1353;C;br_C_itabaiana;br_C_itabaiana|karljunior;Tricolor Serrano;Tricolor Serrano;Emerson Nunes;MEI;MID;18;23;560000;R;;Brasil;70;100;;editado;8400
1354;C;br_C_itabaiana;br_C_itabaiana|isaque;Tricolor Serrano;Tricolor Serrano;Hugo Pereira;ZAG;DEF;17;26;540000;R;;Brasil;70;100;;editado;7600
1355;C;br_C_itabaiana;br_C_itabaiana|tarcisio;Tricolor Serrano;Tricolor Serrano;Cleiton Silva;LAE;DEF;17;32;430000;L;;Brasil;70;100;;editado;7600
1356;C;br_C_itabaiana;br_C_itabaiana|lucao;Tricolor Serrano;Tricolor Serrano;Elias Costa;ZAG;DEF;17;24;520000;L;;Brasil;70;100;;editado;7600
1357;C;br_C_itabaiana;br_C_itabaiana|elimar;Tricolor Serrano;Tricolor Serrano;Robson Bezerra;VOL;MID;17;20;480000;R;;Brasil;70;100;;editado;7600
1358;C;br_C_itabaiana;br_C_itabaiana|victorhugo;Tricolor Serrano;Tricolor Serrano;Júlio Araújo;PE;ATT;17;28;530000;R;;Brasil;70;100;;editado;7600
1359;C;br_C_itabaiana;br_C_itabaiana|joaoferreira;Tricolor Serrano;Tricolor Serrano;Igor Pereira;MC;MID;16;24;470000;R;;Brasil;70;100;;editado;6800
1360;C;br_C_itabaiana;br_C_itabaiana|gabrielrodrigues;Tricolor Serrano;Tricolor Serrano;Leandro Batista;CA;ATT;16;22;450000;R;;Brasil;70;100;;editado;6800
1361;C;br_C_itabaiana;br_C_itabaiana|diegogomes;Tricolor Serrano;Tricolor Serrano;André Ribeiro;ZAG;DEF;16;21;450000;R;;Brasil;70;100;;editado;6800
1362;C;br_C_ituano;br_C_ituano|matheusmancini;Rubro-Negro de Itu;Rubro-Negro de Itu;Jean Carvalho;LAD;DEF;24;26;920000;L;;Brasil;70;100;;editado;14000
1363;C;br_C_ituano;br_C_ituano|brunomezenga;Rubro-Negro de Itu;Rubro-Negro de Itu;Alex Vieira;PE;ATT;24;29;860000;L;;Brasil;70;100;;editado;14000
1364;C;br_C_ituano;br_C_ituano|fernandocanesin;Rubro-Negro de Itu;Rubro-Negro de Itu;Otávio Dias;MC;MID;23;22;800000;R;;Brasil;70;100;;editado;13000
1365;C;br_C_ituano;br_C_ituano|guilhermexavier;Rubro-Negro de Itu;Rubro-Negro de Itu;Igor Oliveira;MEI;MID;23;21;780000;R;;Brasil;70;100;;editado;13000
1366;C;br_C_ituano;br_C_ituano|netoberola;Rubro-Negro de Itu;Rubro-Negro de Itu;Márcio Freitas;CA;ATT;23;29;800000;R;;Brasil;70;100;;editado;13000
1367;C;br_C_ituano;br_C_ituano|osman;Rubro-Negro de Itu;Rubro-Negro de Itu;Maicon Vieira;SA;ATT;23;24;830000;R;;Brasil;70;100;;editado;13000
1368;C;br_C_ituano;br_C_ituano|lucaswingert;Rubro-Negro de Itu;Rubro-Negro de Itu;Douglas Carvalho;GOL;GK;21;24;720000;L;;Brasil;70;100;;editado;11000
1369;C;br_C_ituano;br_C_ituano|saulo;Rubro-Negro de Itu;Rubro-Negro de Itu;Foguinho;GOL;GK;20;28;670000;R;;Brasil;70;100;;editado;10000
1370;C;br_C_ituano;br_C_ituano|wesleyborges;Rubro-Negro de Itu;Rubro-Negro de Itu;Igor Carvalho;ZAG;DEF;20;33;510000;L;;Brasil;70;100;;editado;10000
1371;C;br_C_ituano;br_C_ituano|thassio;Rubro-Negro de Itu;Rubro-Negro de Itu;Danilo Gomes;ZAG;DEF;20;31;570000;L;;Brasil;70;100;;editado;10000
1372;C;br_C_ituano;br_C_ituano|matheusaluisio;Rubro-Negro de Itu;Rubro-Negro de Itu;Samuel Peixoto;MC;MID;20;33;510000;R;;Brasil;70;100;;editado;10000
1373;C;br_C_ituano;br_C_ituano|leocittro;Rubro-Negro de Itu;Rubro-Negro de Itu;Sebastião Costa;ZAG;DEF;18;25;580000;R;;Brasil;70;100;;editado;8400
1374;C;br_C_ituano;br_C_ituano|kaiomendes;Rubro-Negro de Itu;Rubro-Negro de Itu;Vinícius Silva;VOL;MID;18;32;460000;R;;Brasil;70;100;;editado;8400
1375;C;br_C_ituano;br_C_ituano|marlla;Rubro-Negro de Itu;Rubro-Negro de Itu;Kaique Bezerra;MEI;MID;18;23;560000;R;;Brasil;70;100;;editado;8400
1376;C;br_C_ituano;br_C_ituano|alasoncarioca;Rubro-Negro de Itu;Rubro-Negro de Itu;Robson Almeida;CA;ATT;18;24;570000;R;;Brasil;70;100;;editado;8400
1377;C;br_C_ituano;br_C_ituano|richard;Rubro-Negro de Itu;Rubro-Negro de Itu;Adriano Tavares;LAE;DEF;17;27;550000;R;;Brasil;70;100;;editado;7600
1378;C;br_C_ituano;br_C_ituano|danielcarvalho;Rubro-Negro de Itu;Rubro-Negro de Itu;Anderson Lima;VOL;MID;17;23;510000;R;;Brasil;70;100;;editado;7600
1379;C;br_C_ituano;br_C_ituano|brunoalves;Rubro-Negro de Itu;Rubro-Negro de Itu;Rafael Batista;PD;ATT;17;29;500000;R;;Brasil;70;100;;editado;7600
1380;C;br_C_ituano;br_C_ituano|jorgegomes;Rubro-Negro de Itu;Rubro-Negro de Itu;Fábio Martins;ZAG;DEF;17;20;480000;R;;Brasil;70;100;;editado;7600
1381;C;br_C_ituano;br_C_ituano|thiagosilva;Rubro-Negro de Itu;Rubro-Negro de Itu;Guri;ZAG;DEF;17;22;500000;R;;Brasil;70;100;;editado;7600
1382;C;br_C_maranhao;br_C_maranhao|lucaogoes;Bode Maranhense;Bode Maranhense;Carlos Bezerra;LAD;DEF;24;28;900000;R;;Brasil;70;100;;editado;14000
1383;C;br_C_maranhao;br_C_maranhao|jean;Bode Maranhense;Bode Maranhense;Thiago Silva;GOL;GK;23;20;770000;R;;Brasil;70;100;;editado;13000
1384;C;br_C_maranhao;br_C_maranhao|pimentinha;Bode Maranhense;Bode Maranhense;Anderson Nascimento;VOL;MID;23;25;850000;L;;Brasil;70;100;;editado;13000
1385;C;br_C_maranhao;br_C_maranhao|felipecruz;Bode Maranhense;Bode Maranhense;Antônio Oliveira;PD;ATT;23;23;820000;R;;Brasil;70;100;;editado;13000
1386;C;br_C_maranhao;br_C_maranhao|andreradija;Bode Maranhense;Bode Maranhense;Kaique Pinto;ZAG;DEF;21;33;550000;R;;Brasil;70;100;;editado;11000
1387;C;br_C_maranhao;br_C_maranhao|jorgerocha;Bode Maranhense;Bode Maranhense;Felipe Batista;VOL;MID;21;22;690000;L;;Brasil;70;100;;editado;11000
1388;C;br_C_maranhao;br_C_maranhao|vagalume;Bode Maranhense;Bode Maranhense;Robson Gomes;CA;ATT;21;28;730000;R;;Brasil;70;100;;editado;11000
1389;C;br_C_maranhao;br_C_maranhao|rodrigonegueba;Bode Maranhense;Bode Maranhense;Paulo Oliveira;LAE;DEF;20;23;650000;R;;Brasil;70;100;;editado;10000
1390;C;br_C_maranhao;br_C_maranhao|rodrigo;Bode Maranhense;Bode Maranhense;Gabriel Nunes;MEI;MID;20;26;690000;L;;Brasil;70;100;;editado;10000
1391;C;br_C_maranhao;br_C_maranhao|luisgustavo;Bode Maranhense;Bode Maranhense;Perninha;MEI;MID;19;24;610000;R;;Brasil;70;100;;editado;9200
1392;C;br_C_maranhao;br_C_maranhao|rafael;Bode Maranhense;Bode Maranhense;Highlander;SA;ATT;19;23;600000;L;;Brasil;70;100;;editado;9200
1393;C;br_C_maranhao;br_C_maranhao|edsonfernando;Bode Maranhense;Bode Maranhense;André Martins;ZAG;DEF;18;22;550000;R;;Brasil;70;100;;editado;8400
1394;C;br_C_maranhao;br_C_maranhao|marcosluiz;Bode Maranhense;Bode Maranhense;Canhão;ZAG;DEF;18;29;550000;R;;Brasil;70;100;;editado;8400
1395;C;br_C_maranhao;br_C_maranhao|will;Bode Maranhense;Bode Maranhense;Igor Vieira;MC;MID;18;32;460000;R;;Brasil;70;100;;editado;8400
1396;C;br_C_maranhao;br_C_maranhao|ball;Bode Maranhense;Bode Maranhense;Vitor Silva;MC;MID;18;31;490000;R;;Brasil;70;100;;editado;8400
1397;C;br_C_maranhao;br_C_maranhao|tagarela;Bode Maranhense;Bode Maranhense;João Almeida;PE;ATT;18;31;490000;R;;Brasil;70;100;;editado;8400
1398;C;br_C_maranhao;br_C_maranhao|erverson;Bode Maranhense;Bode Maranhense;Fábio Batista;CA;ATT;18;26;590000;R;;Brasil;70;100;;editado;8400
1399;C;br_C_maranhao;br_C_maranhao|eduardoaraujo;Bode Maranhense;Bode Maranhense;Robinho Teixeira;ZAG;DEF;18;22;550000;R;;Brasil;70;100;;editado;8400
1400;C;br_C_maranhao;br_C_maranhao|victorguilherme;Bode Maranhense;Bode Maranhense;Everton Tavares;GOL;GK;17;21;490000;R;;Brasil;70;100;;editado;7600
1401;C;br_C_maranhao;br_C_maranhao|paulosouza;Bode Maranhense;Bode Maranhense;Danilo Pereira;ZAG;DEF;17;23;510000;R;;Brasil;70;100;;editado;7600
1402;C;br_C_maringa;br_C_maringa|gabrielsouza;Vira-lata Tricolor;Vira-lata Tricolor;Thiago Machado;ZAG;DEF;24;22;850000;R;;Brasil;70;100;;editado;14000
1403;C;br_C_maringa;br_C_maringa|edisonnegueba;Vira-lata Tricolor;Vira-lata Tricolor;Gabriel Bezerra;VOL;MID;24;21;840000;R;;Brasil;70;100;;editado;14000
1404;C;br_C_maringa;br_C_maringa|wendeldacruz;Vira-lata Tricolor;Vira-lata Tricolor;Nathan Siqueira;LAD;DEF;23;22;800000;R;;Brasil;70;100;;editado;13000
1405;C;br_C_maringa;br_C_maringa|gabrieltravassos;Vira-lata Tricolor;Vira-lata Tricolor;Vagner Bezerra;LAE;DEF;23;24;830000;R;;Brasil;70;100;;editado;13000
1406;C;br_C_maringa;br_C_maringa|keven;Vira-lata Tricolor;Vira-lata Tricolor;Yuri Silva;ZAG;DEF;23;25;850000;L;;Brasil;70;100;;editado;13000
1407;C;br_C_maringa;br_C_maringa|guilhermepira;Vira-lata Tricolor;Vira-lata Tricolor;Jean Guimarães;MC;MID;23;22;800000;R;;Brasil;70;100;;editado;13000
1408;C;br_C_maringa;br_C_maringa|rafinha;Vira-lata Tricolor;Vira-lata Tricolor;Francisco Santos;MEI;MID;23;29;800000;L;;Brasil;70;100;;editado;13000
1409;C;br_C_maringa;br_C_maringa|giovanegomez;Vira-lata Tricolor;Vira-lata Tricolor;Júlio Cavalcanti;PD;ATT;23;29;800000;R;;Brasil;70;100;;editado;13000
1410;C;br_C_maringa;br_C_maringa|rainatalino;Vira-lata Tricolor;Vira-lata Tricolor;Hugo Oliveira;PE;ATT;22;32;640000;R;;Brasil;70;100;;editado;12000
1411;C;br_C_maringa;br_C_maringa|danielzinho;Vira-lata Tricolor;Vira-lata Tricolor;André Carvalho;VOL;MID;21;23;700000;R;;Brasil;70;100;;editado;11000
1412;C;br_C_maringa;br_C_maringa|tonu;Vira-lata Tricolor;Vira-lata Tricolor;Foguete;GOL;GK;20;30;610000;R;;Brasil;70;100;;editado;10000
1413;C;br_C_maringa;br_C_maringa|romariodasilva;Vira-lata Tricolor;Vira-lata Tricolor;Raimundo Carvalho;GOL;GK;20;33;510000;R;;Brasil;70;100;;editado;10000
1414;C;br_C_maringa;br_C_maringa|adeilsonmaranhao;Vira-lata Tricolor;Vira-lata Tricolor;Vinícius Nascimento;MEI;MID;20;24;660000;L;;Brasil;70;100;;editado;10000
1415;C;br_C_maringa;br_C_maringa|caiquecalito;Vira-lata Tricolor;Vira-lata Tricolor;Everton Batista;CA;ATT;20;30;610000;L;;Brasil;70;100;;editado;10000
1416;C;br_C_maringa;br_C_maringa|felipemelo;Vira-lata Tricolor;Vira-lata Tricolor;Cabeludo;MC;MID;19;20;570000;L;;Brasil;70;100;;editado;9200
1417;C;br_C_maringa;br_C_maringa|felipesantos;Vira-lata Tricolor;Vira-lata Tricolor;Thiago Batista;CA;ATT;19;22;590000;L;;Brasil;70;100;;editado;9200
1418;C;br_C_maringa;br_C_maringa|sergiogomes;Vira-lata Tricolor;Vira-lata Tricolor;Kaique Rocha;ZAG;DEF;18;22;550000;R;;Brasil;70;100;;editado;8400
1419;C;br_C_maringa;br_C_maringa|thiagorosa;Vira-lata Tricolor;Vira-lata Tricolor;Everton Melo;ZAG;DEF;17;23;510000;R;;Brasil;70;100;;editado;7600
1420;C;br_C_maringa;br_C_maringa|wesleyribeiro;Vira-lata Tricolor;Vira-lata Tricolor;Robinho Siqueira;CA;ATT;17;19;470000;R;;Brasil;70;100;;editado;7600
1421;C;br_C_maringa;br_C_maringa|andregomes;Vira-lata Tricolor;Vira-lata Tricolor;Igor Nascimento;ZAG;DEF;17;22;500000;L;;Brasil;70;100;;editado;7600
1422;C;br_C_paysandu;br_C_paysandu|gabrielmesquita;Bicolor da Amazônia;Bicolor da Amazônia;Francisco Andrade;GOL;GK;24;33;690000;L;;Brasil;70;100;;editado;14000
1423;C;br_C_paysandu;br_C_paysandu|andrelima;Bicolor da Amazônia;Bicolor da Amazônia;Paulo Siqueira;VOL;MID;24;31;770000;L;;Brasil;70;100;;editado;14000
1424;C;br_C_paysandu;br_C_paysandu|jeandrosny;Bicolor da Amazônia;Bicolor da Amazônia;Elias Vieira;GOL;GK;23;25;850000;L;;Brasil;70;100;;editado;13000
1425;C;br_C_paysandu;br_C_paysandu|yefersonquintana;Bicolor da Amazônia;Bicolor da Amazônia;Robinho Vieira;LAD;DEF;23;28;840000;R;;Brasil;70;100;;editado;13000
1426;C;br_C_paysandu;br_C_paysandu|kleitonpego;Bicolor da Amazônia;Bicolor da Amazônia;Diego Cardoso;CA;ATT;22;27;820000;L;;Brasil;70;100;;editado;12000
1427;C;br_C_paysandu;br_C_paysandu|thayllon;Bicolor da Amazônia;Bicolor da Amazônia;Eduardo Melo;PE;ATT;22;21;730000;L;;Brasil;70;100;;editado;12000
1428;C;br_C_paysandu;br_C_paysandu|facundobonifazi;Bicolor da Amazônia;Bicolor da Amazônia;Ricardo Oliveira;LAD;DEF;21;32;590000;L;;Brasil;70;100;;editado;11000
1429;C;br_C_paysandu;br_C_paysandu|reverson;Bicolor da Amazônia;Bicolor da Amazônia;Fábio Pinto;LAE;DEF;20;26;690000;R;;Brasil;70;100;;editado;10000
1430;C;br_C_paysandu;br_C_paysandu|matheusvargas;Bicolor da Amazônia;Bicolor da Amazônia;Valdir Nunes;VOL;MID;20;29;640000;R;;Brasil;70;100;;editado;10000
1431;C;br_C_paysandu;br_C_paysandu|ronaldohenrique;Bicolor da Amazônia;Bicolor da Amazônia;Wellington Melo;MC;MID;20;32;540000;R;;Brasil;70;100;;editado;10000
1432;C;br_C_paysandu;br_C_paysandu|castro;Bicolor da Amazônia;Bicolor da Amazônia;Wellington Barbosa;ZAG;DEF;18;30;520000;R;;Brasil;70;100;;editado;8400
1433;C;br_C_paysandu;br_C_paysandu|edilson;Bicolor da Amazônia;Bicolor da Amazônia;Leonardo Peixoto;ZAG;DEF;18;28;570000;R;;Brasil;70;100;;editado;8400
1434;C;br_C_paysandu;br_C_paysandu|thiagoheleno;Bicolor da Amazônia;Bicolor da Amazônia;Samuel Tavares;ZAG;DEF;18;29;550000;L;;Brasil;70;100;;editado;8400
1435;C;br_C_paysandu;br_C_paysandu|pedrogoncalves;Bicolor da Amazônia;Bicolor da Amazônia;Adriano Correia;MEI;MID;18;30;520000;R;;Brasil;70;100;;editado;8400
1436;C;br_C_paysandu;br_C_paysandu|peu;Bicolor da Amazônia;Bicolor da Amazônia;Denilson Peixoto;PD;ATT;18;30;520000;R;;Brasil;70;100;;editado;8400
1437;C;br_C_paysandu;br_C_paysandu|italocarvalho;Bicolor da Amazônia;Bicolor da Amazônia;Marcos Monteiro;CA;ATT;18;23;560000;R;;Brasil;70;100;;editado;8400
1438;C;br_C_paysandu;br_C_paysandu|edinho;Bicolor da Amazônia;Bicolor da Amazônia;Vagner Farias;MC;MID;17;23;510000;R;;Brasil;70;100;;editado;7600
1439;C;br_C_paysandu;br_C_paysandu|marcinho;Bicolor da Amazônia;Bicolor da Amazônia;Wallace Dias;MEI;MID;17;27;550000;R;;Brasil;70;100;;editado;7600
1440;C;br_C_paysandu;br_C_paysandu|gustavobarbosa;Bicolor da Amazônia;Bicolor da Amazônia;Otávio Cardoso;ZAG;DEF;17;22;500000;R;;Brasil;70;100;;editado;7600
1441;C;br_C_paysandu;br_C_paysandu|tiagolima;Bicolor da Amazônia;Bicolor da Amazônia;Fernando Ribeiro;CA;ATT;16;21;450000;R;;Brasil;70;100;;editado;6800
1442;C;br_C_santacruz;br_C_santacruz|gabrielsouza;Tricolor do Arruda;Tricolor do Arruda;Cícero Teixeira;GOL;GK;24;22;850000;R;;Brasil;70;100;;editado;14000
1443;C;br_C_santacruz;br_C_santacruz|eurico;Tricolor do Arruda;Tricolor do Arruda;Denilson Xavier;ZAG;DEF;23;21;780000;R;;Brasil;70;100;;editado;13000
1444;C;br_C_santacruz;br_C_santacruz|arielnahuelpan;Tricolor do Arruda;Tricolor do Arruda;Kaique Almeida;CA;ATT;23;25;850000;R;;Brasil;70;100;;editado;13000
1445;C;br_C_santacruz;br_C_santacruz|quirino;Tricolor do Arruda;Tricolor do Arruda;Rafael Souza;PE;ATT;23;27;880000;R;;Brasil;70;100;;editado;13000
1446;C;br_C_santacruz;br_C_santacruz|felipealves;Tricolor do Arruda;Tricolor do Arruda;Vagner Tavares;GOL;GK;22;24;780000;R;;Brasil;70;100;;editado;12000
1447;C;br_C_santacruz;br_C_santacruz|willianalves;Tricolor do Arruda;Tricolor do Arruda;Samuel Rocha;ZAG;DEF;22;27;820000;R;;Brasil;70;100;;editado;12000
1448;C;br_C_santacruz;br_C_santacruz|patrickalan;Tricolor do Arruda;Tricolor do Arruda;Rafael Freitas;MEI;MID;22;32;640000;R;;Brasil;70;100;;editado;12000
1449;C;br_C_santacruz;br_C_santacruz|renato;Tricolor do Arruda;Tricolor do Arruda;Tiago Cavalcanti;CA;ATT;21;23;700000;L;;Brasil;70;100;;editado;11000
1450;C;br_C_santacruz;br_C_santacruz|ianson;Tricolor do Arruda;Tricolor do Arruda;Márcio Ferreira;LAD;DEF;20;26;690000;L;;Brasil;70;100;;editado;10000
1451;C;br_C_santacruz;br_C_santacruz|wagnerbalotelli;Tricolor do Arruda;Tricolor do Arruda;Bruno Xavier;VOL;MID;20;32;540000;R;;Brasil;70;100;;editado;10000
1452;C;br_C_santacruz;br_C_santacruz|matheusregis;Tricolor do Arruda;Tricolor do Arruda;Raimundo Andrade;PD;ATT;20;29;640000;R;;Brasil;70;100;;editado;10000
1453;C;br_C_santacruz;br_C_santacruz|rodrigues;Tricolor do Arruda;Tricolor do Arruda;Sebastião Xavier;LAD;DEF;19;20;570000;R;;Brasil;70;100;;editado;9200
1454;C;br_C_santacruz;br_C_santacruz|lucassiqueira;Tricolor do Arruda;Tricolor do Arruda;Gabriel Pinto;MC;MID;19;33;470000;R;;Brasil;70;100;;editado;9200
1455;C;br_C_santacruz;br_C_santacruz|israel;Tricolor do Arruda;Tricolor do Arruda;Índio;LAE;DEF;18;26;590000;R;;Brasil;70;100;;editado;8400
1456;C;br_C_santacruz;br_C_santacruz|andrey;Tricolor do Arruda;Tricolor do Arruda;Touro;VOL;MID;18;29;550000;R;;Brasil;70;100;;editado;8400
1457;C;br_C_santacruz;br_C_santacruz|kaiquesantos;Tricolor do Arruda;Tricolor do Arruda;Fera;MC;MID;18;19;510000;R;;Brasil;70;100;;editado;8400
1458;C;br_C_santacruz;br_C_santacruz|alexruan;Tricolor do Arruda;Tricolor do Arruda;Alex Pinto;ZAG;DEF;17;26;540000;R;;Brasil;70;100;;editado;7600
1459;C;br_C_santacruz;br_C_santacruz|pedrocosta;Tricolor do Arruda;Tricolor do Arruda;Robinho Souza;ZAG;DEF;17;30;480000;R;;Brasil;70;100;;editado;7600
1460;C;br_C_santacruz;br_C_santacruz|robinho;Tricolor do Arruda;Tricolor do Arruda;João Correia;SA;ATT;17;31;450000;R;;Brasil;70;100;;editado;7600
1461;C;br_C_santacruz;br_C_santacruz|jorgemartins;Tricolor do Arruda;Tricolor do Arruda;Wesley Guimarães;MC;MID;17;19;470000;R;;Brasil;70;100;;editado;7600
1462;C;br_C_voltaredonda;br_C_voltaredonda|deivid;Tricolor do Aço;Tricolor do Aço;Coelho;GOL;GK;24;33;690000;R;;Brasil;70;100;;editado;14000
1463;C;br_C_voltaredonda;br_C_voltaredonda|wagninho;Tricolor do Aço;Tricolor do Aço;Anderson Santos;MC;MID;24;25;910000;L;;Brasil;70;100;;editado;14000
1464;C;br_C_voltaredonda;br_C_voltaredonda|marquinhos;Tricolor do Aço;Tricolor do Aço;Maicon Ferreira;PD;ATT;24;25;910000;R;;Brasil;70;100;;editado;14000
1465;C;br_C_voltaredonda;br_C_voltaredonda|lucasadell;Tricolor do Aço;Tricolor do Aço;Jonathan Cardoso;LAD;DEF;23;30;760000;R;;Brasil;70;100;;editado;13000
1466;C;br_C_voltaredonda;br_C_voltaredonda|wellingtonsilva;Tricolor do Aço;Tricolor do Aço;Yuri Nascimento;LAD;DEF;23;20;770000;R;;Brasil;70;100;;editado;13000
1467;C;br_C_voltaredonda;br_C_voltaredonda|dener;Tricolor do Aço;Tricolor do Aço;João Bezerra;MC;MID;23;20;770000;R;;Brasil;70;100;;editado;13000
1468;C;br_C_voltaredonda;br_C_voltaredonda|henriquesilva;Tricolor do Aço;Tricolor do Aço;Renato Peixoto;VOL;MID;23;22;800000;R;;Brasil;70;100;;editado;13000
1469;C;br_C_voltaredonda;br_C_voltaredonda|pk;Tricolor do Aço;Tricolor do Aço;Antônio Monteiro;MEI;MID;23;21;780000;R;;Brasil;70;100;;editado;13000
1470;C;br_C_voltaredonda;br_C_voltaredonda|oswaldoblanco;Tricolor do Aço;Tricolor do Aço;Elias Batista;PE;ATT;23;24;830000;R;;Brasil;70;100;;editado;13000
1471;C;br_C_voltaredonda;br_C_voltaredonda|fabricio;Tricolor do Aço;Tricolor do Aço;Alex Gomes;ZAG;DEF;22;31;670000;R;;Brasil;70;100;;editado;12000
1472;C;br_C_voltaredonda;br_C_voltaredonda|avelino;Tricolor do Aço;Tricolor do Aço;Bruno Araújo;GOL;GK;21;28;730000;R;;Brasil;70;100;;editado;11000
1473;C;br_C_voltaredonda;br_C_voltaredonda|mv;Tricolor do Aço;Tricolor do Aço;Robson Cardoso;CA;ATT;21;25;730000;R;;Brasil;70;100;;editado;11000
1474;C;br_C_voltaredonda;br_C_voltaredonda|mizaelmonteiro;Tricolor do Aço;Tricolor do Aço;André Oliveira;LAE;DEF;20;27;700000;R;;Brasil;70;100;;editado;10000
1475;C;br_C_voltaredonda;br_C_voltaredonda|rafaelcastro;Tricolor do Aço;Tricolor do Aço;Cachorrão;ZAG;DEF;20;21;620000;R;;Brasil;70;100;;editado;10000
1476;C;br_C_voltaredonda;br_C_voltaredonda|brunobarra;Tricolor do Aço;Tricolor do Aço;Vagner Andrade;VOL;MID;20;20;610000;R;;Brasil;70;100;;editado;10000
1477;C;br_C_voltaredonda;br_C_voltaredonda|gustavosantos;Tricolor do Aço;Tricolor do Aço;André Silva;CA;ATT;20;19;600000;L;;Brasil;70;100;;editado;10000
1478;C;br_C_voltaredonda;br_C_voltaredonda|jeanvictor;Tricolor do Aço;Tricolor do Aço;Leonardo Almeida;ZAG;DEF;19;25;630000;R;;Brasil;70;100;;editado;9200
1479;C;br_C_voltaredonda;br_C_voltaredonda|ygorcatatau;Tricolor do Aço;Tricolor do Aço;Kaique Dias;CA;ATT;19;22;590000;R;;Brasil;70;100;;editado;9200
1480;C;br_C_voltaredonda;br_C_voltaredonda|joaogomes;Tricolor do Aço;Tricolor do Aço;Igor Ferreira;ZAG;DEF;19;21;580000;R;;Brasil;70;100;;editado;9200
1481;C;br_C_voltaredonda;br_C_voltaredonda|dufernandes;Tricolor do Aço;Tricolor do Aço;Alex Dias;MEI;MID;17;23;510000;R;;Brasil;70;100;;editado;7600
1482;C;br_C_ypiranga;br_C_ypiranga|dionisio;Erechim FC;Erechim FC;Fábio Ribeiro;VOL;MID;24;30;810000;R;;Brasil;70;100;;editado;14000
1483;C;br_C_ypiranga;br_C_ypiranga|nicolasschulz;Erechim FC;Erechim FC;Matheus Almeida;ZAG;DEF;23;32;680000;R;;Brasil;70;100;;editado;13000
1484;C;br_C_ypiranga;br_C_ypiranga|dudu;Erechim FC;Erechim FC;Carlos Rodrigues;MC;MID;23;20;770000;R;;Brasil;70;100;;editado;13000
1485;C;br_C_ypiranga;br_C_ypiranga|lucasramos;Erechim FC;Erechim FC;Alan Correia;VOL;MID;23;32;680000;R;;Brasil;70;100;;editado;13000
1486;C;br_C_ypiranga;br_C_ypiranga|henrique;Erechim FC;Erechim FC;Vagner Lima;PE;ATT;23;31;720000;R;;Brasil;70;100;;editado;13000
1487;C;br_C_ypiranga;br_C_ypiranga|marcelinho;Erechim FC;Erechim FC;Marcos Correia;CA;ATT;23;20;770000;R;;Brasil;70;100;;editado;13000
1488;C;br_C_ypiranga;br_C_ypiranga|renangorne;Erechim FC;Erechim FC;Thiago Nunes;PE;ATT;23;29;800000;L;;Brasil;70;100;;editado;13000
1489;C;br_C_ypiranga;br_C_ypiranga|zecarlos;Erechim FC;Erechim FC;Tiago Pereira;GOL;GK;22;29;750000;R;;Brasil;70;100;;editado;12000
1490;C;br_C_ypiranga;br_C_ypiranga|walace;Erechim FC;Erechim FC;Marcos Moreira;LAD;DEF;22;31;670000;R;;Brasil;70;100;;editado;12000
1491;C;br_C_ypiranga;br_C_ypiranga|maxuelcassio;Erechim FC;Erechim FC;João Guimarães;SA;ATT;22;20;720000;L;;Brasil;70;100;;editado;12000
1492;C;br_C_ypiranga;br_C_ypiranga|reinaldo;Erechim FC;Erechim FC;Beiçola;ZAG;DEF;21;20;660000;R;;Brasil;70;100;;editado;11000
1493;C;br_C_ypiranga;br_C_ypiranga|estevao;Erechim FC;Erechim FC;Buldogue;MEI;MID;21;31;620000;R;;Brasil;70;100;;editado;11000
1494;C;br_C_ypiranga;br_C_ypiranga|ramonvinicius;Erechim FC;Erechim FC;Gustavo Costa;MC;MID;21;29;690000;R;;Brasil;70;100;;editado;11000
1495;C;br_C_ypiranga;br_C_ypiranga|williangomes;Erechim FC;Erechim FC;Emerson Peixoto;LAE;DEF;20;27;700000;R;;Brasil;70;100;;editado;10000
1496;C;br_C_ypiranga;br_C_ypiranga|sergiorocha;Erechim FC;Erechim FC;Ricardo Barbosa;ZAG;DEF;20;19;600000;R;;Brasil;70;100;;editado;10000
1497;C;br_C_ypiranga;br_C_ypiranga|gabrielwerner;Erechim FC;Erechim FC;Francisco Souza;GOL;GK;18;21;530000;R;;Brasil;70;100;;editado;8400
1498;C;br_C_ypiranga;br_C_ypiranga|marlone;Erechim FC;Erechim FC;Formiga;MEI;MID;18;28;570000;L;;Brasil;70;100;;editado;8400
1499;C;br_C_ypiranga;br_C_ypiranga|felipeferreira;Erechim FC;Erechim FC;André Monteiro;CA;ATT;18;33;440000;R;;Brasil;70;100;;editado;8400
1500;C;br_C_ypiranga;br_C_ypiranga|kaiquebarbosa;Erechim FC;Erechim FC;Alan Guimarães;ZAG;DEF;18;22;550000;R;;Brasil;70;100;;editado;8400
1501;C;br_C_ypiranga;br_C_ypiranga|gustavosimoes;Erechim FC;Erechim FC;Wesley Pereira;PD;ATT;17;21;490000;R;;Brasil;70;100;;editado;7600
1502;D;br_D_abc;br_D_abc|matheusalves;Elefante Potiguar;Elefante Potiguar;Valdir Machado;GOL;GK;11;30;220000;R;;Brasil;70;100;;editado;3600
1503;D;br_D_abc;br_D_abc|rodolfo;Elefante Potiguar;Elefante Potiguar;Diego Guimarães;GOL;GK;11;33;180000;L;;Brasil;70;100;;editado;3600
1504;D;br_D_abc;br_D_abc|edson;Elefante Potiguar;Elefante Potiguar;Lucas Ribeiro;ZAG;DEF;11;29;230000;R;;Brasil;70;100;;editado;3600
1505;D;br_D_abc;br_D_abc|wellingtoncarvalho;Elefante Potiguar;Elefante Potiguar;Cícero Machado;ZAG;DEF;11;31;210000;L;;Brasil;70;100;;editado;3600
1506;D;br_D_abc;br_D_abc|lucarmarques;Elefante Potiguar;Elefante Potiguar;Júlio Nascimento;ZAG;DEF;11;23;230000;R;;Brasil;70;100;;editado;3600
1507;D;br_D_abc;br_D_abc|brunao;Elefante Potiguar;Elefante Potiguar;Muralha;CA;ATT;11;27;250000;R;;Brasil;70;100;;editado;3600
1508;D;br_D_abc;br_D_abc|welligntonreis;Elefante Potiguar;Elefante Potiguar;Adriano Barbosa;VOL;MID;10;22;180000;R;;Brasil;70;100;;editado;3000
1509;D;br_D_abc;br_D_abc|joaopedro;Elefante Potiguar;Elefante Potiguar;Adriano Guimarães;MC;MID;10;33;150000;L;;Brasil;70;100;;editado;3000
1510;D;br_D_abc;br_D_abc|luisfelipe;Elefante Potiguar;Elefante Potiguar;Hugo Lima;CA;ATT;10;24;190000;R;;Brasil;70;100;;editado;3000
1511;D;br_D_abc;br_D_abc|rikelmi;Elefante Potiguar;Elefante Potiguar;Robson Melo;SA;ATT;10;31;160000;L;;Brasil;70;100;;editado;3000
1512;D;br_D_abc;br_D_abc|fabao;Elefante Potiguar;Elefante Potiguar;Rodrigo Araújo;ZAG;DEF;9;23;160000;R;;Brasil;70;100;;editado;2600
1513;D;br_D_abc;br_D_abc|joaovictor;Elefante Potiguar;Elefante Potiguar;Francisco Barbosa;LAD;DEF;9;20;150000;R;;Brasil;70;100;;editado;2600
1514;D;br_D_abc;br_D_abc|mauricio;Elefante Potiguar;Elefante Potiguar;Douglas Vieira;ZAG;DEF;9;31;140000;R;;Brasil;70;100;;editado;2600
1515;D;br_D_abc;br_D_abc|jonathan;Elefante Potiguar;Elefante Potiguar;Cleiton Gomes;MEI;MID;9;29;160000;L;;Brasil;70;100;;editado;2600
1516;D;br_D_abc;br_D_abc|lima;Elefante Potiguar;Elefante Potiguar;Sebastião Andrade;VOL;MID;9;29;160000;R;;Brasil;70;100;;editado;2600
1517;D;br_D_abc;br_D_abc|jhosefer;Elefante Potiguar;Elefante Potiguar;Renato Xavier;MC;MID;7;32;100000;R;;Brasil;70;100;;editado;1800
1518;D;br_D_abc;br_D_abc|brunoleite;Elefante Potiguar;Elefante Potiguar;José Melo;MEI;MID;7;31;100000;R;;Brasil;70;100;;editado;1800
1519;D;br_D_abc;br_D_abc|esquerdinha;Elefante Potiguar;Elefante Potiguar;Tiago Dias;PD;ATT;7;25;120000;R;;Brasil;70;100;;editado;1800
1520;D;br_D_abc;br_D_abc|igorbahia;Elefante Potiguar;Elefante Potiguar;Elias Pinto;PE;ATT;7;30;110000;R;;Brasil;70;100;;editado;1800
1521;D;br_D_abc;br_D_abc|wallysom;Elefante Potiguar;Elefante Potiguar;Emerson Tavares;PE;ATT;7;26;130000;R;;Brasil;70;100;;editado;1800
1522;D;br_D_aguiademaraba;br_D_aguiademaraba|kauapatrick;Águia de Carajás;Águia de Carajás;Jean Batista;VOL;MID;12;26;290000;R;;Brasil;70;100;;editado;4200
1523;D;br_D_aguiademaraba;br_D_aguiademaraba|esdras;Águia de Carajás;Águia de Carajás;Vagner Gomes;VOL;MID;12;24;280000;L;;Brasil;70;100;;editado;4200
1524;D;br_D_aguiademaraba;br_D_aguiademaraba|welvessantos;Águia de Carajás;Águia de Carajás;Lucas Pereira;PD;ATT;12;26;290000;R;;Brasil;70;100;;editado;4200
1525;D;br_D_aguiademaraba;br_D_aguiademaraba|bielpotiguar;Águia de Carajás;Águia de Carajás;Denilson Almeida;LAE;DEF;11;21;220000;L;;Brasil;70;100;;editado;3600
1526;D;br_D_aguiademaraba;br_D_aguiademaraba|kauancardoso;Águia de Carajás;Águia de Carajás;Kaique Pereira;LAD;DEF;11;25;240000;R;;Brasil;70;100;;editado;3600
1527;D;br_D_aguiademaraba;br_D_aguiademaraba|luccalanes;Águia de Carajás;Águia de Carajás;Furacão;VOL;MID;11;27;250000;R;;Brasil;70;100;;editado;3600
1528;D;br_D_aguiademaraba;br_D_aguiademaraba|murilo;Águia de Carajás;Águia de Carajás;Robinho Freitas;MC;MID;11;24;240000;R;;Brasil;70;100;;editado;3600
1529;D;br_D_aguiademaraba;br_D_aguiademaraba|ericojunior;Águia de Carajás;Águia de Carajás;Alan Xavier;MC;MID;11;22;230000;R;;Brasil;70;100;;editado;3600
1530;D;br_D_aguiademaraba;br_D_aguiademaraba|kaique;Águia de Carajás;Águia de Carajás;Vagner Nunes;MEI;MID;11;22;230000;R;;Brasil;70;100;;editado;3600
1531;D;br_D_aguiademaraba;br_D_aguiademaraba|thalyson;Águia de Carajás;Águia de Carajás;Eduardo Nascimento;CA;ATT;11;30;220000;R;;Brasil;70;100;;editado;3600
1532;D;br_D_aguiademaraba;br_D_aguiademaraba|fidelrocha;Águia de Carajás;Águia de Carajás;Ricardo Silva;SA;ATT;11;21;220000;R;;Brasil;70;100;;editado;3600
1533;D;br_D_aguiademaraba;br_D_aguiademaraba|pablorykelme;Águia de Carajás;Águia de Carajás;Márcio Santos;PE;ATT;11;21;220000;R;;Brasil;70;100;;editado;3600
1534;D;br_D_aguiademaraba;br_D_aguiademaraba|alanpires;Águia de Carajás;Águia de Carajás;Lucas Rodrigues;LAD;DEF;10;23;190000;R;;Brasil;70;100;;editado;3000
1535;D;br_D_aguiademaraba;br_D_aguiademaraba|yagomelo;Águia de Carajás;Águia de Carajás;Vagner Almeida;MEI;MID;10;23;190000;R;;Brasil;70;100;;editado;3000
1536;D;br_D_aguiademaraba;br_D_aguiademaraba|jeffersonriguimar;Águia de Carajás;Águia de Carajás;Robinho Farias;GOL;GK;9;20;150000;R;;Brasil;70;100;;editado;2600
1537;D;br_D_aguiademaraba;br_D_aguiademaraba|carlosalberto;Águia de Carajás;Águia de Carajás;Júlio Pinto;ZAG;DEF;9;21;160000;R;;Brasil;70;100;;editado;2600
1538;D;br_D_aguiademaraba;br_D_aguiademaraba|brunolimao;Águia de Carajás;Águia de Carajás;Vitor Santos;ZAG;DEF;9;26;170000;R;;Brasil;70;100;;editado;2600
1539;D;br_D_aguiademaraba;br_D_aguiademaraba|romulocabral;Águia de Carajás;Águia de Carajás;Marcos Souza;PE;ATT;9;26;170000;R;;Brasil;70;100;;editado;2600
1540;D;br_D_aguiademaraba;br_D_aguiademaraba|axel;Águia de Carajás;Águia de Carajás;Ricardo Xavier;GOL;GK;8;20;130000;R;;Brasil;70;100;;editado;2200
1541;D;br_D_aguiademaraba;br_D_aguiademaraba|wylhamysaraujo;Águia de Carajás;Águia de Carajás;Otávio Oliveira;CA;ATT;7;22;120000;R;;Brasil;70;100;;editado;1800
1542;D;br_D_americarn;br_D_americarn|renandida;Alvirrubro Potiguar;Alvirrubro Potiguar;Rodrigo Costa;GOL;GK;12;26;290000;R;;Brasil;70;100;;editado;4200
1543;D;br_D_americarn;br_D_americarn|guilhermeparaiba;Alvirrubro Potiguar;Alvirrubro Potiguar;Danilo Correia;ZAG;DEF;12;20;260000;R;;Brasil;70;100;;editado;4200
1544;D;br_D_americarn;br_D_americarn|elierce;Alvirrubro Potiguar;Alvirrubro Potiguar;Wallace Teixeira;MEI;MID;12;29;270000;R;;Brasil;70;100;;editado;4200
1545;D;br_D_americarn;br_D_americarn|lucasrodrigues;Alvirrubro Potiguar;Alvirrubro Potiguar;Pedro Machado;LAE;DEF;11;30;220000;R;;Brasil;70;100;;editado;3600
1546;D;br_D_americarn;br_D_americarn|heitor;Alvirrubro Potiguar;Alvirrubro Potiguar;Gato;ZAG;DEF;11;27;250000;R;;Brasil;70;100;;editado;3600
1547;D;br_D_americarn;br_D_americarn|italomelo;Alvirrubro Potiguar;Alvirrubro Potiguar;Cleiton Martins;VOL;MID;11;32;190000;L;;Brasil;70;100;;editado;3600
1548;D;br_D_americarn;br_D_americarn|joaozinho;Alvirrubro Potiguar;Alvirrubro Potiguar;Felipe Freitas;PD;ATT;11;29;230000;L;;Brasil;70;100;;editado;3600
1549;D;br_D_americarn;br_D_americarn|giva;Alvirrubro Potiguar;Alvirrubro Potiguar;Igor Rodrigues;PE;ATT;11;33;180000;R;;Brasil;70;100;;editado;3600
1550;D;br_D_americarn;br_D_americarn|lucasoliveira;Alvirrubro Potiguar;Alvirrubro Potiguar;Eduardo Nunes;ZAG;DEF;10;23;190000;R;;Brasil;70;100;;editado;3000
1551;D;br_D_americarn;br_D_americarn|hiago;Alvirrubro Potiguar;Alvirrubro Potiguar;Gordinho;ZAG;DEF;10;32;160000;L;;Brasil;70;100;;editado;3000
1552;D;br_D_americarn;br_D_americarn|lucasmendes;Alvirrubro Potiguar;Alvirrubro Potiguar;Gabriel Xavier;LAD;DEF;10;28;190000;R;;Brasil;70;100;;editado;3000
1553;D;br_D_americarn;br_D_americarn|jonathan;Alvirrubro Potiguar;Alvirrubro Potiguar;Matheus Correia;GOL;GK;9;29;160000;L;;Brasil;70;100;;editado;2600
1554;D;br_D_americarn;br_D_americarn|rafaeljansen;Alvirrubro Potiguar;Alvirrubro Potiguar;Samuel Guimarães;LAD;DEF;9;28;170000;R;;Brasil;70;100;;editado;2600
1555;D;br_D_americarn;br_D_americarn|dudu;Alvirrubro Potiguar;Alvirrubro Potiguar;Robson Oliveira;VOL;MID;9;20;150000;R;;Brasil;70;100;;editado;2600
1556;D;br_D_americarn;br_D_americarn|salatiel;Alvirrubro Potiguar;Alvirrubro Potiguar;Maicon Oliveira;CA;ATT;9;25;170000;R;;Brasil;70;100;;editado;2600
1557;D;br_D_americarn;br_D_americarn|robson;Alvirrubro Potiguar;Alvirrubro Potiguar;Robson Martins;MC;MID;8;29;140000;R;;Brasil;70;100;;editado;2200
1558;D;br_D_americarn;br_D_americarn|romarinho;Alvirrubro Potiguar;Alvirrubro Potiguar;Matheus Monteiro;MC;MID;7;23;120000;L;;Brasil;70;100;;editado;1800
1559;D;br_D_americarn;br_D_americarn|marquinhos;Alvirrubro Potiguar;Alvirrubro Potiguar;Antônio Cardoso;MEI;MID;7;25;120000;R;;Brasil;70;100;;editado;1800
1560;D;br_D_americarn;br_D_americarn|antoniofilho;Alvirrubro Potiguar;Alvirrubro Potiguar;Douglas Nascimento;MC;MID;7;29;120000;R;;Brasil;70;100;;editado;1800
1561;D;br_D_americarn;br_D_americarn|thiaguinho;Alvirrubro Potiguar;Alvirrubro Potiguar;Nathan Araújo;CA;ATT;7;24;120000;R;;Brasil;70;100;;editado;1800
1562;D;br_D_asa;br_D_asa|crismerio;Fantasma FC;Fantasma FC;Bruno Farias;GOL;GK;12;33;220000;R;;Brasil;70;100;;editado;4200
1563;D;br_D_asa;br_D_asa|jeferson;Fantasma FC;Fantasma FC;Diego Freitas;MC;MID;12;20;260000;R;;Brasil;70;100;;editado;4200
1564;D;br_D_asa;br_D_asa|leocarvalho;Fantasma FC;Fantasma FC;Eduardo Moreira;VOL;MID;12;26;290000;R;;Brasil;70;100;;editado;4200
1565;D;br_D_asa;br_D_asa|filiperamon;Fantasma FC;Fantasma FC;Rafael Pinto;LAD;DEF;10;28;190000;R;;Brasil;70;100;;editado;3000
1566;D;br_D_asa;br_D_asa|vinilocatelli;Fantasma FC;Fantasma FC;Wallace Farias;VOL;MID;10;23;190000;R;;Brasil;70;100;;editado;3000
1567;D;br_D_asa;br_D_asa|alexbruno;Fantasma FC;Fantasma FC;Francisco Costa;CA;ATT;10;20;170000;R;;Brasil;70;100;;editado;3000
1568;D;br_D_asa;br_D_asa|arthurzinho;Fantasma FC;Fantasma FC;Grilo;ZAG;DEF;9;32;140000;R;;Brasil;70;100;;editado;2600
1569;D;br_D_asa;br_D_asa|fabio;Fantasma FC;Fantasma FC;Wagner Pinto;LAE;DEF;9;27;180000;R;;Brasil;70;100;;editado;2600
1570;D;br_D_asa;br_D_asa|leoprincipe;Fantasma FC;Fantasma FC;Igor Martins;LAD;DEF;9;32;140000;R;;Brasil;70;100;;editado;2600
1571;D;br_D_asa;br_D_asa|higorleite;Fantasma FC;Fantasma FC;Francisco Freitas;VOL;MID;9;22;160000;R;;Brasil;70;100;;editado;2600
1572;D;br_D_asa;br_D_asa|leobahia;Fantasma FC;Fantasma FC;Marcos Machado;MEI;MID;9;23;160000;R;;Brasil;70;100;;editado;2600
1573;D;br_D_asa;br_D_asa|nascimentodasilva;Fantasma FC;Fantasma FC;Wellington Dias;MEI;MID;9;21;160000;R;;Brasil;70;100;;editado;2600
1574;D;br_D_asa;br_D_asa|sammuel;Fantasma FC;Fantasma FC;Otávio Batista;MC;MID;9;24;170000;R;;Brasil;70;100;;editado;2600
1575;D;br_D_asa;br_D_asa|limavictor;Fantasma FC;Fantasma FC;Paulo Machado;PE;ATT;9;32;140000;R;;Brasil;70;100;;editado;2600
1576;D;br_D_asa;br_D_asa|ramosgustavo;Fantasma FC;Fantasma FC;Kaique Moreira;CA;ATT;9;25;170000;R;;Brasil;70;100;;editado;2600
1577;D;br_D_asa;br_D_asa|wandson;Fantasma FC;Fantasma FC;Márcio Xavier;SA;ATT;9;24;170000;R;;Brasil;70;100;;editado;2600
1578;D;br_D_asa;br_D_asa|cristianlucca;Fantasma FC;Fantasma FC;Felipe Silva;ZAG;DEF;8;33;110000;R;;Brasil;70;100;;editado;2200
1579;D;br_D_asa;br_D_asa|paulinho;Fantasma FC;Fantasma FC;Wagner Teixeira;ZAG;DEF;7;26;130000;R;;Brasil;70;100;;editado;1800
1580;D;br_D_asa;br_D_asa|defreitarodrigues;Fantasma FC;Fantasma FC;Gustavo Machado;GOL;GK;7;24;120000;L;;Brasil;70;100;;editado;1800
1581;D;br_D_asa;br_D_asa|juniorvicosa;Fantasma FC;Fantasma FC;Matheus Ferreira;PD;ATT;7;33;90000;L;;Brasil;70;100;;editado;1800
1582;D;br_D_capital;br_D_capital|alison;Distrito Central;Distrito Central;Danilo Teixeira;CA;ATT;12;30;260000;R;;Brasil;70;100;;editado;4200
1583;D;br_D_capital;br_D_capital|ingro;Distrito Central;Distrito Central;Jean Nunes;CA;ATT;12;23;280000;R;;Brasil;70;100;;editado;4200
1584;D;br_D_capital;br_D_capital|torrescarlos;Distrito Central;Distrito Central;Igor Gomes;PE;ATT;12;21;270000;R;;Brasil;70;100;;editado;4200
1585;D;br_D_capital;br_D_capital|luan;Distrito Central;Distrito Central;Nathan Rocha;GOL;GK;11;30;220000;R;;Brasil;70;100;;editado;3600
1586;D;br_D_capital;br_D_capital|ederlima;Distrito Central;Distrito Central;Diego Ferreira;ZAG;DEF;11;21;220000;L;;Brasil;70;100;;editado;3600
1587;D;br_D_capital;br_D_capital|genilson;Distrito Central;Distrito Central;Maicon Rodrigues;ZAG;DEF;10;21;180000;R;;Brasil;70;100;;editado;3000
1588;D;br_D_capital;br_D_capital|lessinho;Distrito Central;Distrito Central;Jonathan Peixoto;SA;ATT;10;23;190000;R;;Brasil;70;100;;editado;3000
1589;D;br_D_capital;br_D_capital|richardson;Distrito Central;Distrito Central;Palito;LAE;DEF;9;31;140000;R;;Brasil;70;100;;editado;2600
1590;D;br_D_capital;br_D_capital|lima;Distrito Central;Distrito Central;Vinícius Tavares;MEI;MID;9;29;160000;R;;Brasil;70;100;;editado;2600
1591;D;br_D_capital;br_D_capital|cesinha;Distrito Central;Distrito Central;Cícero Silva;PD;ATT;9;25;170000;R;;Brasil;70;100;;editado;2600
1592;D;br_D_capital;br_D_capital|gustavonescau;Distrito Central;Distrito Central;Fábio Cavalcanti;PE;ATT;9;32;140000;L;;Brasil;70;100;;editado;2600
1593;D;br_D_capital;br_D_capital|joaovillela;Distrito Central;Distrito Central;Hugo Gomes;ZAG;DEF;7;22;120000;R;;Brasil;70;100;;editado;1800
1594;D;br_D_capital;br_D_capital|renanluis;Distrito Central;Distrito Central;Adriano Siqueira;LAD;DEF;7;25;120000;R;;Brasil;70;100;;editado;1800
1595;D;br_D_capital;br_D_capital|delsinho;Distrito Central;Distrito Central;Gabriel Ribeiro;VOL;MID;7;22;120000;L;;Brasil;70;100;;editado;1800
1596;D;br_D_capital;br_D_capital|jeremias;Distrito Central;Distrito Central;Leandro Almeida;MC;MID;7;26;130000;R;;Brasil;70;100;;editado;1800
1597;D;br_D_capital;br_D_capital|matheuzinho;Distrito Central;Distrito Central;Jonathan Dias;VOL;MID;7;22;120000;R;;Brasil;70;100;;editado;1800
1598;D;br_D_capital;br_D_capital|rodrigo;Distrito Central;Distrito Central;Cícero Correia;MEI;MID;7;26;130000;L;;Brasil;70;100;;editado;1800
1599;D;br_D_capital;br_D_capital|matheusrocha;Distrito Central;Distrito Central;Felipe Oliveira;ZAG;DEF;7;19;110000;L;;Brasil;70;100;;editado;1800
1600;D;br_D_capital;br_D_capital|gustavosantos;Distrito Central;Distrito Central;Robinho Moreira;MC;MID;7;24;120000;R;;Brasil;70;100;;editado;1800
1601;D;br_D_capital;br_D_capital|henriquepereira;Distrito Central;Distrito Central;Wallace Ferreira;GOL;GK;7;24;120000;R;;Brasil;70;100;;editado;1800
1602;D;br_D_cianorte;br_D_cianorte|ibson;Leão Tricolor;Leão Tricolor;Antônio Gomes;VOL;MID;12;25;290000;R;;Brasil;70;100;;editado;4200
1603;D;br_D_cianorte;br_D_cianorte|wagnermanaus;Leão Tricolor;Leão Tricolor;Anderson Andrade;MC;MID;12;29;270000;R;;Brasil;70;100;;editado;4200
1604;D;br_D_cianorte;br_D_cianorte|pedoca;Leão Tricolor;Leão Tricolor;Yuri Correia;CA;ATT;12;26;290000;R;;Brasil;70;100;;editado;4200
1605;D;br_D_cianorte;br_D_cianorte|euller;Leão Tricolor;Leão Tricolor;Samuel Almeida;ZAG;DEF;10;29;180000;R;;Brasil;70;100;;editado;3000
1606;D;br_D_cianorte;br_D_cianorte|jackson;Leão Tricolor;Leão Tricolor;Danilo Freitas;LAE;DEF;10;31;160000;L;;Brasil;70;100;;editado;3000
1607;D;br_D_cianorte;br_D_cianorte|wesley;Leão Tricolor;Leão Tricolor;Adriano Batista;ZAG;DEF;10;25;190000;R;;Brasil;70;100;;editado;3000
1608;D;br_D_cianorte;br_D_cianorte|gabrielchagas;Leão Tricolor;Leão Tricolor;Vinícius Santos;VOL;MID;10;29;180000;R;;Brasil;70;100;;editado;3000
1609;D;br_D_cianorte;br_D_cianorte|felipelaurindo;Leão Tricolor;Leão Tricolor;Antônio Barbosa;PD;ATT;10;27;200000;L;;Brasil;70;100;;editado;3000
1610;D;br_D_cianorte;br_D_cianorte|robinho;Leão Tricolor;Leão Tricolor;Elias Xavier;SA;ATT;10;31;160000;R;;Brasil;70;100;;editado;3000
1611;D;br_D_cianorte;br_D_cianorte|cristovam;Leão Tricolor;Leão Tricolor;Hugo Teixeira;ZAG;DEF;9;26;170000;R;;Brasil;70;100;;editado;2600
1612;D;br_D_cianorte;br_D_cianorte|iagomotta;Leão Tricolor;Leão Tricolor;Kaique Siqueira;LAD;DEF;9;27;180000;R;;Brasil;70;100;;editado;2600
1613;D;br_D_cianorte;br_D_cianorte|felipegarcia;Leão Tricolor;Leão Tricolor;Pantera;GOL;GK;8;20;130000;R;;Brasil;70;100;;editado;2200
1614;D;br_D_cianorte;br_D_cianorte|pedroivo;Leão Tricolor;Leão Tricolor;Carlos Moreira;MEI;MID;8;22;140000;R;;Brasil;70;100;;editado;2200
1615;D;br_D_cianorte;br_D_cianorte|gabrielsilva;Leão Tricolor;Leão Tricolor;Fábio Xavier;MC;MID;7;29;120000;R;;Brasil;70;100;;editado;1800
1616;D;br_D_cianorte;br_D_cianorte|guilhermeluan;Leão Tricolor;Leão Tricolor;Flecha;MEI;MID;7;30;110000;R;;Brasil;70;100;;editado;1800
1617;D;br_D_cianorte;br_D_cianorte|dentinho;Leão Tricolor;Leão Tricolor;Gavião;CA;ATT;7;21;110000;R;;Brasil;70;100;;editado;1800
1618;D;br_D_cianorte;br_D_cianorte|luizfermando;Leão Tricolor;Leão Tricolor;Leonardo Silva;PE;ATT;7;22;120000;R;;Brasil;70;100;;editado;1800
1619;D;br_D_cianorte;br_D_cianorte|nathannascimento;Leão Tricolor;Leão Tricolor;Bruno Costa;GOL;GK;7;23;120000;R;;Brasil;70;100;;editado;1800
1620;D;br_D_cianorte;br_D_cianorte|matheussouza;Leão Tricolor;Leão Tricolor;Samuel Ferreira;ZAG;DEF;7;19;110000;R;;Brasil;70;100;;editado;1800
1621;D;br_D_cianorte;br_D_cianorte|danielpereira;Leão Tricolor;Leão Tricolor;Tiago Araújo;ZAG;DEF;6;24;100000;R;;Brasil;70;100;;editado;1400
1622;D;br_D_crac;br_D_crac|iagomartins;Catalão FC;Catalão FC;Vitor Teixeira;PD;ATT;12;32;230000;R;;Brasil;70;100;;editado;4200
1623;D;br_D_crac;br_D_crac|daniel;Catalão FC;Catalão FC;Marcos Rocha;ZAG;DEF;11;23;230000;R;;Brasil;70;100;;editado;3600
1624;D;br_D_crac;br_D_crac|jefferson;Catalão FC;Catalão FC;Eduardo Andrade;MC;MID;11;22;230000;L;;Brasil;70;100;;editado;3600
1625;D;br_D_crac;br_D_crac|tata;Catalão FC;Catalão FC;André Souza;VOL;MID;11;20;220000;L;;Brasil;70;100;;editado;3600
1626;D;br_D_crac;br_D_crac|robsonalemao;Catalão FC;Catalão FC;Rafael Pereira;MC;MID;10;20;170000;R;;Brasil;70;100;;editado;3000
1627;D;br_D_crac;br_D_crac|vitormota;Catalão FC;Catalão FC;Elástico;MC;MID;10;23;190000;R;;Brasil;70;100;;editado;3000
1628;D;br_D_crac;br_D_crac|rafhaellucas;Catalão FC;Catalão FC;Careca;CA;ATT;10;25;190000;L;;Brasil;70;100;;editado;3000
1629;D;br_D_crac;br_D_crac|airton;Catalão FC;Catalão FC;Danilo Costa;ZAG;DEF;9;25;170000;L;;Brasil;70;100;;editado;2600
1630;D;br_D_crac;br_D_crac|danrlei;Catalão FC;Catalão FC;Danilo Santos;LAD;DEF;9;29;160000;R;;Brasil;70;100;;editado;2600
1631;D;br_D_crac;br_D_crac|luansales;Catalão FC;Catalão FC;Nathan Teixeira;LAE;DEF;9;32;140000;R;;Brasil;70;100;;editado;2600
1632;D;br_D_crac;br_D_crac|caiocunha;Catalão FC;Catalão FC;Bruno Andrade;VOL;MID;9;27;180000;L;;Brasil;70;100;;editado;2600
1633;D;br_D_crac;br_D_crac|leoazevedo;Catalão FC;Catalão FC;Doidão;MEI;MID;9;28;170000;R;;Brasil;70;100;;editado;2600
1634;D;br_D_crac;br_D_crac|diasgregorio;Catalão FC;Catalão FC;Diego Barbosa;CA;ATT;9;29;160000;R;;Brasil;70;100;;editado;2600
1635;D;br_D_crac;br_D_crac|joaoveras;Catalão FC;Catalão FC;Nathan Martins;PE;ATT;9;20;150000;R;;Brasil;70;100;;editado;2600
1636;D;br_D_crac;br_D_crac|henrique;Catalão FC;Catalão FC;Raimundo Araújo;GOL;GK;8;31;120000;R;;Brasil;70;100;;editado;2200
1637;D;br_D_crac;br_D_crac|menezes;Catalão FC;Catalão FC;Robinho Carvalho;VOL;MID;8;31;120000;L;;Brasil;70;100;;editado;2200
1638;D;br_D_crac;br_D_crac|cleriston;Catalão FC;Catalão FC;Kaique Melo;GOL;GK;7;27;130000;R;;Brasil;70;100;;editado;1800
1639;D;br_D_crac;br_D_crac|riquelmo;Catalão FC;Catalão FC;Emerson Pereira;MEI;MID;7;30;110000;R;;Brasil;70;100;;editado;1800
1640;D;br_D_crac;br_D_crac|valterjunior;Catalão FC;Catalão FC;Jonathan Costa;SA;ATT;7;20;110000;R;;Brasil;70;100;;editado;1800
1641;D;br_D_crac;br_D_crac|leandroribeiro;Catalão FC;Catalão FC;Diego Araújo;ZAG;DEF;7;23;120000;R;;Brasil;70;100;;editado;1800
1642;D;br_D_csa;br_D_csa|fabriciobigode;Azulão Alagoano;Azulão Alagoano;Eduardo Pereira;MC;MID;12;27;300000;R;;Brasil;70;100;;editado;4200
1643;D;br_D_csa;br_D_csa|matheusmelo;Azulão Alagoano;Azulão Alagoano;Júlio Ribeiro;MEI;MID;12;28;290000;L;;Brasil;70;100;;editado;4200
1644;D;br_D_csa;br_D_csa|pitbullrenato;Azulão Alagoano;Azulão Alagoano;Rafael Monteiro;MC;MID;12;33;220000;R;;Brasil;70;100;;editado;4200
1645;D;br_D_csa;br_D_csa|matheussouza;Azulão Alagoano;Azulão Alagoano;Wallace Cavalcanti;CA;ATT;12;33;220000;R;;Brasil;70;100;;editado;4200
1646;D;br_D_csa;br_D_csa|igorguilherme;Azulão Alagoano;Azulão Alagoano;Tiago Siqueira;VOL;MID;11;29;230000;R;;Brasil;70;100;;editado;3600
1647;D;br_D_csa;br_D_csa|lucao;Azulão Alagoano;Azulão Alagoano;Hugo Almeida;LAE;DEF;10;24;190000;L;;Brasil;70;100;;editado;3000
1648;D;br_D_csa;br_D_csa|dudufigueiredo;Azulão Alagoano;Azulão Alagoano;Wellington Farias;VOL;MID;10;25;190000;R;;Brasil;70;100;;editado;3000
1649;D;br_D_csa;br_D_csa|buiu;Azulão Alagoano;Azulão Alagoano;Denilson Monteiro;ZAG;DEF;9;20;150000;R;;Brasil;70;100;;editado;2600
1650;D;br_D_csa;br_D_csa|kaike;Azulão Alagoano;Azulão Alagoano;Vinícius Machado;ZAG;DEF;9;21;160000;R;;Brasil;70;100;;editado;2600
1651;D;br_D_csa;br_D_csa|ferreirakayllan;Azulão Alagoano;Azulão Alagoano;José Souza;MEI;MID;9;26;170000;R;;Brasil;70;100;;editado;2600
1652;D;br_D_csa;br_D_csa|riansantana;Azulão Alagoano;Azulão Alagoano;Yuri Teixeira;PD;ATT;9;20;150000;R;;Brasil;70;100;;editado;2600
1653;D;br_D_csa;br_D_csa|ramon;Azulão Alagoano;Azulão Alagoano;Gabriel Lima;VOL;MID;8;31;120000;R;;Brasil;70;100;;editado;2200
1654;D;br_D_csa;br_D_csa|ronaldomendes;Azulão Alagoano;Azulão Alagoano;Capitão;MC;MID;8;23;140000;R;;Brasil;70;100;;editado;2200
1655;D;br_D_csa;br_D_csa|wallersonraphaelli;Azulão Alagoano;Azulão Alagoano;Diego Martins;GOL;GK;7;21;110000;R;;Brasil;70;100;;editado;1800
1656;D;br_D_csa;br_D_csa|lucasserafini;Azulão Alagoano;Azulão Alagoano;Danilo Cardoso;LAD;DEF;7;23;120000;R;;Brasil;70;100;;editado;1800
1657;D;br_D_csa;br_D_csa|marlonlopes;Azulão Alagoano;Azulão Alagoano;José Araújo;ZAG;DEF;7;24;120000;R;;Brasil;70;100;;editado;1800
1658;D;br_D_csa;br_D_csa|rayan;Azulão Alagoano;Azulão Alagoano;Ricardo Ribeiro;LAD;DEF;7;21;110000;R;;Brasil;70;100;;editado;1800
1659;D;br_D_csa;br_D_csa|igornascimento;Azulão Alagoano;Azulão Alagoano;Gustavo Correia;GOL;GK;7;20;110000;R;;Brasil;70;100;;editado;1800
1660;D;br_D_csa;br_D_csa|otaviopereira;Azulão Alagoano;Azulão Alagoano;Rodrigo Batista;CA;ATT;6;19;90000;L;;Brasil;70;100;;editado;1400
1661;D;br_D_csa;br_D_csa|nathansouza;Azulão Alagoano;Azulão Alagoano;Elias Rodrigues;CA;ATT;6;19;90000;R;;Brasil;70;100;;editado;1400
1662;D;br_D_ferroviario;br_D_ferroviario|thalisson;Tubarão do Povo;Tubarão do Povo;Thiago Oliveira;VOL;MID;12;27;300000;R;;Brasil;70;100;;editado;4200
1663;D;br_D_ferroviario;br_D_ferroviario|carlinhos;Tubarão do Povo;Tubarão do Povo;Alex Cardoso;PD;ATT;12;29;270000;L;;Brasil;70;100;;editado;4200
1664;D;br_D_ferroviario;br_D_ferroviario|menayair;Tubarão do Povo;Tubarão do Povo;Tiago Peixoto;SA;ATT;12;26;290000;R;;Brasil;70;100;;editado;4200
1665;D;br_D_ferroviario;br_D_ferroviario|pauloricardo;Tubarão do Povo;Tubarão do Povo;Jonathan Almeida;PE;ATT;12;31;250000;L;;Brasil;70;100;;editado;4200
1666;D;br_D_ferroviario;br_D_ferroviario|jefferson;Tubarão do Povo;Tubarão do Povo;Everton Pinto;LAD;DEF;11;22;230000;L;;Brasil;70;100;;editado;3600
1667;D;br_D_ferroviario;br_D_ferroviario|pabomaldini;Tubarão do Povo;Tubarão do Povo;Matheus Machado;LAE;DEF;11;30;220000;R;;Brasil;70;100;;editado;3600
1668;D;br_D_ferroviario;br_D_ferroviario|luan;Tubarão do Povo;Tubarão do Povo;Antônio Ribeiro;MEI;MID;11;30;220000;R;;Brasil;70;100;;editado;3600
1669;D;br_D_ferroviario;br_D_ferroviario|victordiotti;Tubarão do Povo;Tubarão do Povo;Mosquito;MC;MID;11;22;230000;R;;Brasil;70;100;;editado;3600
1670;D;br_D_ferroviario;br_D_ferroviario|camilo;Tubarão do Povo;Tubarão do Povo;Júlio Gomes;CA;ATT;11;29;230000;R;;Brasil;70;100;;editado;3600
1671;D;br_D_ferroviario;br_D_ferroviario|jefinho;Tubarão do Povo;Tubarão do Povo;Bruno Bezerra;PE;ATT;11;23;230000;L;;Brasil;70;100;;editado;3600
1672;D;br_D_ferroviario;br_D_ferroviario|fernandoportel;Tubarão do Povo;Tubarão do Povo;Júlio Rocha;VOL;MID;9;29;160000;R;;Brasil;70;100;;editado;2600
1673;D;br_D_ferroviario;br_D_ferroviario|lucasblack;Tubarão do Povo;Tubarão do Povo;Samuel Silva;VOL;MID;9;27;180000;R;;Brasil;70;100;;editado;2600
1674;D;br_D_ferroviario;br_D_ferroviario|rosabrayan;Tubarão do Povo;Tubarão do Povo;Besouro;MC;MID;9;24;170000;R;;Brasil;70;100;;editado;2600
1675;D;br_D_ferroviario;br_D_ferroviario|kiuan;Tubarão do Povo;Tubarão do Povo;Diego Gomes;CA;ATT;9;24;170000;L;;Brasil;70;100;;editado;2600
1676;D;br_D_ferroviario;br_D_ferroviario|bruno;Tubarão do Povo;Tubarão do Povo;Wellington Silva;ZAG;DEF;8;30;130000;R;;Brasil;70;100;;editado;2200
1677;D;br_D_ferroviario;br_D_ferroviario|pedrinho;Tubarão do Povo;Tubarão do Povo;Jean Peixoto;ZAG;DEF;8;21;140000;R;;Brasil;70;100;;editado;2200
1678;D;br_D_ferroviario;br_D_ferroviario|joaoneto;Tubarão do Povo;Tubarão do Povo;Maicon Martins;MC;MID;8;29;140000;R;;Brasil;70;100;;editado;2200
1679;D;br_D_ferroviario;br_D_ferroviario|sivaldojunior;Tubarão do Povo;Tubarão do Povo;Valdir Teixeira;GOL;GK;7;29;120000;R;;Brasil;70;100;;editado;1800
1680;D;br_D_ferroviario;br_D_ferroviario|iagoreis;Tubarão do Povo;Tubarão do Povo;Denilson Barbosa;ZAG;DEF;7;25;120000;L;;Brasil;70;100;;editado;1800
1681;D;br_D_ferroviario;br_D_ferroviario|ramires;Tubarão do Povo;Tubarão do Povo;Bruno Machado;GOL;GK;7;23;120000;R;;Brasil;70;100;;editado;1800
1682;D;br_D_gama;br_D_gama|gabriellima;Periquito Verde Branco;Periquito Verde Branco;Vitor Nunes;ZAG;DEF;12;25;290000;R;;Brasil;70;100;;editado;4200
1683;D;br_D_gama;br_D_gama|michel;Periquito Verde Branco;Periquito Verde Branco;Rafael Bezerra;ZAG;DEF;12;24;280000;R;;Brasil;70;100;;editado;4200
1684;D;br_D_gama;br_D_gama|luciofernandes;Periquito Verde Branco;Periquito Verde Branco;Wellington Gomes;VOL;MID;12;31;250000;R;;Brasil;70;100;;editado;4200
1685;D;br_D_gama;br_D_gama|leandro;Periquito Verde Branco;Periquito Verde Branco;Vitor Ferreira;GOL;GK;11;33;180000;R;;Brasil;70;100;;editado;3600
1686;D;br_D_gama;br_D_gama|iranilson;Periquito Verde Branco;Periquito Verde Branco;Carlos Araújo;ZAG;DEF;11;33;180000;R;;Brasil;70;100;;editado;3600
1687;D;br_D_gama;br_D_gama|toninho;Periquito Verde Branco;Periquito Verde Branco;Matheus Costa;LAE;DEF;11;21;220000;R;;Brasil;70;100;;editado;3600
1688;D;br_D_gama;br_D_gama|zulu;Periquito Verde Branco;Periquito Verde Branco;Doutor;ZAG;DEF;11;30;220000;R;;Brasil;70;100;;editado;3600
1689;D;br_D_gama;br_D_gama|henriquealmeida;Periquito Verde Branco;Periquito Verde Branco;Lucas Gomes;CA;ATT;11;24;240000;R;;Brasil;70;100;;editado;3600
1690;D;br_D_gama;br_D_gama|russo;Periquito Verde Branco;Periquito Verde Branco;Maicon Farias;MC;MID;9;22;160000;R;;Brasil;70;100;;editado;2600
1691;D;br_D_gama;br_D_gama|felipeclemente;Periquito Verde Branco;Periquito Verde Branco;Zangado;PE;ATT;9;20;150000;R;;Brasil;70;100;;editado;2600
1692;D;br_D_gama;br_D_gama|renatosoares;Periquito Verde Branco;Periquito Verde Branco;Elias Martins;MEI;MID;8;26;150000;R;;Brasil;70;100;;editado;2200
1693;D;br_D_gama;br_D_gama|ramon;Periquito Verde Branco;Periquito Verde Branco;Diego Lima;MC;MID;8;31;120000;R;;Brasil;70;100;;editado;2200
1694;D;br_D_gama;br_D_gama|luanlouza;Periquito Verde Branco;Periquito Verde Branco;Wallace Batista;PD;ATT;8;31;120000;R;;Brasil;70;100;;editado;2200
1695;D;br_D_gama;br_D_gama|renan;Periquito Verde Branco;Periquito Verde Branco;Terminator;GOL;GK;7;26;130000;R;;Brasil;70;100;;editado;1800
1696;D;br_D_gama;br_D_gama|lucaspiaui;Periquito Verde Branco;Periquito Verde Branco;Cleiton Almeida;LAD;DEF;7;30;110000;R;;Brasil;70;100;;editado;1800
1697;D;br_D_gama;br_D_gama|wellington;Periquito Verde Branco;Periquito Verde Branco;Márcio Peixoto;LAD;DEF;7;29;120000;L;;Brasil;70;100;;editado;1800
1698;D;br_D_gama;br_D_gama|davidlucas;Periquito Verde Branco;Periquito Verde Branco;Otávio Siqueira;VOL;MID;7;30;110000;R;;Brasil;70;100;;editado;1800
1699;D;br_D_gama;br_D_gama|moisesribeiro;Periquito Verde Branco;Periquito Verde Branco;Denilson Guimarães;MEI;MID;7;20;110000;R;;Brasil;70;100;;editado;1800
1700;D;br_D_gama;br_D_gama|willianjunior;Periquito Verde Branco;Periquito Verde Branco;Renato Cardoso;VOL;MID;7;23;120000;R;;Brasil;70;100;;editado;1800
1701;D;br_D_gama;br_D_gama|kennedycordeiro;Periquito Verde Branco;Periquito Verde Branco;Otávio Farias;CA;ATT;7;29;120000;R;;Brasil;70;100;;editado;1800
1702;D;br_D_luverdense;br_D_luverdense|feliphegabriel;Verdão do Norte;Verdão do Norte;Diego Pereira;ZAG;DEF;12;29;270000;L;;Brasil;70;100;;editado;4200
1703;D;br_D_luverdense;br_D_luverdense|gustavosilva;Verdão do Norte;Verdão do Norte;Hugo Peixoto;LAD;DEF;12;30;260000;R;;Brasil;70;100;;editado;4200
1704;D;br_D_luverdense;br_D_luverdense|gutierrez;Verdão do Norte;Verdão do Norte;Wellington Tavares;LAE;DEF;12;23;280000;L;;Brasil;70;100;;editado;4200
1705;D;br_D_luverdense;br_D_luverdense|kevin;Verdão do Norte;Verdão do Norte;Renato Ferreira;ZAG;DEF;12;27;300000;L;;Brasil;70;100;;editado;4200
1706;D;br_D_luverdense;br_D_luverdense|isacmiller;Verdão do Norte;Verdão do Norte;Gustavo Andrade;LAD;DEF;12;23;280000;R;;Brasil;70;100;;editado;4200
1707;D;br_D_luverdense;br_D_luverdense|brunoeduardo;Verdão do Norte;Verdão do Norte;Gustavo Freitas;ZAG;DEF;12;26;290000;R;;Brasil;70;100;;editado;4200
1708;D;br_D_luverdense;br_D_luverdense|wendelbarros;Verdão do Norte;Verdão do Norte;Fernando Silva;MC;MID;12;22;270000;R;;Brasil;70;100;;editado;4200
1709;D;br_D_luverdense;br_D_luverdense|pedrohenrique;Verdão do Norte;Verdão do Norte;Pedro Rodrigues;VOL;MID;12;31;250000;R;;Brasil;70;100;;editado;4200
1710;D;br_D_luverdense;br_D_luverdense|jancarlos;Verdão do Norte;Verdão do Norte;Rocha;VOL;MID;12;27;300000;R;;Brasil;70;100;;editado;4200
1711;D;br_D_luverdense;br_D_luverdense|bryangabriel;Verdão do Norte;Verdão do Norte;Everton Pereira;MC;MID;12;28;290000;R;;Brasil;70;100;;editado;4200
1712;D;br_D_luverdense;br_D_luverdense|lucasvieira;Verdão do Norte;Verdão do Norte;Thiago Nascimento;PD;ATT;12;24;280000;R;;Brasil;70;100;;editado;4200
1713;D;br_D_luverdense;br_D_luverdense|raulprata;Verdão do Norte;Verdão do Norte;Robinho Almeida;ZAG;DEF;11;28;240000;R;;Brasil;70;100;;editado;3600
1714;D;br_D_luverdense;br_D_luverdense|daniloborges;Verdão do Norte;Verdão do Norte;Pedro Pinto;MEI;MID;11;25;240000;R;;Brasil;70;100;;editado;3600
1715;D;br_D_luverdense;br_D_luverdense|pedrobortoluzo;Verdão do Norte;Verdão do Norte;Otávio Araújo;CA;ATT;11;24;240000;R;;Brasil;70;100;;editado;3600
1716;D;br_D_luverdense;br_D_luverdense|joaoguilherme;Verdão do Norte;Verdão do Norte;Vovô;GOL;GK;10;31;160000;L;;Brasil;70;100;;editado;3000
1717;D;br_D_luverdense;br_D_luverdense|eduardofragacapellari;Verdão do Norte;Verdão do Norte;Vagner Siqueira;GOL;GK;10;30;170000;L;;Brasil;70;100;;editado;3000
1718;D;br_D_luverdense;br_D_luverdense|renatoescobar;Verdão do Norte;Verdão do Norte;Renato Silva;VOL;MID;10;32;160000;R;;Brasil;70;100;;editado;3000
1719;D;br_D_luverdense;br_D_luverdense|luizfernando;Verdão do Norte;Verdão do Norte;Márcio Cavalcanti;MC;MID;10;27;200000;R;;Brasil;70;100;;editado;3000
1720;D;br_D_luverdense;br_D_luverdense|hassen;Verdão do Norte;Verdão do Norte;Maicon Batista;MEI;MID;10;28;190000;R;;Brasil;70;100;;editado;3000
1721;D;br_D_luverdense;br_D_luverdense|hitalo;Verdão do Norte;Verdão do Norte;Ricardo Correia;PE;ATT;10;25;190000;R;;Brasil;70;100;;editado;3000
1722;D;br_D_marciliodias;br_D_marciliodias|joaovitor;Marinheiro de Santa;Marinheiro de Santa;Rodrigo Andrade;GOL;GK;12;31;250000;R;;Brasil;70;100;sim;editado;4200
1723;D;br_D_marciliodias;br_D_marciliodias|joaovitor;Marinheiro de Santa;Marinheiro de Santa;Renato Costa;LAD;DEF;12;31;250000;R;;Brasil;70;100;sim;editado;4200
1724;D;br_D_marciliodias;br_D_marciliodias|kevin;Marinheiro de Santa;Marinheiro de Santa;Rodrigo Machado;LAE;DEF;12;27;300000;L;;Brasil;70;100;;editado;4200
1725;D;br_D_marciliodias;br_D_marciliodias|luan;Marinheiro de Santa;Marinheiro de Santa;Danilo Nunes;ZAG;DEF;11;30;220000;R;;Brasil;70;100;;editado;3600
1726;D;br_D_marciliodias;br_D_marciliodias|roldan;Marinheiro de Santa;Marinheiro de Santa;Matheus Bezerra;MC;MID;11;30;220000;R;;Brasil;70;100;;editado;3600
1727;D;br_D_marciliodias;br_D_marciliodias|vitinho;Marinheiro de Santa;Marinheiro de Santa;Thiago Pereira;VOL;MID;11;23;230000;R;;Brasil;70;100;;editado;3600
1728;D;br_D_marciliodias;br_D_marciliodias|claudinho;Marinheiro de Santa;Marinheiro de Santa;Pedro Araújo;ZAG;DEF;10;27;200000;R;;Brasil;70;100;;editado;3000
1729;D;br_D_marciliodias;br_D_marciliodias|felipebaiano;Marinheiro de Santa;Marinheiro de Santa;Nathan Vieira;MC;MID;10;31;160000;R;;Brasil;70;100;;editado;3000
1730;D;br_D_marciliodias;br_D_marciliodias|guilhermekante;Marinheiro de Santa;Marinheiro de Santa;Alan Batista;VOL;MID;10;33;150000;R;;Brasil;70;100;;editado;3000
1731;D;br_D_marciliodias;br_D_marciliodias|miguel;Marinheiro de Santa;Marinheiro de Santa;João Monteiro;MEI;MID;10;27;200000;L;;Brasil;70;100;;editado;3000
1732;D;br_D_marciliodias;br_D_marciliodias|matheus;Marinheiro de Santa;Marinheiro de Santa;Piolho;GOL;GK;9;33;130000;R;;Brasil;70;100;;editado;2600
1733;D;br_D_marciliodias;br_D_marciliodias|jonathan;Marinheiro de Santa;Marinheiro de Santa;José Freitas;ZAG;DEF;9;29;160000;L;;Brasil;70;100;;editado;2600
1734;D;br_D_marciliodias;br_D_marciliodias|cesinha;Marinheiro de Santa;Marinheiro de Santa;Denilson Martins;CA;ATT;9;25;170000;R;;Brasil;70;100;;editado;2600
1735;D;br_D_marciliodias;br_D_marciliodias|erivelton;Marinheiro de Santa;Marinheiro de Santa;Diamante;GOL;GK;8;28;150000;R;;Brasil;70;100;;editado;2200
1736;D;br_D_marciliodias;br_D_marciliodias|marcelosousa;Marinheiro de Santa;Marinheiro de Santa;Douglas Barbosa;LAD;DEF;8;26;150000;R;;Brasil;70;100;;editado;2200
1737;D;br_D_marciliodias;br_D_marciliodias|guilhermegehring;Marinheiro de Santa;Marinheiro de Santa;Wagner Xavier;MEI;MID;8;22;140000;L;;Brasil;70;100;;editado;2200
1738;D;br_D_marciliodias;br_D_marciliodias|reginaldo;Marinheiro de Santa;Marinheiro de Santa;Parede;CA;ATT;7;33;90000;R;;Brasil;70;100;;editado;1800
1739;D;br_D_marciliodias;br_D_marciliodias|victorguilherme;Marinheiro de Santa;Marinheiro de Santa;Felipe Almeida;ZAG;DEF;7;21;110000;R;;Brasil;70;100;;editado;1800
1740;D;br_D_marciliodias;br_D_marciliodias|evandro;Marinheiro de Santa;Marinheiro de Santa;Denilson Silva;VOL;MID;7;21;110000;R;;Brasil;70;100;;editado;1800
1741;D;br_D_marciliodias;br_D_marciliodias|lucasbatatinha;Marinheiro de Santa;Marinheiro de Santa;André Siqueira;PD;ATT;7;28;120000;R;;Brasil;70;100;;editado;1800
1742;D;br_D_nacional;br_D_nacional|joaobarbieri;Leão da Vila;Leão da Vila;Wallace Freitas;LAD;DEF;12;23;280000;R;;Brasil;70;100;;editado;4200
1743;D;br_D_nacional;br_D_nacional|thiagolopes;Leão da Vila;Leão da Vila;Gabriel Santos;ZAG;DEF;12;33;220000;R;;Brasil;70;100;;editado;4200
1744;D;br_D_nacional;br_D_nacional|mercadokevin;Leão da Vila;Leão da Vila;Nathan Almeida;PE;ATT;12;30;260000;R;;Brasil;70;100;;editado;4200
1745;D;br_D_nacional;br_D_nacional|andersonalagoano;Leão da Vila;Leão da Vila;Diego Nunes;ZAG;DEF;11;22;230000;R;;Brasil;70;100;;editado;3600
1746;D;br_D_nacional;br_D_nacional|wendel;Leão da Vila;Leão da Vila;José Bezerra;LAD;DEF;11;27;250000;R;;Brasil;70;100;;editado;3600
1747;D;br_D_nacional;br_D_nacional|victor;Leão da Vila;Leão da Vila;Cabeção;CA;ATT;11;29;230000;R;;Brasil;70;100;;editado;3600
1748;D;br_D_nacional;br_D_nacional|douglas;Leão da Vila;Leão da Vila;Brasa;CA;ATT;10;23;190000;R;;Brasil;70;100;;editado;3000
1749;D;br_D_nacional;br_D_nacional|stefanopinho;Leão da Vila;Leão da Vila;Vinícius Araújo;PE;ATT;10;32;160000;R;;Brasil;70;100;;editado;3000
1750;D;br_D_nacional;br_D_nacional|caio;Leão da Vila;Leão da Vila;Thiago Rocha;GOL;GK;9;30;150000;R;;Brasil;70;100;;editado;2600
1751;D;br_D_nacional;br_D_nacional|miliano;Leão da Vila;Leão da Vila;Danilo Oliveira;LAE;DEF;9;21;160000;R;;Brasil;70;100;;editado;2600
1752;D;br_D_nacional;br_D_nacional|mardley;Leão da Vila;Leão da Vila;Marcos Guimarães;MC;MID;9;26;170000;L;;Brasil;70;100;;editado;2600
1753;D;br_D_nacional;br_D_nacional|rafamarcos;Leão da Vila;Leão da Vila;Otávio Correia;MEI;MID;9;27;180000;R;;Brasil;70;100;;editado;2600
1754;D;br_D_nacional;br_D_nacional|rodrigosalves;Leão da Vila;Leão da Vila;Marcos Vieira;VOL;MID;9;30;150000;R;;Brasil;70;100;;editado;2600
1755;D;br_D_nacional;br_D_nacional|renanoliveira;Leão da Vila;Leão da Vila;Otávio Machado;CA;ATT;9;29;160000;R;;Brasil;70;100;;editado;2600
1756;D;br_D_nacional;br_D_nacional|ryanluka;Leão da Vila;Leão da Vila;Vinícius Melo;SA;ATT;9;27;180000;R;;Brasil;70;100;;editado;2600
1757;D;br_D_nacional;br_D_nacional|hernane;Leão da Vila;Leão da Vila;Renato Moreira;GOL;GK;8;29;140000;R;;Brasil;70;100;;editado;2200
1758;D;br_D_nacional;br_D_nacional|custodiomichel;Leão da Vila;Leão da Vila;Diego Andrade;ZAG;DEF;7;20;110000;L;;Brasil;70;100;;editado;1800
1759;D;br_D_nacional;br_D_nacional|kaiowilker;Leão da Vila;Leão da Vila;Douglas Martins;VOL;MID;7;30;110000;R;;Brasil;70;100;;editado;1800
1760;D;br_D_nacional;br_D_nacional|salesdejesus;Leão da Vila;Leão da Vila;Carlos Cardoso;MEI;MID;7;21;110000;R;;Brasil;70;100;;editado;1800
1761;D;br_D_nacional;br_D_nacional|leandrocarvalho;Leão da Vila;Leão da Vila;Nathan Rodrigues;MC;MID;7;23;120000;R;;Brasil;70;100;;editado;1800
1762;D;br_D_portuguesadedesportos;br_D_portuguesadedesportos|eduardobiazus;Lusa Paulista;Lusa Paulista;Elias Gomes;ZAG;DEF;12;20;260000;R;;Brasil;70;100;;editado;4200
1763;D;br_D_portuguesadedesportos;br_D_portuguesadedesportos|joaovitor;Lusa Paulista;Lusa Paulista;Wesley Cavalcanti;ZAG;DEF;12;31;250000;R;;Brasil;70;100;;editado;4200
1764;D;br_D_portuguesadedesportos;br_D_portuguesadedesportos|brunobertinato;Lusa Paulista;Lusa Paulista;Antônio Rocha;GOL;GK;11;20;220000;R;;Brasil;70;100;;editado;3600
1765;D;br_D_portuguesadedesportos;br_D_portuguesadedesportos|gustavosalomao;Lusa Paulista;Lusa Paulista;Adriano Lima;ZAG;DEF;11;31;210000;R;;Brasil;70;100;;editado;3600
1766;D;br_D_portuguesadedesportos;br_D_portuguesadedesportos|hudson;Lusa Paulista;Lusa Paulista;Danilo Monteiro;MEI;MID;11;21;220000;L;;Brasil;70;100;;editado;3600
1767;D;br_D_portuguesadedesportos;br_D_portuguesadedesportos|cauari;Lusa Paulista;Lusa Paulista;Júlio Tavares;CA;ATT;10;31;160000;R;;Brasil;70;100;;editado;3000
1768;D;br_D_portuguesadedesportos;br_D_portuguesadedesportos|igortorres;Lusa Paulista;Lusa Paulista;Hugo Nascimento;PD;ATT;10;22;180000;R;;Brasil;70;100;;editado;3000
1769;D;br_D_portuguesadedesportos;br_D_portuguesadedesportos|keven;Lusa Paulista;Lusa Paulista;Robson Ribeiro;PE;ATT;10;25;190000;L;;Brasil;70;100;;editado;3000
1770;D;br_D_portuguesadedesportos;br_D_portuguesadedesportos|matheuscadorini;Lusa Paulista;Lusa Paulista;Cícero Vieira;SA;ATT;10;26;200000;L;;Brasil;70;100;;editado;3000
1771;D;br_D_portuguesadedesportos;br_D_portuguesadedesportos|gustavohenrique;Lusa Paulista;Lusa Paulista;Emerson Batista;LAE;DEF;9;22;160000;R;;Brasil;70;100;;editado;2600
1772;D;br_D_portuguesadedesportos;br_D_portuguesadedesportos|gustavosciencia;Lusa Paulista;Lusa Paulista;Robson Lima;LAD;DEF;9;28;170000;R;;Brasil;70;100;;editado;2600
1773;D;br_D_portuguesadedesportos;br_D_portuguesadedesportos|maceio;Lusa Paulista;Lusa Paulista;Renato Monteiro;CA;ATT;9;32;140000;R;;Brasil;70;100;;editado;2600
1774;D;br_D_portuguesadedesportos;br_D_portuguesadedesportos|carloseduardo;Lusa Paulista;Lusa Paulista;Vagner Machado;ZAG;DEF;8;22;140000;L;;Brasil;70;100;;editado;2200
1775;D;br_D_portuguesadedesportos;br_D_portuguesadedesportos|denis;Lusa Paulista;Lusa Paulista;Wesley Melo;VOL;MID;8;25;150000;R;;Brasil;70;100;;editado;2200
1776;D;br_D_portuguesadedesportos;br_D_portuguesadedesportos|matheuscecchini;Lusa Paulista;Lusa Paulista;Kaique Souza;VOL;MID;8;27;150000;L;;Brasil;70;100;;editado;2200
1777;D;br_D_portuguesadedesportos;br_D_portuguesadedesportos|ericbotteghin;Lusa Paulista;Lusa Paulista;Jonathan Monteiro;LAD;DEF;7;31;100000;R;;Brasil;70;100;;editado;1800
1778;D;br_D_portuguesadedesportos;br_D_portuguesadedesportos|guilhermedantas;Lusa Paulista;Lusa Paulista;Anderson Costa;MC;MID;7;23;120000;R;;Brasil;70;100;;editado;1800
1779;D;br_D_portuguesadedesportos;br_D_portuguesadedesportos|gustavolima;Lusa Paulista;Lusa Paulista;Eduardo Souza;MC;MID;7;23;120000;R;;Brasil;70;100;;editado;1800
1780;D;br_D_portuguesadedesportos;br_D_portuguesadedesportos|marcelolima;Lusa Paulista;Lusa Paulista;Antônio Rodrigues;GOL;GK;7;19;110000;R;;Brasil;70;100;;editado;1800
1781;D;br_D_portuguesadedesportos;br_D_portuguesadedesportos|danielaraujo;Lusa Paulista;Lusa Paulista;Rodrigo Cardoso;MC;MID;6;19;90000;R;;Brasil;70;100;;editado;1400
1782;D;br_D_portuguesacarioca;br_D_portuguesacarioca|luizgustavo;Lusa Carioca;Lusa Carioca;Fábio Teixeira;ZAG;DEF;12;31;250000;R;;Brasil;70;100;;editado;4200
1783;D;br_D_portuguesacarioca;br_D_portuguesacarioca|savio;Lusa Carioca;Lusa Carioca;Júlio Xavier;ZAG;DEF;12;20;260000;L;;Brasil;70;100;;editado;4200
1784;D;br_D_portuguesacarioca;br_D_portuguesacarioca|alexmoretti;Lusa Carioca;Lusa Carioca;Felipe Vieira;MC;MID;12;28;290000;L;;Brasil;70;100;;editado;4200
1785;D;br_D_portuguesacarioca;br_D_portuguesacarioca|henriquerocha;Lusa Carioca;Lusa Carioca;Vinícius Rodrigues;VOL;MID;12;28;290000;R;;Brasil;70;100;;editado;4200
1786;D;br_D_portuguesacarioca;br_D_portuguesacarioca|gustavoaguiar;Lusa Carioca;Lusa Carioca;Anderson Cardoso;MC;MID;11;22;230000;R;;Brasil;70;100;;editado;3600
1787;D;br_D_portuguesacarioca;br_D_portuguesacarioca|victor;Lusa Carioca;Lusa Carioca;Rodrigo Lima;SA;ATT;11;29;230000;R;;Brasil;70;100;;editado;3600
1788;D;br_D_portuguesacarioca;br_D_portuguesacarioca|douglasborges;Lusa Carioca;Lusa Carioca;Leandro Martins;GOL;GK;10;31;160000;R;;Brasil;70;100;;editado;3000
1789;D;br_D_portuguesacarioca;br_D_portuguesacarioca|alexreinaldo;Lusa Carioca;Lusa Carioca;Danilo Almeida;ZAG;DEF;10;22;180000;R;;Brasil;70;100;;editado;3000
1790;D;br_D_portuguesacarioca;br_D_portuguesacarioca|carlos;Lusa Carioca;Lusa Carioca;Ricardo Andrade;ZAG;DEF;10;32;160000;R;;Brasil;70;100;;editado;3000
1791;D;br_D_portuguesacarioca;br_D_portuguesacarioca|chay;Lusa Carioca;Lusa Carioca;Pedro Vieira;MEI;MID;10;25;190000;L;;Brasil;70;100;;editado;3000
1792;D;br_D_portuguesacarioca;br_D_portuguesacarioca|guilhermesilveira;Lusa Carioca;Lusa Carioca;Wesley Andrade;CA;ATT;10;27;200000;R;;Brasil;70;100;;editado;3000
1793;D;br_D_portuguesacarioca;br_D_portuguesacarioca|albert;Lusa Carioca;Lusa Carioca;Maicon Monteiro;VOL;MID;9;28;170000;L;;Brasil;70;100;;editado;2600
1794;D;br_D_portuguesacarioca;br_D_portuguesacarioca|andersonrosa;Lusa Carioca;Lusa Carioca;Alex Souza;MEI;MID;9;25;170000;R;;Brasil;70;100;;editado;2600
1795;D;br_D_portuguesacarioca;br_D_portuguesacarioca|uelber;Lusa Carioca;Lusa Carioca;Danilo Cavalcanti;CA;ATT;9;23;160000;L;;Brasil;70;100;;editado;2600
1796;D;br_D_portuguesacarioca;br_D_portuguesacarioca|leocruz;Lusa Carioca;Lusa Carioca;Cleiton Carvalho;LAD;DEF;8;24;140000;R;;Brasil;70;100;;editado;2200
1797;D;br_D_portuguesacarioca;br_D_portuguesacarioca|patrick;Lusa Carioca;Lusa Carioca;Antônio Pereira;LAD;DEF;7;20;110000;R;;Brasil;70;100;;editado;1800
1798;D;br_D_portuguesacarioca;br_D_portuguesacarioca|brunomota;Lusa Carioca;Lusa Carioca;Raimundo Barbosa;GOL;GK;7;21;110000;R;;Brasil;70;100;;editado;1800
1799;D;br_D_portuguesacarioca;br_D_portuguesacarioca|lenon;Lusa Carioca;Lusa Carioca;Carlos Cavalcanti;MC;MID;7;32;100000;R;;Brasil;70;100;;editado;1800
1800;D;br_D_portuguesacarioca;br_D_portuguesacarioca|lohan;Lusa Carioca;Lusa Carioca;Danilo Dias;PD;ATT;7;30;110000;R;;Brasil;70;100;;editado;1800
1801;D;br_D_portuguesacarioca;br_D_portuguesacarioca|romarinho;Lusa Carioca;Lusa Carioca;Bala;PE;ATT;7;23;120000;L;;Brasil;70;100;;editado;1800
1802;D;br_D_saojose;br_D_saojose|fabiorampi;Águia do Vale;Águia do Vale;Cícero Ferreira;GOL;GK;12;30;260000;L;;Brasil;70;100;;editado;4200
1803;D;br_D_saojose;br_D_saojose|diney;Águia do Vale;Águia do Vale;Elias Nascimento;ZAG;DEF;12;25;290000;L;;Brasil;70;100;;editado;4200
1804;D;br_D_saojose;br_D_saojose|ivo;Águia do Vale;Águia do Vale;Vinícius Pereira;VOL;MID;12;30;260000;L;;Brasil;70;100;;editado;4200
1805;D;br_D_saojose;br_D_saojose|alexperalta;Águia do Vale;Águia do Vale;João Farias;GOL;GK;10;33;150000;L;;Brasil;70;100;;editado;3000
1806;D;br_D_saojose;br_D_saojose|raphaelsoares;Águia do Vale;Águia do Vale;Bronze;LAE;DEF;10;30;170000;R;;Brasil;70;100;;editado;3000
1807;D;br_D_saojose;br_D_saojose|schopfdeoliveira;Águia do Vale;Águia do Vale;Maicon Nunes;ZAG;DEF;10;29;180000;R;;Brasil;70;100;;editado;3000
1808;D;br_D_saojose;br_D_saojose|tiagopedra;Águia do Vale;Águia do Vale;Foguetinho;LAD;DEF;10;30;170000;L;;Brasil;70;100;;editado;3000
1809;D;br_D_saojose;br_D_saojose|gabriel;Águia do Vale;Águia do Vale;Magrão;MC;MID;10;22;180000;R;;Brasil;70;100;;editado;3000
1810;D;br_D_saojose;br_D_saojose|gustavobagatini;Águia do Vale;Águia do Vale;Emerson Melo;MEI;MID;10;24;190000;R;;Brasil;70;100;;editado;3000
1811;D;br_D_saojose;br_D_saojose|douglas;Águia do Vale;Águia do Vale;Alan Souza;PE;ATT;10;23;190000;R;;Brasil;70;100;;editado;3000
1812;D;br_D_saojose;br_D_saojose|daniloguimaraes;Águia do Vale;Águia do Vale;Samuel Cavalcanti;ZAG;DEF;9;33;130000;R;;Brasil;70;100;;editado;2600
1813;D;br_D_saojose;br_D_saojose|dudu;Águia do Vale;Águia do Vale;Fernando Cavalcanti;LAD;DEF;9;20;150000;R;;Brasil;70;100;;editado;2600
1814;D;br_D_saojose;br_D_saojose|caua;Águia do Vale;Águia do Vale;Carlos Martins;PD;ATT;9;24;170000;R;;Brasil;70;100;;editado;2600
1815;D;br_D_saojose;br_D_saojose|gustavolino;Águia do Vale;Águia do Vale;Bigode;CA;ATT;9;27;180000;R;;Brasil;70;100;;editado;2600
1816;D;br_D_saojose;br_D_saojose|gustavowallison;Águia do Vale;Águia do Vale;Wagner Carvalho;SA;ATT;9;24;170000;L;;Brasil;70;100;;editado;2600
1817;D;br_D_saojose;br_D_saojose|keverton;Águia do Vale;Águia do Vale;Fábio Rodrigues;MEI;MID;8;28;150000;R;;Brasil;70;100;;editado;2200
1818;D;br_D_saojose;br_D_saojose|vitor;Águia do Vale;Águia do Vale;Lucas Vieira;MC;MID;7;20;110000;R;;Brasil;70;100;;editado;1800
1819;D;br_D_saojose;br_D_saojose|andreynunes;Águia do Vale;Águia do Vale;Lucas Farias;CA;ATT;7;22;120000;R;;Brasil;70;100;;editado;1800
1820;D;br_D_saojose;br_D_saojose|lucas;Águia do Vale;Águia do Vale;Felipe Ribeiro;PE;ATT;7;30;110000;R;;Brasil;70;100;;editado;1800
1821;D;br_D_saojose;br_D_saojose|lucasgrafite;Águia do Vale;Águia do Vale;Adriano Peixoto;CA;ATT;7;30;110000;L;;Brasil;70;100;;editado;1800
1822;D;br_D_treze;br_D_treze|yan;Galo da Borborema;Galo da Borborema;Marcos Cardoso;ZAG;DEF;12;20;260000;R;;Brasil;70;100;;editado;4200
1823;D;br_D_treze;br_D_treze|joaosoares;Galo da Borborema;Galo da Borborema;Macaco;GOL;GK;11;32;190000;R;;Brasil;70;100;;editado;3600
1824;D;br_D_treze;br_D_treze|italomelo;Galo da Borborema;Galo da Borborema;Jean Nascimento;LAD;DEF;11;32;190000;L;;Brasil;70;100;;editado;3600
1825;D;br_D_treze;br_D_treze|luan;Galo da Borborema;Galo da Borborema;Everton Carvalho;ZAG;DEF;11;30;220000;R;;Brasil;70;100;;editado;3600
1826;D;br_D_treze;br_D_treze|gabrielfeitosa;Galo da Borborema;Galo da Borborema;Everton Rodrigues;VOL;MID;11;33;180000;R;;Brasil;70;100;;editado;3600
1827;D;br_D_treze;br_D_treze|viniciusbala;Galo da Borborema;Galo da Borborema;Eduardo Monteiro;MC;MID;11;28;240000;R;;Brasil;70;100;;editado;3600
1828;D;br_D_treze;br_D_treze|gustavo;Galo da Borborema;Galo da Borborema;Ricardo Costa;CA;ATT;11;23;230000;R;;Brasil;70;100;;editado;3600
1829;D;br_D_treze;br_D_treze|joaozinho;Galo da Borborema;Galo da Borborema;Emerson Guimarães;PE;ATT;11;29;230000;L;;Brasil;70;100;;editado;3600
1830;D;br_D_treze;br_D_treze|juninhopianco;Galo da Borborema;Galo da Borborema;Cleiton Nunes;LAE;DEF;10;31;160000;R;;Brasil;70;100;;editado;3000
1831;D;br_D_treze;br_D_treze|ryan;Galo da Borborema;Galo da Borborema;Carlos Siqueira;ZAG;DEF;10;24;190000;R;;Brasil;70;100;;editado;3000
1832;D;br_D_treze;br_D_treze|gomesvieiralucas;Galo da Borborema;Galo da Borborema;Danilo Rodrigues;MC;MID;10;23;190000;R;;Brasil;70;100;;editado;3000
1833;D;br_D_treze;br_D_treze|rafaeltanque;Galo da Borborema;Galo da Borborema;Wallace Martins;CA;ATT;10;25;190000;L;;Brasil;70;100;;editado;3000
1834;D;br_D_treze;br_D_treze|brunore;Galo da Borborema;Galo da Borborema;Anderson Teixeira;ZAG;DEF;9;21;160000;R;;Brasil;70;100;;editado;2600
1835;D;br_D_treze;br_D_treze|caiogomes;Galo da Borborema;Galo da Borborema;Pedro Lima;ZAG;DEF;9;27;180000;R;;Brasil;70;100;;editado;2600
1836;D;br_D_treze;br_D_treze|gustavopetrocelli;Galo da Borborema;Galo da Borborema;Alan Bezerra;MEI;MID;9;30;150000;R;;Brasil;70;100;;editado;2600
1837;D;br_D_treze;br_D_treze|thiagoalagoano;Galo da Borborema;Galo da Borborema;Marcos Peixoto;MEI;MID;9;20;150000;R;;Brasil;70;100;;editado;2600
1838;D;br_D_treze;br_D_treze|renilson;Galo da Borborema;Galo da Borborema;Rafael Ferreira;GOL;GK;8;32;120000;R;;Brasil;70;100;;editado;2200
1839;D;br_D_treze;br_D_treze|marquinhos;Galo da Borborema;Galo da Borborema;Felipe Melo;VOL;MID;7;25;120000;R;;Brasil;70;100;;editado;1800
1840;D;br_D_treze;br_D_treze|wilker;Galo da Borborema;Galo da Borborema;Matheus Guimarães;VOL;MID;7;32;100000;R;;Brasil;70;100;;editado;1800
1841;D;br_D_treze;br_D_treze|jeancarlo;Galo da Borborema;Galo da Borborema;Valdir Martins;PD;ATT;7;27;130000;R;;Brasil;70;100;;editado;1800
1842;D;br_D_uberlandia;br_D_uberlandia|bemhur;Alviverde Mineiro;Alviverde Mineiro;Leandro Vieira;ZAG;DEF;12;28;290000;R;;Brasil;70;100;;editado;4200
1843;D;br_D_uberlandia;br_D_uberlandia|maxmiller;Alviverde Mineiro;Alviverde Mineiro;Raimundo Souza;LAE;DEF;12;23;280000;R;;Brasil;70;100;;editado;4200
1844;D;br_D_uberlandia;br_D_uberlandia|rayne;Alviverde Mineiro;Alviverde Mineiro;Everton Peixoto;LAD;DEF;12;31;250000;R;;Brasil;70;100;;editado;4200
1845;D;br_D_uberlandia;br_D_uberlandia|jefersonparrudo;Alviverde Mineiro;Alviverde Mineiro;José Teixeira;MC;MID;12;21;270000;L;;Brasil;70;100;;editado;4200
1846;D;br_D_uberlandia;br_D_uberlandia|renanmota;Alviverde Mineiro;Alviverde Mineiro;Fernando Vieira;MC;MID;12;23;280000;L;;Brasil;70;100;;editado;4200
1847;D;br_D_uberlandia;br_D_uberlandia|apariciobrayan;Alviverde Mineiro;Alviverde Mineiro;Francisco Araújo;CA;ATT;12;29;270000;L;;Brasil;70;100;;editado;4200
1848;D;br_D_uberlandia;br_D_uberlandia|jeffersonluis;Alviverde Mineiro;Alviverde Mineiro;Robson Pinto;GOL;GK;11;23;230000;L;;Brasil;70;100;;editado;3600
1849;D;br_D_uberlandia;br_D_uberlandia|longatto;Alviverde Mineiro;Alviverde Mineiro;Felipe Teixeira;VOL;MID;11;24;240000;R;;Brasil;70;100;;editado;3600
1850;D;br_D_uberlandia;br_D_uberlandia|dasilva;Alviverde Mineiro;Alviverde Mineiro;Otávio Peixoto;PE;ATT;11;24;240000;R;;Brasil;70;100;;editado;3600
1851;D;br_D_uberlandia;br_D_uberlandia|luisfelipe;Alviverde Mineiro;Alviverde Mineiro;Lucas Freitas;LAD;DEF;10;24;190000;R;;Brasil;70;100;;editado;3000
1852;D;br_D_uberlandia;br_D_uberlandia|mendesdasilva;Alviverde Mineiro;Alviverde Mineiro;Fábio Costa;ZAG;DEF;10;24;190000;R;;Brasil;70;100;;editado;3000
1853;D;br_D_uberlandia;br_D_uberlandia|diegofumaca;Alviverde Mineiro;Alviverde Mineiro;Leandro Rodrigues;VOL;MID;10;33;150000;R;;Brasil;70;100;;editado;3000
1854;D;br_D_uberlandia;br_D_uberlandia|tomas;Alviverde Mineiro;Alviverde Mineiro;Alan Barbosa;VOL;MID;10;22;180000;R;;Brasil;70;100;;editado;3000
1855;D;br_D_uberlandia;br_D_uberlandia|carlosmiguel;Alviverde Mineiro;Alviverde Mineiro;Hugo Nunes;PD;ATT;10;21;180000;R;;Brasil;70;100;;editado;3000
1856;D;br_D_uberlandia;br_D_uberlandia|jonataspaulista;Alviverde Mineiro;Alviverde Mineiro;Fernando Rocha;MEI;MID;9;29;160000;R;;Brasil;70;100;;editado;2600
1857;D;br_D_uberlandia;br_D_uberlandia|dudualbaceta;Alviverde Mineiro;Alviverde Mineiro;Wesley Dias;CA;ATT;8;27;150000;L;;Brasil;70;100;;editado;2200
1858;D;br_D_uberlandia;br_D_uberlandia|renan;Alviverde Mineiro;Alviverde Mineiro;Escorpião;GOL;GK;7;26;130000;R;;Brasil;70;100;;editado;1800
1859;D;br_D_uberlandia;br_D_uberlandia|ribeirofernando;Alviverde Mineiro;Alviverde Mineiro;Carlos Oliveira;ZAG;DEF;7;29;120000;L;;Brasil;70;100;;editado;1800
1860;D;br_D_uberlandia;br_D_uberlandia|rafaelconceicao;Alviverde Mineiro;Alviverde Mineiro;Felipe Xavier;MEI;MID;7;27;130000;R;;Brasil;70;100;;editado;1800
1861;D;br_D_uberlandia;br_D_uberlandia|jaco;Alviverde Mineiro;Alviverde Mineiro;Pedro Rocha;SA;ATT;7;27;130000;R;;Brasil;70;100;;editado;1800
1862;D;br_D_veloclube;br_D_veloclube|carloshenrique;Galo Rubro-Verde;Galo Rubro-Verde;Diego Souza;ZAG;DEF;12;21;270000;L;;Brasil;70;100;;editado;4200
1863;D;br_D_veloclube;br_D_veloclube|mateusnorton;Galo Rubro-Verde;Galo Rubro-Verde;Márcio Guimarães;MEI;MID;12;29;270000;R;;Brasil;70;100;;editado;4200
1864;D;br_D_veloclube;br_D_veloclube|lucasdunidelima;Galo Rubro-Verde;Galo Rubro-Verde;Everton Cardoso;PE;ATT;12;20;260000;R;;Brasil;70;100;;editado;4200
1865;D;br_D_veloclube;br_D_veloclube|ruancostasouza;Galo Rubro-Verde;Galo Rubro-Verde;Felipe Gomes;ZAG;DEF;11;32;190000;R;;Brasil;70;100;;editado;3600
1866;D;br_D_veloclube;br_D_veloclube|thiagofernandes;Galo Rubro-Verde;Galo Rubro-Verde;Elias Moreira;ZAG;DEF;11;32;190000;R;;Brasil;70;100;;editado;3600
1867;D;br_D_veloclube;br_D_veloclube|robertobaggio;Galo Rubro-Verde;Galo Rubro-Verde;Ricardo Monteiro;VOL;MID;11;24;240000;R;;Brasil;70;100;;editado;3600
1868;D;br_D_veloclube;br_D_veloclube|andersonrecife;Galo Rubro-Verde;Galo Rubro-Verde;Igor Araújo;MEI;MID;11;22;230000;R;;Brasil;70;100;;editado;3600
1869;D;br_D_veloclube;br_D_veloclube|sillas;Galo Rubro-Verde;Galo Rubro-Verde;Alex Araújo;PD;ATT;11;24;240000;R;;Brasil;70;100;;editado;3600
1870;D;br_D_veloclube;br_D_veloclube|fernancovictorvitinho;Galo Rubro-Verde;Galo Rubro-Verde;Pedro Cavalcanti;PE;ATT;11;26;250000;R;;Brasil;70;100;;editado;3600
1871;D;br_D_veloclube;br_D_veloclube|felipepacajus;Galo Rubro-Verde;Galo Rubro-Verde;Júlio Teixeira;LAE;DEF;10;24;190000;R;;Brasil;70;100;;editado;3000
1872;D;br_D_veloclube;br_D_veloclube|lucasmingoti;Galo Rubro-Verde;Galo Rubro-Verde;Matheus Ribeiro;LAD;DEF;10;33;150000;R;;Brasil;70;100;;editado;3000
1873;D;br_D_veloclube;br_D_veloclube|flaviosouza;Galo Rubro-Verde;Galo Rubro-Verde;Leandro Gomes;SA;ATT;10;33;150000;R;;Brasil;70;100;;editado;3000
1874;D;br_D_veloclube;br_D_veloclube|leosteffen;Galo Rubro-Verde;Galo Rubro-Verde;Leandro Barbosa;GOL;GK;9;21;160000;L;;Brasil;70;100;;editado;2600
1875;D;br_D_veloclube;br_D_veloclube|josue;Galo Rubro-Verde;Galo Rubro-Verde;Wellington Moreira;LAD;DEF;9;32;140000;R;;Brasil;70;100;;editado;2600
1876;D;br_D_veloclube;br_D_veloclube|matheusfirmino;Galo Rubro-Verde;Galo Rubro-Verde;Francisco Nascimento;CA;ATT;9;23;160000;R;;Brasil;70;100;;editado;2600
1877;D;br_D_veloclube;br_D_veloclube|jhoninha;Galo Rubro-Verde;Galo Rubro-Verde;Cleiton Melo;CA;ATT;9;33;130000;R;;Brasil;70;100;;editado;2600
1878;D;br_D_veloclube;br_D_veloclube|timbo;Galo Rubro-Verde;Galo Rubro-Verde;Emerson Oliveira;ZAG;DEF;8;21;140000;R;;Brasil;70;100;;editado;2200
1879;D;br_D_veloclube;br_D_veloclube|joaoigor;Galo Rubro-Verde;Galo Rubro-Verde;Jonathan Bezerra;VOL;MID;8;24;140000;R;;Brasil;70;100;;editado;2200
1880;D;br_D_veloclube;br_D_veloclube|paulovitor;Galo Rubro-Verde;Galo Rubro-Verde;Pedro Xavier;GOL;GK;7;33;90000;L;;Brasil;70;100;;editado;1800
1881;D;br_D_veloclube;br_D_veloclube|gabrielcanela;Galo Rubro-Verde;Galo Rubro-Verde;Diego Xavier;MC;MID;7;22;120000;R;;Brasil;70;100;;editado;1800
1882;D;br_D_xvdepiracicaba;br_D_xvdepiracicaba|davidribeiro;Quinzão Alvinegro;Quinzão Alvinegro;Júlio Moreira;PD;ATT;12;30;260000;R;;Brasil;70;100;;editado;4200
1883;D;br_D_xvdepiracicaba;br_D_xvdepiracicaba|henry;Quinzão Alvinegro;Quinzão Alvinegro;Alan Pinto;CA;ATT;12;22;270000;R;;Brasil;70;100;;editado;4200
1884;D;br_D_xvdepiracicaba;br_D_xvdepiracicaba|thalesoleques;Quinzão Alvinegro;Quinzão Alvinegro;Vinícius Rocha;LAE;DEF;11;21;220000;L;;Brasil;70;100;;editado;3600
1885;D;br_D_xvdepiracicaba;br_D_xvdepiracicaba|carlosmanuel;Quinzão Alvinegro;Quinzão Alvinegro;Emerson Andrade;VOL;MID;11;26;250000;R;;Brasil;70;100;;editado;3600
1886;D;br_D_xvdepiracicaba;br_D_xvdepiracicaba|erickbessa;Quinzão Alvinegro;Quinzão Alvinegro;Raimundo Rodrigues;PE;ATT;11;20;220000;L;;Brasil;70;100;;editado;3600
1887;D;br_D_xvdepiracicaba;br_D_xvdepiracicaba|serginho;Quinzão Alvinegro;Quinzão Alvinegro;Trovão;VOL;MID;10;31;160000;R;;Brasil;70;100;;editado;3000
1888;D;br_D_xvdepiracicaba;br_D_xvdepiracicaba|leosantos;Quinzão Alvinegro;Quinzão Alvinegro;Júlio Nunes;SA;ATT;10;26;200000;R;;Brasil;70;100;;editado;3000
1889;D;br_D_xvdepiracicaba;br_D_xvdepiracicaba|paulomarcelo;Quinzão Alvinegro;Quinzão Alvinegro;Paulo Bezerra;PE;ATT;10;26;200000;R;;Brasil;70;100;;editado;3000
1890;D;br_D_xvdepiracicaba;br_D_xvdepiracicaba|joaovictor;Quinzão Alvinegro;Quinzão Alvinegro;Fernando Moreira;ZAG;DEF;9;20;150000;R;;Brasil;70;100;;editado;2600
1891;D;br_D_xvdepiracicaba;br_D_xvdepiracicaba|renna;Quinzão Alvinegro;Quinzão Alvinegro;Tiago Barbosa;LAD;DEF;9;26;170000;L;;Brasil;70;100;;editado;2600
1892;D;br_D_xvdepiracicaba;br_D_xvdepiracicaba|richardalmeyda;Quinzão Alvinegro;Quinzão Alvinegro;Ligeiro;MEI;MID;9;28;170000;R;;Brasil;70;100;;editado;2600
1893;D;br_D_xvdepiracicaba;br_D_xvdepiracicaba|victorgolas;Quinzão Alvinegro;Quinzão Alvinegro;Sombra;GOL;GK;8;23;140000;R;;Brasil;70;100;;editado;2200
1894;D;br_D_xvdepiracicaba;br_D_xvdepiracicaba|gabrieloliveira;Quinzão Alvinegro;Quinzão Alvinegro;Leandro Costa;ZAG;DEF;8;21;140000;R;;Brasil;70;100;;editado;2200
1895;D;br_D_xvdepiracicaba;br_D_xvdepiracicaba|kuhngustavo;Quinzão Alvinegro;Quinzão Alvinegro;Wellington Ferreira;ZAG;DEF;7;25;120000;R;;Brasil;70;100;;editado;1800
1896;D;br_D_xvdepiracicaba;br_D_xvdepiracicaba|duduvieira;Quinzão Alvinegro;Quinzão Alvinegro;Márcio Bezerra;MC;MID;7;24;120000;R;;Brasil;70;100;;editado;1800
1897;D;br_D_xvdepiracicaba;br_D_xvdepiracicaba|antoniogabriel;Quinzão Alvinegro;Quinzão Alvinegro;Hugo Cavalcanti;CA;ATT;7;23;120000;L;;Brasil;70;100;;editado;1800
1898;D;br_D_xvdepiracicaba;br_D_xvdepiracicaba|kaiqueoliveira;Quinzão Alvinegro;Quinzão Alvinegro;Rafael Oliveira;MC;MID;7;21;110000;L;;Brasil;70;100;;editado;1800
1899;D;br_D_xvdepiracicaba;br_D_xvdepiracicaba|tiagodias;Quinzão Alvinegro;Quinzão Alvinegro;Diego Farias;GOL;GK;7;21;110000;R;;Brasil;70;100;;editado;1800
1900;D;br_D_xvdepiracicaba;br_D_xvdepiracicaba|vitorribeiro;Quinzão Alvinegro;Quinzão Alvinegro;André Pinto;ZAG;DEF;6;24;100000;R;;Brasil;70;100;;editado;1400
1901;D;br_D_xvdepiracicaba;br_D_xvdepiracicaba|otavionascimento;Quinzão Alvinegro;Quinzão Alvinegro;Titio;MC;MID;6;21;90000;R;;Brasil;70;100;;editado;1400
